Date,City,AQI,PM2.5,PM10,NO2,SO2,CO,O3,Temperature,Humidity,WindSpeed
2020-01-01,Kolkata,127.45,57.98,83.87,19.3,8.9,7.07,16.87,27.69,63.18,11.15
2020-01-02,Kolkata,117.09,44.16,80.79,18.16,13.52,5.17,20.99,25.77,57.09,6.55
2020-01-03,Kolkata,128.03,49.61,80.21,20.77,9.1,6.38,23.93,30.53,62.87,8.11
2020-01-04,Kolkata,140.32,56.73,89.1,17.98,10.71,5.35,18.44,27.46,58.62,12.72
2020-01-05,Kolkata,113.13,39.12,56.16,17.64,11.14,7.34,11.74,28.92,61.18,7.48
2020-01-06,Kolkata,112.29,49.33,72.59,12.11,11.94,6.99,10.97,27.05,64.19,8.78
2020-01-07,Kolkata,138.65,52.71,77.82,20.72,13.44,7.48,15.16,28.35,47.82,11.45
2020-01-08,Kolkata,125.64,41.56,72.49,15.49,7.46,7.44,13.21,27.24,62.17,9.43
2020-01-09,Kolkata,106.25,42.89,53.49,18.93,7.51,3.76,11.04,30.88,67.0,6.95
2020-01-10,Kolkata,120.6,46.49,69.79,24.32,10.41,6.46,18.59,27.26,61.79,7.41
2020-01-11,Kolkata,104.68,41.52,62.51,17.89,8.48,5.97,12.24,26.95,53.43,10.75
2020-01-12,Kolkata,103.82,43.26,70.28,6.88,12.48,5.05,16.89,23.76,66.83,4.84
2020-01-13,Kolkata,113.61,42.33,83.48,16.47,9.52,6.55,15.62,27.5,65.93,15.21
2020-01-14,Kolkata,80.46,31.9,49.89,15.22,8.65,5.21,12.21,23.79,72.61,4.56
2020-01-15,Kolkata,82.47,34.5,43.45,12.18,7.26,4.44,11.58,32.23,67.04,7.27
2020-01-16,Kolkata,99.1,44.46,68.97,11.18,9.12,5.66,10.7,31.68,64.36,8.38
2020-01-17,Kolkata,91.53,35.75,55.04,10.44,4.44,6.17,7.6,24.75,54.67,6.08
2020-01-18,Kolkata,110.63,37.64,79.51,19.62,7.47,7.78,17.2,26.91,53.27,14.87
2020-01-19,Kolkata,91.49,29.65,41.73,16.79,12.2,5.96,13.23,29.83,70.37,10.28
2020-01-20,Kolkata,83.13,34.66,50.71,12.28,5.14,3.88,3.2,27.92,61.48,4.69
2020-01-21,Kolkata,125.51,51.1,86.44,21.58,6.9,5.29,18.82,25.43,65.63,9.65
2020-01-22,Kolkata,99.35,34.9,60.45,10.9,6.75,5.29,5.55,29.86,66.98,9.66
2020-01-23,Kolkata,102.97,42.31,72.69,15.82,7.38,5.27,14.53,28.84,67.6,5.89
2020-01-24,Kolkata,79.81,28.61,36.66,17.22,3.9,3.3,6.7,31.54,66.24,11.74
2020-01-25,Kolkata,92.24,33.53,57.58,11.33,11.67,3.42,12.31,30.92,70.1,7.44
2020-01-26,Kolkata,101.3,39.87,61.13,14.75,10.03,7.28,9.93,25.06,67.9,15.74
2020-01-27,Kolkata,81.62,28.63,62.08,17.28,5.42,4.65,16.31,28.19,67.64,6.25
2020-01-28,Kolkata,103.76,36.43,57.06,11.89,8.37,4.42,13.39,24.81,70.62,10.5
2020-01-29,Kolkata,88.37,25.38,56.02,16.94,4.65,6.09,12.28,27.52,68.99,9.67
2020-01-30,Kolkata,92.27,37.29,59.67,11.08,7.72,3.2,10.63,27.08,65.9,11.71
2020-01-31,Kolkata,86.89,40.21,57.0,9.76,6.32,5.56,10.99,36.9,71.84,8.58
2020-02-01,Kolkata,122.97,47.64,74.85,17.99,11.25,7.11,11.61,26.09,60.99,9.52
2020-02-02,Kolkata,94.27,32.19,39.34,15.31,12.53,4.71,14.67,30.48,69.97,10.76
2020-02-03,Kolkata,77.89,29.71,48.88,12.65,4.9,4.89,8.65,28.11,73.44,5.3
2020-02-04,Kolkata,105.4,42.3,63.16,19.07,9.38,5.24,15.92,34.69,73.84,8.03
2020-02-05,Kolkata,74.05,23.06,35.91,10.19,4.71,3.52,9.11,32.26,70.98,9.46
2020-02-06,Kolkata,94.81,38.25,41.08,11.4,7.3,3.53,13.78,35.4,77.71,7.36
2020-02-07,Kolkata,61.61,32.1,38.15,8.23,3.7,2.78,5.84,31.46,72.7,8.01
2020-02-08,Kolkata,70.41,30.35,51.77,13.41,2.66,0.97,12.19,26.98,71.05,4.49
2020-02-09,Kolkata,92.63,28.04,59.91,16.17,6.26,2.04,8.93,32.4,65.05,8.55
2020-02-10,Kolkata,100.11,39.97,64.7,15.37,6.06,6.2,11.38,31.27,68.04,6.67
2020-02-11,Kolkata,90.96,31.96,53.19,18.78,4.53,2.93,16.8,30.86,69.63,11.12
2020-02-12,Kolkata,86.02,31.38,66.22,14.94,5.91,6.46,7.9,33.84,74.73,11.91
2020-02-13,Kolkata,82.62,40.86,49.83,10.13,7.53,3.45,17.97,32.15,71.66,8.55
2020-02-14,Kolkata,64.35,19.0,30.84,13.25,3.83,2.17,9.87,35.43,77.34,10.99
2020-02-15,Kolkata,75.13,26.27,33.7,15.77,5.36,3.51,14.33,33.66,76.27,14.5
2020-02-16,Kolkata,78.43,28.15,54.48,11.94,6.81,5.45,11.44,33.73,79.6,6.91
2020-02-17,Kolkata,100.61,36.05,52.01,9.19,12.16,3.93,11.19,31.41,76.01,10.45
2020-02-18,Kolkata,89.34,40.04,48.94,12.9,7.71,4.22,17.15,33.83,78.38,9.99
2020-02-19,Kolkata,57.19,28.74,35.76,4.69,5.37,2.21,4.75,34.23,81.13,8.06
2020-02-20,Kolkata,87.95,36.72,66.39,13.91,12.24,4.96,3.51,34.84,77.07,11.87
2020-02-21,Kolkata,76.77,34.08,44.96,7.84,5.72,2.99,6.89,34.46,83.74,9.18
2020-02-22,Kolkata,71.87,22.77,46.68,14.37,4.53,3.46,8.68,30.45,78.85,7.64
2020-02-23,Kolkata,90.69,38.37,47.31,12.29,8.7,4.16,17.79,31.71,76.94,10.8
2020-02-24,Kolkata,96.48,31.5,43.8,9.89,10.24,4.27,21.81,31.32,76.95,12.63
2020-02-25,Kolkata,94.49,47.83,73.19,17.8,9.61,5.32,14.45,31.46,72.14,7.99
2020-02-26,Kolkata,67.46,26.13,36.85,12.21,7.31,3.46,14.01,29.79,75.46,5.85
2020-02-27,Kolkata,74.94,20.64,44.3,10.88,9.02,4.38,4.9,38.87,82.73,9.75
2020-02-28,Kolkata,84.1,32.51,42.78,11.5,8.91,6.09,16.26,31.94,71.21,8.42
2020-02-29,Kolkata,93.32,28.49,58.58,13.56,6.53,3.07,13.25,31.9,71.15,0.62
2020-03-01,Kolkata,71.07,28.29,56.82,15.64,4.77,2.95,10.4,30.59,78.68,10.3
2020-03-02,Kolkata,75.06,36.16,44.24,10.65,4.25,2.93,8.1,34.78,81.92,5.59
2020-03-03,Kolkata,60.85,31.8,34.34,9.06,3.37,0.62,10.84,35.97,76.11,8.2
2020-03-04,Kolkata,59.11,26.23,22.97,7.28,6.32,1.7,8.27,29.77,80.01,7.89
2020-03-05,Kolkata,88.87,27.47,62.64,11.13,5.49,4.64,15.26,30.87,78.15,9.29
2020-03-06,Kolkata,96.66,42.13,59.41,13.4,6.08,4.92,7.31,25.23,80.18,10.71
2020-03-07,Kolkata,74.89,18.14,36.86,13.09,10.11,3.77,6.07,33.52,85.01,6.06
2020-03-08,Kolkata,90.69,32.28,50.55,10.74,7.5,6.16,12.17,33.38,76.82,3.31
2020-03-09,Kolkata,80.74,36.71,47.82,11.57,12.85,4.34,6.68,32.93,84.16,8.34
2020-03-10,Kolkata,65.33,18.94,46.55,7.79,8.97,4.35,6.05,38.12,78.89,10.56
2020-03-11,Kolkata,80.13,34.48,41.31,10.09,8.47,3.67,8.0,31.47,80.79,14.19
2020-03-12,Kolkata,97.5,33.66,58.69,18.86,7.64,5.33,7.45,35.68,77.86,10.96
2020-03-13,Kolkata,73.62,35.39,64.89,12.78,6.54,3.88,7.42,35.47,77.43,8.51
2020-03-14,Kolkata,97.38,45.54,50.37,18.03,10.42,4.75,3.2,32.69,85.51,7.93
2020-03-15,Kolkata,34.37,8.75,16.59,7.68,3.84,1.48,2.66,33.39,74.51,12.85
2020-03-16,Kolkata,85.77,32.7,61.2,17.43,8.86,3.86,11.91,34.54,74.7,8.97
2020-03-17,Kolkata,74.54,23.92,54.22,9.79,6.37,4.01,7.91,36.42,76.94,10.61
2020-03-18,Kolkata,68.55,20.69,42.14,16.1,3.48,2.75,10.28,35.24,81.15,9.47
2020-03-19,Kolkata,74.23,32.87,53.42,12.36,5.46,4.38,16.51,34.34,74.61,11.32
2020-03-20,Kolkata,42.87,16.55,8.34,8.97,2.36,2.05,6.47,35.35,83.1,6.69
2020-03-21,Kolkata,69.24,30.26,39.47,12.6,6.77,2.53,12.65,33.21,83.67,9.1
2020-03-22,Kolkata,77.75,40.29,44.86,10.61,6.18,3.58,12.53,30.0,74.42,4.8
2020-03-23,Kolkata,94.44,42.53,70.35,13.85,7.22,4.79,15.98,32.09,80.94,10.93
2020-03-24,Kolkata,64.39,28.26,40.15,12.66,0.0,3.9,5.11,29.41,82.35,12.12
2020-03-25,Kolkata,59.94,23.29,43.59,13.83,7.43,4.64,10.16,35.15,71.83,7.26
2020-03-26,Kolkata,64.46,21.57,56.05,9.14,5.4,3.77,7.91,40.03,76.77,8.58
2020-03-27,Kolkata,85.66,30.55,40.83,11.01,6.78,3.85,7.51,30.74,79.5,3.49
2020-03-28,Kolkata,76.81,34.52,46.74,7.15,5.53,3.09,10.49,38.99,70.57,8.35
2020-03-29,Kolkata,63.89,24.76,43.71,10.22,3.61,2.88,4.48,38.21,80.08,13.7
2020-03-30,Kolkata,79.52,31.5,42.04,7.39,2.76,2.39,10.61,36.52,72.08,10.69
2020-03-31,Kolkata,73.27,26.89,45.13,15.83,7.66,3.39,5.23,28.54,76.4,7.37
2020-04-01,Kolkata,86.35,29.6,50.76,13.18,6.46,3.67,11.04,36.33,74.55,12.23
2020-04-02,Kolkata,61.31,24.03,36.94,11.32,5.37,4.02,8.51,33.16,81.81,4.57
2020-04-03,Kolkata,66.97,27.33,39.91,9.42,5.1,1.47,5.84,35.27,80.79,4.92
2020-04-04,Kolkata,66.05,32.75,32.7,12.82,6.14,2.66,15.03,31.41,84.57,11.0
2020-04-05,Kolkata,50.05,16.67,41.17,6.76,4.58,2.76,5.47,37.41,83.93,2.75
2020-04-06,Kolkata,76.53,37.13,32.62,14.58,8.38,2.74,7.54,31.65,78.86,7.08
2020-04-07,Kolkata,76.1,34.34,56.14,15.6,4.96,3.6,2.4,32.53,84.73,12.85
2020-04-08,Kolkata,72.37,22.78,38.68,10.78,6.35,2.81,10.38,33.51,79.79,9.64
2020-04-09,Kolkata,68.91,27.59,37.85,10.01,5.34,3.08,7.23,39.71,82.63,7.11
2020-04-10,Kolkata,51.34,24.02,28.13,11.22,4.85,2.46,7.95,30.17,74.14,4.42
2020-04-11,Kolkata,66.41,27.28,53.71,16.66,6.59,3.82,0.77,33.23,75.78,6.14
2020-04-12,Kolkata,67.75,26.26,36.88,4.23,6.92,2.31,9.09,41.05,75.06,0.41
2020-04-13,Kolkata,61.05,22.99,45.43,15.03,2.42,3.55,5.46,34.48,92.81,3.49
2020-04-14,Kolkata,70.86,29.61,46.26,13.89,5.86,3.85,6.94,35.57,77.8,9.86
2020-04-15,Kolkata,79.55,29.97,50.75,11.85,8.62,3.93,2.45,38.51,74.91,6.04
2020-04-16,Kolkata,102.02,37.83,72.21,8.9,14.44,6.16,13.13,34.51,80.79,9.56
2020-04-17,Kolkata,76.59,33.86,50.4,11.76,5.73,3.68,8.41,38.04,82.24,0.82
2020-04-18,Kolkata,78.09,34.51,48.41,11.66,5.47,5.03,13.16,32.27,81.21,5.09
2020-04-19,Kolkata,73.38,22.45,39.01,13.59,7.78,4.18,11.71,36.09,75.87,9.3
2020-04-20,Kolkata,46.0,22.4,33.63,10.47,5.1,2.65,9.8,34.4,74.56,7.51
2020-04-21,Kolkata,74.68,26.15,39.41,10.77,4.39,3.43,1.39,35.07,78.86,5.55
2020-04-22,Kolkata,76.3,33.82,53.28,6.62,4.58,3.05,5.4,36.86,77.77,7.21
2020-04-23,Kolkata,112.67,35.05,72.69,13.18,9.13,5.91,18.96,30.38,63.52,8.55
2020-04-24,Kolkata,73.18,38.27,53.82,11.61,4.87,4.47,4.89,35.67,81.01,11.18
2020-04-25,Kolkata,80.94,46.18,51.71,10.61,6.42,2.28,6.93,32.95,75.73,8.46
2020-04-26,Kolkata,76.27,26.4,54.73,11.44,6.08,3.49,9.77,36.58,73.88,6.03
2020-04-27,Kolkata,59.64,22.34,25.02,6.49,3.82,3.86,8.21,34.61,82.32,7.59
2020-04-28,Kolkata,94.71,39.84,56.0,15.0,6.41,2.3,10.83,38.23,82.55,10.9
2020-04-29,Kolkata,89.26,41.88,54.26,13.98,5.91,4.15,13.17,37.49,77.06,6.65
2020-04-30,Kolkata,90.26,36.11,58.97,9.21,2.63,3.96,5.95,32.28,76.86,6.64
2020-05-01,Kolkata,65.19,33.34,41.73,10.68,6.46,2.12,11.98,33.49,80.79,4.78
2020-05-02,Kolkata,100.32,32.36,66.74,16.18,6.22,4.15,16.54,30.06,85.48,5.3
2020-05-03,Kolkata,58.72,26.68,32.6,10.62,3.61,2.77,7.21,30.54,80.79,6.46
2020-05-04,Kolkata,89.02,34.47,45.46,5.67,6.74,6.86,13.82,33.39,75.59,8.07
2020-05-05,Kolkata,113.56,48.16,58.69,20.38,10.52,6.4,15.38,33.42,80.08,9.78
2020-05-06,Kolkata,66.34,24.77,35.22,10.26,8.41,2.08,2.09,33.76,76.78,8.52
2020-05-07,Kolkata,73.22,30.51,42.15,15.45,2.66,2.83,8.37,28.24,75.45,12.98
2020-05-08,Kolkata,83.73,33.6,52.08,8.78,5.47,3.81,8.78,36.91,78.92,4.67
2020-05-09,Kolkata,75.22,31.32,49.12,14.7,9.18,2.75,5.78,29.19,74.75,9.4
2020-05-10,Kolkata,60.06,28.96,35.43,8.05,5.11,2.17,15.57,28.03,76.64,14.07
2020-05-11,Kolkata,84.9,34.0,49.42,11.66,6.43,5.62,1.34,37.35,68.38,7.2
2020-05-12,Kolkata,68.51,25.26,45.82,5.48,6.41,5.45,2.77,33.21,71.97,9.28
2020-05-13,Kolkata,92.13,36.95,50.15,15.28,10.98,4.42,13.93,28.65,70.27,9.42
2020-05-14,Kolkata,71.83,36.15,45.94,9.83,5.74,2.34,11.04,35.06,72.56,6.59
2020-05-15,Kolkata,109.47,45.12,62.19,16.22,12.96,5.23,11.7,30.35,78.31,7.46
2020-05-16,Kolkata,75.09,26.79,55.62,15.52,4.81,1.89,13.04,30.12,78.31,2.09
2020-05-17,Kolkata,82.63,37.51,39.89,14.59,6.64,3.18,8.29,34.11,74.64,9.75
2020-05-18,Kolkata,100.3,50.0,47.67,19.9,8.23,4.12,6.71,31.37,78.47,7.62
2020-05-19,Kolkata,70.28,35.67,30.56,10.51,3.12,3.88,11.98,30.55,60.59,8.6
2020-05-20,Kolkata,92.81,39.31,58.92,17.63,5.28,5.32,15.91,26.34,74.96,6.49
2020-05-21,Kolkata,109.67,43.46,68.58,14.99,7.42,5.52,8.81,28.29,76.5,4.55
2020-05-22,Kolkata,66.63,29.98,43.68,4.82,3.97,4.53,4.07,30.03,75.15,10.35
2020-05-23,Kolkata,94.19,36.42,51.73,18.4,11.01,5.69,11.64,28.86,68.42,9.57
2020-05-24,Kolkata,96.01,40.5,68.82,16.35,4.67,5.85,7.53,30.0,73.56,13.99
2020-05-25,Kolkata,104.55,57.37,67.58,15.13,9.43,6.11,11.26,36.4,73.18,9.49
2020-05-26,Kolkata,74.98,33.32,48.36,13.76,4.76,3.19,4.6,32.2,75.65,9.37
2020-05-27,Kolkata,74.44,38.15,44.62,13.17,3.77,3.34,11.72,33.29,70.01,7.79
2020-05-28,Kolkata,102.81,33.53,58.83,18.09,9.38,5.64,12.54,30.62,67.89,10.1
2020-05-29,Kolkata,100.17,42.17,64.04,13.45,3.71,6.11,10.11,27.86,74.37,6.82
2020-05-30,Kolkata,100.22,45.39,65.07,17.08,5.29,6.22,13.07,29.2,71.33,2.67
2020-05-31,Kolkata,102.41,43.01,53.21,11.3,5.15,6.23,9.77,34.76,67.64,2.88
2020-06-01,Kolkata,87.78,29.53,62.55,12.7,5.93,4.55,12.54,33.36,77.27,6.92
2020-06-02,Kolkata,102.23,34.26,58.03,16.12,6.25,4.15,13.64,29.72,69.89,5.72
2020-06-03,Kolkata,103.92,40.42,54.96,18.26,10.38,3.35,8.75,25.22,66.17,7.75
2020-06-04,Kolkata,89.59,28.59,46.38,10.43,7.58,4.55,7.86,30.09,66.38,7.19
2020-06-05,Kolkata,129.08,60.0,88.17,15.46,11.99,7.27,10.9,31.86,76.5,4.63
2020-06-06,Kolkata,109.0,39.01,73.54,17.16,9.82,5.79,14.64,25.27,73.74,11.51
2020-06-07,Kolkata,84.82,32.78,50.55,8.13,7.81,4.81,9.93,32.47,66.52,9.69
2020-06-08,Kolkata,113.35,40.24,67.82,16.48,9.52,5.3,13.08,31.41,65.69,3.18
2020-06-09,Kolkata,89.69,44.63,64.87,9.58,8.55,3.98,11.82,29.66,66.38,5.65
2020-06-10,Kolkata,116.94,43.32,62.83,15.05,9.22,5.13,16.76,33.08,64.33,8.72
2020-06-11,Kolkata,123.34,51.83,77.78,18.73,11.35,6.65,9.85,31.06,71.35,5.71
2020-06-12,Kolkata,94.48,37.98,62.15,13.54,9.7,7.09,8.19,24.15,68.11,10.16
2020-06-13,Kolkata,122.08,47.68,84.87,14.3,11.15,5.5,21.53,34.11,62.43,6.35
2020-06-14,Kolkata,114.66,50.16,65.7,17.06,9.22,3.81,13.7,25.9,63.47,12.33
2020-06-15,Kolkata,121.64,42.37,79.49,17.41,9.17,6.87,15.96,29.51,70.45,7.01
2020-06-16,Kolkata,138.61,52.38,74.48,18.32,16.99,8.18,11.23,23.67,67.68,9.64
2020-06-17,Kolkata,107.33,45.68,62.36,15.72,9.24,5.45,4.0,26.78,60.68,8.53
2020-06-18,Kolkata,100.56,55.15,63.28,14.14,9.89,5.51,13.75,29.12,74.89,4.61
2020-06-19,Kolkata,99.38,42.12,52.22,16.57,6.11,4.55,10.75,30.06,68.86,4.26
2020-06-20,Kolkata,101.35,40.81,55.13,11.43,7.67,4.76,21.87,28.27,57.05,6.31
2020-06-21,Kolkata,113.3,50.42,84.68,12.24,5.3,7.54,15.15,24.19,66.27,0.09
2020-06-22,Kolkata,120.44,48.19,74.88,20.84,7.61,6.11,10.75,27.39,58.78,6.78
2020-06-23,Kolkata,120.34,43.16,77.41,20.63,9.16,6.06,8.65,25.56,62.66,15.86
2020-06-24,Kolkata,129.47,46.23,89.4,22.41,10.92,8.23,17.02,27.45,62.31,11.67
2020-06-25,Kolkata,118.13,52.74,65.87,13.76,9.04,5.11,13.92,29.83,59.95,7.87
2020-06-26,Kolkata,140.62,56.54,91.16,14.35,10.04,7.24,21.67,24.47,52.51,9.86
2020-06-27,Kolkata,115.72,43.11,59.92,15.49,8.89,5.18,5.06,28.47,67.92,9.95
2020-06-28,Kolkata,161.37,58.86,95.21,24.19,14.11,8.74,16.43,25.85,63.49,12.37
2020-06-29,Kolkata,130.83,55.86,84.81,19.88,13.29,6.95,12.26,29.64,64.35,6.67
2020-06-30,Kolkata,109.47,41.39,68.06,17.81,9.15,5.78,19.94,28.47,61.47,10.82
2020-07-01,Kolkata,107.15,37.7,67.47,21.5,8.14,4.51,10.25,21.82,56.25,6.89
2020-07-02,Kolkata,131.33,45.5,78.92,22.41,8.69,8.09,17.8,28.01,56.54,10.56
2020-07-03,Kolkata,121.62,43.19,80.09,18.76,10.84,4.91,11.01,26.53,54.74,9.39
2020-07-04,Kolkata,136.56,47.79,88.72,16.79,12.03,7.45,13.6,26.32,60.44,6.38
2020-07-05,Kolkata,133.83,48.49,64.6,21.12,7.58,6.79,15.01,26.44,57.29,7.01
2020-07-06,Kolkata,126.52,54.27,78.59,19.93,11.06,4.79,18.21,26.06,53.37,7.27
2020-07-07,Kolkata,115.78,46.12,68.39,18.37,12.13,6.87,8.65,25.92,64.75,9.16
2020-07-08,Kolkata,106.64,48.11,80.08,19.07,9.03,6.38,13.38,23.96,56.01,12.69
2020-07-09,Kolkata,123.54,45.32,86.38,20.03,7.08,6.54,6.42,25.59,61.85,6.22
2020-07-10,Kolkata,143.96,58.2,102.01,20.08,9.4,8.68,25.13,23.55,62.14,12.02
2020-07-11,Kolkata,135.19,50.36,77.23,23.97,14.19,7.32,12.7,29.33,54.09,6.99
2020-07-12,Kolkata,114.16,47.38,80.93,19.69,9.96,6.17,13.87,24.88,43.76,7.11
2020-07-13,Kolkata,136.31,55.73,72.58,21.61,10.5,8.57,22.65,21.64,55.31,7.78
2020-07-14,Kolkata,140.36,53.88,85.77,18.78,8.97,7.64,19.36,20.45,60.21,6.11
2020-07-15,Kolkata,122.18,50.14,79.87,18.23,10.68,5.59,13.88,22.08,51.66,7.47
2020-07-16,Kolkata,138.6,47.7,79.23,19.93,10.58,6.69,16.38,23.97,59.43,6.05
2020-07-17,Kolkata,138.02,49.19,74.47,19.24,10.34,6.13,11.38,20.99,55.63,9.79
2020-07-18,Kolkata,120.85,45.55,69.2,15.35,9.6,5.19,16.79,16.84,52.6,8.9
2020-07-19,Kolkata,144.2,58.6,108.07,22.68,9.53,7.11,10.2,21.79,49.9,10.75
2020-07-20,Kolkata,148.09,56.49,87.92,20.31,15.32,7.08,25.1,24.31,56.15,9.11
2020-07-21,Kolkata,156.76,64.67,78.63,22.68,14.23,7.79,13.19,21.55,61.93,11.74
2020-07-22,Kolkata,157.15,62.55,101.9,22.47,9.16,6.93,25.11,20.72,51.87,7.1
2020-07-23,Kolkata,121.5,58.12,85.91,24.88,9.4,6.37,8.51,25.81,46.93,8.65
2020-07-24,Kolkata,128.92,46.08,72.64,16.83,9.1,5.91,13.28,23.72,46.92,8.66
2020-07-25,Kolkata,151.53,66.7,86.81,20.57,11.66,8.76,18.96,19.47,54.55,4.69
2020-07-26,Kolkata,152.31,64.33,94.66,21.92,10.51,6.73,20.42,24.59,48.63,9.38
2020-07-27,Kolkata,153.14,50.82,87.2,22.88,10.43,6.72,15.71,21.63,50.56,1.29
2020-07-28,Kolkata,204.0,71.0,117.54,31.97,10.82,9.7,22.37,24.76,49.26,9.15
2020-07-29,Kolkata,155.56,62.93,76.29,25.64,12.88,8.29,34.37,14.19,59.51,7.14
2020-07-30,Kolkata,164.81,67.36,98.52,23.45,12.05,8.57,13.71,22.54,48.5,4.61
2020-07-31,Kolkata,162.86,62.9,107.78,22.82,13.75,7.41,22.58,22.19,59.52,7.47
2020-08-01,Kolkata,159.09,66.98,96.24,27.75,11.29,8.7,18.31,19.8,50.43,8.76
2020-08-02,Kolkata,145.35,57.56,88.93,26.54,13.6,8.14,15.62,17.17,54.46,10.63
2020-08-03,Kolkata,162.22,72.25,92.5,23.64,9.7,7.72,23.45,18.29,52.59,7.43
2020-08-04,Kolkata,139.99,57.62,74.81,21.25,5.22,6.81,10.28,23.17,52.98,9.4
2020-08-05,Kolkata,148.77,67.11,81.67,27.56,13.77,7.2,22.39,16.09,44.69,6.17
2020-08-06,Kolkata,145.77,55.66,79.01,25.53,11.14,7.64,15.21,13.8,49.87,2.26
2020-08-07,Kolkata,155.0,61.66,82.05,29.21,14.22,7.86,23.65,16.58,50.96,8.6
2020-08-08,Kolkata,189.2,77.0,123.7,30.58,15.71,7.81,18.86,18.62,48.43,4.61
2020-08-09,Kolkata,127.18,62.93,88.44,20.88,10.32,6.15,11.45,19.08,48.98,4.27
2020-08-10,Kolkata,166.17,68.14,98.46,19.2,11.57,7.89,27.49,20.38,40.75,9.46
2020-08-11,Kolkata,132.37,45.21,88.08,18.44,10.4,7.94,10.74,14.39,44.24,11.12
2020-08-12,Kolkata,150.16,52.47,67.44,21.17,13.12,8.71,16.17,17.21,52.67,2.39
2020-08-13,Kolkata,174.24,67.75,106.07,27.48,12.92,8.75,10.96,16.34,48.91,5.05
2020-08-14,Kolkata,159.52,64.1,99.29,22.9,13.1,7.01,18.32,20.02,47.17,6.24
2020-08-15,Kolkata,143.04,58.34,91.54,15.31,13.76,6.82,18.87,21.66,39.28,5.87
2020-08-16,Kolkata,149.11,58.2,83.2,27.57,10.22,6.9,18.71,14.34,43.91,8.95
2020-08-17,Kolkata,170.66,66.6,101.65,24.01,10.62,8.85,27.5,17.88,46.77,10.08
2020-08-18,Kolkata,150.12,53.7,103.69,23.13,15.27,6.77,25.29,20.03,48.17,8.7
2020-08-19,Kolkata,164.93,64.73,108.56,25.16,9.26,7.13,19.05,18.52,44.89,11.66
2020-08-20,Kolkata,162.96,55.43,98.92,18.99,14.56,8.05,21.23,14.88,51.34,11.13
2020-08-21,Kolkata,153.08,64.15,90.81,24.7,10.83,8.51,24.97,20.57,41.07,9.08
2020-08-22,Kolkata,195.58,71.77,121.93,30.69,11.91,8.62,22.34,16.35,38.45,9.17
2020-08-23,Kolkata,173.49,70.65,102.54,23.76,15.98,10.33,18.88,15.31,46.74,6.93
2020-08-24,Kolkata,134.15,52.96,86.41,14.39,13.37,6.78,14.45,16.77,43.89,2.81
2020-08-25,Kolkata,167.86,74.62,101.05,26.51,15.33,7.37,22.04,16.13,48.1,1.62
2020-08-26,Kolkata,155.66,61.77,88.57,24.65,13.39,7.08,15.83,16.5,39.19,10.53
2020-08-27,Kolkata,178.88,69.71,84.07,25.71,12.23,7.31,16.52,17.06,50.12,8.94
2020-08-28,Kolkata,154.71,58.85,96.47,21.83,10.99,6.58,11.56,15.47,44.07,7.71
2020-08-29,Kolkata,165.36,64.06,91.65,26.63,10.59,9.04,15.83,14.29,35.76,6.5
2020-08-30,Kolkata,175.13,74.93,109.2,29.2,15.05,7.65,19.69,14.12,49.57,4.41
2020-08-31,Kolkata,181.0,76.87,115.75,32.64,13.66,9.76,30.85,14.52,35.06,2.36
2020-09-01,Kolkata,150.46,63.75,75.21,21.45,12.91,7.71,19.76,16.95,48.96,5.14
2020-09-02,Kolkata,163.88,62.17,92.15,27.07,14.91,8.65,24.4,12.67,50.74,12.57
2020-09-03,Kolkata,162.2,68.56,111.57,19.36,11.93,7.37,22.35,12.97,46.03,12.11
2020-09-04,Kolkata,159.93,67.45,98.23,21.03,11.1,9.25,22.31,15.92,39.99,1.92
2020-09-05,Kolkata,196.61,73.29,133.26,25.65,16.11,10.84,18.57,16.52,46.62,8.04
2020-09-06,Kolkata,176.58,84.98,92.6,29.66,13.78,9.6,22.96,13.69,42.93,2.43
2020-09-07,Kolkata,151.97,63.8,93.56,24.71,14.27,7.97,18.83,13.18,38.09,11.56
2020-09-08,Kolkata,185.0,81.18,109.1,27.89,12.99,10.42,24.86,21.58,37.12,6.87
2020-09-09,Kolkata,203.41,82.52,127.22,29.86,14.53,11.05,27.29,12.94,48.16,11.51
2020-09-10,Kolkata,187.39,75.63,113.07,29.77,13.27,9.4,13.88,18.26,33.45,12.51
2020-09-11,Kolkata,149.43,58.12,87.96,20.53,11.38,8.89,7.98,19.4,42.83,4.38
2020-09-12,Kolkata,165.25,60.73,112.56,21.95,10.91,9.4,21.18,12.7,42.12,4.92
2020-09-13,Kolkata,191.81,82.23,123.58,30.37,16.07,11.35,23.02,11.92,43.17,14.26
2020-09-14,Kolkata,162.46,59.91,94.58,25.62,12.89,7.14,23.98,22.37,41.81,5.29
2020-09-15,Kolkata,179.99,64.25,110.06,30.31,15.35,9.0,19.24,12.09,44.9,10.74
2020-09-16,Kolkata,185.2,66.35,123.84,29.5,17.61,7.92,16.76,14.87,43.16,13.39
2020-09-17,Kolkata,159.9,67.49,94.0,20.91,15.25,7.03,25.7,14.43,48.51,10.04
2020-09-18,Kolkata,173.13,68.57,99.72,24.95,14.71,8.73,18.4,14.74,40.87,1.61
2020-09-19,Kolkata,125.6,52.53,67.52,15.38,6.67,4.49,9.65,13.08,50.17,6.42
2020-09-20,Kolkata,159.04,64.5,98.63,24.25,12.57,6.76,24.89,20.59,31.93,4.93
2020-09-21,Kolkata,170.79,66.92,94.76,27.14,12.21,10.7,25.26,15.78,45.42,11.32
2020-09-22,Kolkata,156.02,59.59,87.08,23.64,14.2,7.94,12.41,12.7,39.86,7.77
2020-09-23,Kolkata,199.36,89.61,108.53,31.42,18.93,12.24,22.31,16.56,43.03,8.59
2020-09-24,Kolkata,153.55,60.93,95.62,15.44,13.65,7.8,17.54,21.21,36.76,6.79
2020-09-25,Kolkata,168.51,77.36,94.45,23.63,13.19,9.27,21.05,11.17,37.44,6.18
2020-09-26,Kolkata,177.17,70.48,109.71,27.83,10.62,9.92,22.27,19.19,42.29,11.3
2020-09-27,Kolkata,196.91,81.1,128.92,31.1,15.56,12.12,27.19,16.74,33.66,4.14
2020-09-28,Kolkata,153.83,62.99,93.46,21.23,12.59,9.28,21.24,11.59,39.46,5.59
2020-09-29,Kolkata,192.86,75.21,112.41,27.5,12.92,9.52,20.9,6.22,50.27,11.27
2020-09-30,Kolkata,175.61,68.36,105.52,22.83,17.44,10.68,21.7,18.07,40.88,3.99
2020-10-01,Kolkata,160.76,62.24,97.51,22.75,12.42,7.95,18.97,15.16,34.7,5.85
2020-10-02,Kolkata,182.42,66.55,117.27,21.05,16.9,10.51,20.68,7.19,38.2,7.81
2020-10-03,Kolkata,178.47,66.33,102.96,31.36,15.61,8.0,15.03,14.03,38.95,9.49
2020-10-04,Kolkata,166.46,63.91,103.97,30.77,14.95,8.27,19.24,13.95,45.93,6.12
2020-10-05,Kolkata,176.47,70.82,106.29,24.97,11.37,9.15,20.93,16.53,37.39,11.66
2020-10-06,Kolkata,169.6,63.45,115.45,20.2,14.44,8.96,17.17,16.31,46.48,1.35
2020-10-07,Kolkata,177.01,73.32,86.26,23.66,17.42,8.27,16.55,14.46,50.46,2.5
2020-10-08,Kolkata,185.16,68.81,123.08,33.35,14.61,8.02,30.6,19.86,43.55,5.56
2020-10-09,Kolkata,198.93,79.33,118.07,30.83,18.82,10.83,19.56,19.23,41.77,10.06
2020-10-10,Kolkata,156.46,69.92,84.98,23.36,11.45,6.26,20.16,22.66,31.05,7.9
2020-10-11,Kolkata,206.9,85.96,125.12,30.7,13.95,10.58,21.8,8.59,46.28,10.88
2020-10-12,Kolkata,145.48,58.45,89.12,25.05,12.09,8.18,16.27,19.12,41.98,8.58
2020-10-13,Kolkata,172.34,62.58,105.7,23.35,12.51,7.8,16.42,21.6,47.1,13.76
2020-10-14,Kolkata,183.27,67.19,110.53,23.61,13.27,8.25,26.95,14.07,45.86,9.81
2020-10-15,Kolkata,178.48,82.91,95.25,30.55,16.57,7.95,25.45,16.31,39.46,5.53
2020-10-16,Kolkata,164.73,62.3,115.23,24.71,14.74,7.45,16.65,18.59,33.94,6.75
2020-10-17,Kolkata,170.73,68.46,103.33,25.07,14.45,9.23,23.43,12.43,39.36,11.58
2020-10-18,Kolkata,166.24,70.97,88.76,25.99,9.34,8.36,27.54,12.59,36.7,10.29
2020-10-19,Kolkata,164.55,58.11,93.67,26.47,11.9,7.99,22.72,16.75,42.31,6.98
2020-10-20,Kolkata,185.88,76.2,110.54,29.26,13.88,9.11,18.35,15.44,37.03,4.66
2020-10-21,Kolkata,178.23,72.58,108.64,29.08,13.4,9.32,23.59,16.94,37.07,8.45
2020-10-22,Kolkata,162.2,66.7,97.38,18.07,13.3,10.32,18.02,13.48,43.19,8.94
2020-10-23,Kolkata,185.79,80.28,101.41,30.06,16.04,9.15,23.65,18.81,45.81,4.57
2020-10-24,Kolkata,176.6,74.74,105.44,26.71,14.27,8.68,25.96,15.54,35.98,6.82
2020-10-25,Kolkata,183.86,74.44,120.15,29.39,13.01,11.68,23.12,19.68,40.96,9.6
2020-10-26,Kolkata,180.78,76.51,118.21,30.29,16.21,8.72,19.41,16.93,46.53,7.33
2020-10-27,Kolkata,158.55,68.74,106.75,21.03,11.01,7.79,20.26,14.43,48.77,9.27
2020-10-28,Kolkata,162.22,65.08,85.84,20.39,13.54,5.98,23.52,15.61,58.38,14.92
2020-10-29,Kolkata,181.45,71.67,108.02,30.2,17.92,7.43,14.63,14.29,45.23,9.49
2020-10-30,Kolkata,179.01,76.95,97.81,19.9,16.04,8.12,13.41,16.68,46.45,7.63
2020-10-31,Kolkata,169.14,65.37,100.21,24.26,10.84,7.74,22.38,17.29,43.49,5.01
2020-11-01,Kolkata,170.8,67.41,85.06,26.16,16.52,7.07,18.15,17.4,49.09,6.66
2020-11-02,Kolkata,187.78,71.65,96.91,28.48,19.11,9.67,22.44,17.47,42.95,5.56
2020-11-03,Kolkata,159.3,67.84,97.38,23.95,10.79,9.27,21.77,14.94,48.2,6.51
2020-11-04,Kolkata,175.92,66.46,99.48,21.08,15.02,6.97,16.2,10.46,42.95,7.55
2020-11-05,Kolkata,164.22,64.05,90.19,21.12,14.07,7.66,20.97,14.13,44.48,11.91
2020-11-06,Kolkata,163.51,68.34,94.81,25.3,12.6,8.18,18.32,16.39,44.83,5.02
2020-11-07,Kolkata,182.77,68.03,98.55,22.61,12.19,9.3,18.36,18.53,44.15,2.09
2020-11-08,Kolkata,178.17,74.54,113.39,23.74,15.09,8.05,21.77,13.3,35.22,6.85
2020-11-09,Kolkata,177.48,70.37,103.31,23.07,13.4,9.14,21.12,17.74,41.04,11.52
2020-11-10,Kolkata,184.33,67.85,114.5,31.2,15.71,9.01,20.01,20.41,37.5,5.09
2020-11-11,Kolkata,164.53,63.82,108.62,25.82,11.23,7.92,17.29,15.29,49.73,3.88
2020-11-12,Kolkata,173.9,77.6,110.96,29.36,12.99,8.54,15.14,15.96,47.53,11.89
2020-11-13,Kolkata,158.46,57.85,92.15,23.31,9.88,8.51,16.12,17.06,43.03,5.63
2020-11-14,Kolkata,167.4,66.93,98.72,24.0,11.94,8.69,26.7,18.18,50.51,3.83
2020-11-15,Kolkata,160.01,64.79,87.23,19.57,11.32,9.19,23.0,18.61,38.1,7.41
2020-11-16,Kolkata,162.83,66.64,99.1,18.89,11.25,8.08,21.68,11.42,45.2,8.43
2020-11-17,Kolkata,169.7,72.13,107.36,27.2,11.98,6.58,18.79,21.13,53.23,10.13
2020-11-18,Kolkata,147.89,61.3,91.77,20.51,11.57,9.06,13.98,23.1,44.9,11.98
2020-11-19,Kolkata,190.93,69.34,119.24,26.43,12.44,9.76,26.95,15.85,39.27,7.72
2020-11-20,Kolkata,143.82,57.09,90.68,24.42,11.39,9.05,18.16,17.47,38.97,7.21
2020-11-21,Kolkata,140.06,54.34,91.72,22.4,8.85,7.18,19.49,23.23,51.73,10.28
2020-11-22,Kolkata,174.99,70.3,108.1,30.0,11.33,8.4,17.91,19.92,53.71,6.21
2020-11-23,Kolkata,168.84,55.58,98.01,28.07,14.58,8.87,19.14,15.08,50.41,5.5
2020-11-24,Kolkata,165.66,77.18,103.96,23.11,12.03,8.19,18.92,22.4,49.04,5.81
2020-11-25,Kolkata,165.05,75.47,99.42,27.06,11.99,8.62,21.05,13.52,58.46,11.87
2020-11-26,Kolkata,154.75,59.91,84.03,24.26,12.55,8.09,19.34,20.85,55.9,9.7
2020-11-27,Kolkata,140.78,51.06,95.37,26.04,17.57,5.92,17.87,13.23,51.72,6.36
2020-11-28,Kolkata,154.68,71.49,86.61,18.13,11.43,5.76,21.57,13.42,49.38,1.77
2020-11-29,Kolkata,142.67,55.47,98.75,22.48,9.69,7.1,17.19,21.18,42.7,9.78
2020-11-30,Kolkata,166.74,53.17,95.01,23.55,14.61,8.36,14.39,16.96,50.82,7.76
2020-12-01,Kolkata,149.18,56.78,85.66,24.47,10.9,7.37,26.58,15.79,40.87,10.35
2020-12-02,Kolkata,138.27,51.92,80.42,18.4,10.54,8.51,19.8,22.8,43.34,4.55
2020-12-03,Kolkata,145.1,43.84,80.58,24.63,12.64,7.03,17.32,18.3,51.75,10.3
2020-12-04,Kolkata,155.37,54.07,95.62,26.1,11.6,8.47,29.9,20.2,53.0,5.79
2020-12-05,Kolkata,139.96,56.89,87.66,21.58,9.16,7.2,22.64,22.02,56.15,7.29
2020-12-06,Kolkata,135.33,57.88,83.43,17.45,11.46,5.77,13.71,21.4,53.14,4.43
2020-12-07,Kolkata,150.55,65.49,94.91,20.47,8.97,7.38,16.28,21.32,50.15,1.98
2020-12-08,Kolkata,149.8,57.98,87.43,24.37,10.59,9.17,10.33,25.08,51.17,10.58
2020-12-09,Kolkata,137.74,55.5,91.76,19.5,8.82,8.31,16.08,21.97,58.78,4.9
2020-12-10,Kolkata,137.5,57.98,77.78,20.23,11.14,5.37,13.38,25.52,57.36,7.81
2020-12-11,Kolkata,147.26,60.12,86.0,26.16,11.38,7.59,22.25,19.29,61.04,3.41
2020-12-12,Kolkata,121.26,56.65,69.78,17.46,5.92,5.61,10.39,19.96,52.89,10.87
2020-12-13,Kolkata,121.07,49.47,75.11,14.87,7.92,7.85,11.59,26.92,52.69,8.01
2020-12-14,Kolkata,130.61,57.59,88.54,19.26,9.67,6.47,17.02,24.79,54.25,9.86
2020-12-15,Kolkata,137.38,63.14,85.48,21.54,7.95,4.24,18.04,22.0,51.99,8.73
2020-12-16,Kolkata,144.43,57.47,95.68,21.92,10.06,8.21,16.46,24.03,52.51,6.05
2020-12-17,Kolkata,161.08,64.85,96.75,25.6,12.35,6.22,17.6,24.99,53.74,7.26
2020-12-18,Kolkata,151.0,65.33,84.9,18.02,11.76,7.07,14.26,22.25,58.02,7.97
2020-12-19,Kolkata,134.92,55.5,95.46,19.21,11.35,6.24,12.8,21.19,53.5,9.08
2020-12-20,Kolkata,136.21,66.23,76.0,19.18,10.77,7.21,17.4,26.97,44.1,0.84
2020-12-21,Kolkata,120.63,45.77,81.15,13.4,3.63,6.6,15.45,20.02,51.65,5.09
2020-12-22,Kolkata,134.56,54.38,75.72,21.67,5.06,5.87,11.64,22.69,54.22,10.39
2020-12-23,Kolkata,129.67,42.57,78.17,21.13,14.09,6.0,16.86,18.22,45.29,10.53
2020-12-24,Kolkata,138.01,55.18,92.23,16.58,12.08,8.77,18.24,24.63,57.64,3.29
2020-12-25,Kolkata,119.93,54.75,67.07,19.5,6.47,4.82,20.13,22.93,65.2,7.77
2020-12-26,Kolkata,139.29,46.51,90.71,19.12,12.54,6.99,10.54,24.63,69.26,9.48
2020-12-27,Kolkata,153.65,61.17,100.79,23.68,12.71,6.59,19.37,27.42,54.44,12.27
2020-12-28,Kolkata,128.19,50.82,69.81,22.22,9.68,7.17,14.22,24.3,61.44,8.87
2020-12-29,Kolkata,135.01,44.03,72.03,23.04,10.54,6.23,10.77,21.42,49.2,7.7
2020-12-30,Kolkata,138.49,52.4,75.36,20.57,11.81,9.02,10.57,28.31,64.52,5.66
2020-12-31,Kolkata,121.28,49.53,69.11,18.75,12.72,6.67,16.59,23.71,52.58,7.37
2021-01-01,Kolkata,129.82,57.96,65.68,16.31,10.64,5.51,12.41,23.9,53.52,5.08
2021-01-02,Kolkata,125.81,53.84,65.03,14.08,8.8,7.02,14.31,23.95,60.91,2.76
2021-01-03,Kolkata,126.24,52.97,78.81,17.71,12.11,5.18,19.66,25.98,59.35,7.94
2021-01-04,Kolkata,112.34,44.4,77.17,13.62,7.46,6.65,11.1,28.39,69.87,6.79
2021-01-05,Kolkata,123.47,52.79,64.85,20.78,10.28,6.65,12.23,20.88,64.24,1.81
2021-01-06,Kolkata,129.73,50.31,85.37,20.04,14.28,7.51,12.95,26.11,61.83,3.25
2021-01-07,Kolkata,143.2,52.58,81.43,15.37,11.55,6.91,10.49,27.41,65.98,8.68
2021-01-08,Kolkata,134.99,52.37,85.72,22.29,11.41,5.92,17.3,29.96,59.76,14.29
2021-01-09,Kolkata,152.06,58.2,91.5,20.79,12.61,5.86,16.06,23.27,63.76,10.98
2021-01-10,Kolkata,107.43,46.2,45.48,22.24,9.18,4.59,13.52,27.24,60.09,8.59
2021-01-11,Kolkata,131.19,49.44,75.48,17.62,7.63,6.71,18.08,28.43,67.86,8.97
2021-01-12,Kolkata,120.03,45.35,78.74,13.93,7.8,5.04,18.72,29.88,66.54,11.22
2021-01-13,Kolkata,149.31,55.33,92.38,22.02,13.64,7.35,16.38,28.84,68.82,5.99
2021-01-14,Kolkata,103.52,41.1,53.65,8.03,8.68,5.78,13.47,21.54,63.02,1.34
2021-01-15,Kolkata,102.24,47.74,52.65,19.1,10.07,4.21,7.74,28.6,60.89,8.31
2021-01-16,Kolkata,105.03,39.6,48.77,9.06,8.86,4.69,10.39,29.81,71.31,7.18
2021-01-17,Kolkata,81.36,30.84,52.82,8.13,6.95,4.62,12.48,22.07,61.96,5.37
2021-01-18,Kolkata,104.53,42.31,66.56,20.17,7.37,4.73,17.14,28.94,72.44,8.87
2021-01-19,Kolkata,100.23,34.31,49.47,10.38,9.34,6.2,19.42,30.74,72.24,6.26
2021-01-20,Kolkata,113.08,39.45,74.65,18.22,9.26,6.04,14.86,32.23,73.23,9.63
2021-01-21,Kolkata,115.16,50.29,73.21,15.89,10.73,4.36,18.04,24.95,68.5,5.46
2021-01-22,Kolkata,137.4,57.73,82.17,15.83,11.83,6.29,20.01,28.7,69.37,5.13
2021-01-23,Kolkata,122.73,46.15,69.97,20.98,13.17,5.33,19.04,22.35,61.74,5.12
2021-01-24,Kolkata,99.05,32.86,46.76,16.1,7.5,5.33,14.65,29.81,71.32,7.79
2021-01-25,Kolkata,93.46,31.45,64.54,12.25,5.61,4.5,7.56,27.92,70.06,9.05
2021-01-26,Kolkata,113.56,40.93,64.23,20.26,10.08,7.75,18.35,32.76,61.72,10.29
2021-01-27,Kolkata,85.63,33.98,46.97,13.35,8.74,4.78,6.76,31.71,65.78,8.65
2021-01-28,Kolkata,132.15,51.34,77.54,22.12,8.49,8.55,8.57,27.84,71.12,9.75
2021-01-29,Kolkata,121.63,48.15,72.52,19.48,9.27,7.47,17.95,32.41,64.74,7.76
2021-01-30,Kolkata,96.17,36.97,49.66,15.51,6.62,5.46,7.26,35.09,65.39,8.66
2021-01-31,Kolkata,76.79,34.68,41.51,14.08,3.68,5.29,9.27,28.3,68.68,10.43
2021-02-01,Kolkata,122.08,45.91,67.25,17.65,7.41,7.92,12.38,32.73,71.52,5.05
2021-02-02,Kolkata,99.34,39.71,65.88,14.34,10.33,5.99,15.6,29.0,65.36,6.16
2021-02-03,Kolkata,118.93,48.55,75.72,11.32,9.5,6.1,13.16,34.4,73.16,11.93
2021-02-04,Kolkata,75.75,29.22,52.95,16.27,8.68,2.7,8.08,29.63,73.78,10.06
2021-02-05,Kolkata,89.99,31.8,54.54,7.44,10.08,3.99,11.02,29.88,77.35,0.51
2021-02-06,Kolkata,98.38,39.27,58.18,13.4,11.32,4.03,14.89,32.02,78.2,6.0
2021-02-07,Kolkata,98.34,35.67,67.77,16.03,4.78,4.38,13.35,33.6,68.77,0.74
2021-02-08,Kolkata,90.23,38.71,44.37,7.48,1.55,5.33,11.34,30.54,79.39,9.91
2021-02-09,Kolkata,105.67,50.35,52.26,15.75,5.22,5.05,11.69,33.23,72.94,9.87
2021-02-10,Kolkata,79.67,35.39,65.04,11.01,4.49,4.23,6.35,35.93,71.56,6.3
2021-02-11,Kolkata,92.92,34.81,61.5,13.47,6.15,6.31,7.73,31.72,76.49,3.11
2021-02-12,Kolkata,96.24,40.9,49.3,16.9,5.77,5.5,15.97,34.33,74.75,7.31
2021-02-13,Kolkata,101.54,37.74,72.69,13.13,6.05,5.74,9.0,29.02,66.52,6.55
2021-02-14,Kolkata,103.9,41.15,64.29,18.44,9.37,5.0,11.68,33.53,80.35,8.38
2021-02-15,Kolkata,75.77,27.96,37.52,7.03,7.39,4.37,11.4,31.73,81.27,6.55
2021-02-16,Kolkata,69.05,32.39,41.12,8.53,6.71,3.86,9.71,32.48,74.28,15.17
2021-02-17,Kolkata,110.65,50.18,72.18,16.93,10.87,6.05,13.38,31.44,74.3,1.51
2021-02-18,Kolkata,95.92,39.42,53.64,19.17,7.71,3.61,11.31,29.33,77.31,8.87
2021-02-19,Kolkata,79.16,36.45,41.17,11.98,3.6,4.66,11.57,34.07,75.17,9.24
2021-02-20,Kolkata,113.12,53.27,65.59,17.38,6.88,4.79,13.97,36.01,74.11,7.29
2021-02-21,Kolkata,91.06,34.39,50.36,14.54,4.29,5.83,8.27,34.97,69.26,10.01
2021-02-22,Kolkata,106.5,45.96,66.97,12.99,9.02,4.14,11.77,36.0,79.8,8.05
2021-02-23,Kolkata,89.32,30.86,58.76,13.46,2.51,5.25,10.62,36.62,70.55,1.53
2021-02-24,Kolkata,118.73,48.89,73.57,12.74,7.54,8.69,13.03,35.31,72.98,1.73
2021-02-25,Kolkata,113.68,44.62,66.08,15.85,8.86,5.95,13.04,29.42,78.86,2.15
2021-02-26,Kolkata,83.15,23.01,55.8,13.99,6.54,2.76,7.15,32.52,68.64,5.78
2021-02-27,Kolkata,101.0,43.66,72.02,13.89,9.59,3.14,14.76,30.99,78.35,7.26
2021-02-28,Kolkata,95.67,44.87,50.41,16.23,7.09,4.63,10.74,30.96,76.93,7.81
2021-03-01,Kolkata,106.09,43.64,64.33,18.31,10.33,4.25,16.21,30.03,80.11,9.86
2021-03-02,Kolkata,70.67,18.71,43.15,9.2,4.14,4.88,5.87,31.26,77.73,10.06
2021-03-03,Kolkata,95.04,37.31,66.35,15.85,3.25,4.22,9.16,35.2,64.39,15.65
2021-03-04,Kolkata,100.23,42.75,61.33,18.58,12.71,5.88,15.82,34.23,76.97,6.57
2021-03-05,Kolkata,57.6,18.91,29.06,4.59,4.46,1.2,7.68,33.81,78.57,6.43
2021-03-06,Kolkata,65.87,41.73,50.4,6.15,5.74,2.69,3.85,29.98,80.15,5.96
2021-03-07,Kolkata,52.68,25.91,39.56,12.02,2.51,3.11,8.85,32.65,74.28,12.83
2021-03-08,Kolkata,78.89,32.69,52.42,9.37,3.87,3.38,8.97,30.95,78.23,2.93
2021-03-09,Kolkata,93.37,31.75,61.39,15.82,6.69,3.65,7.1,33.09,81.64,10.78
2021-03-10,Kolkata,104.84,39.45,53.68,16.53,6.74,4.72,17.88,36.76,79.34,4.18
2021-03-11,Kolkata,83.12,34.3,58.37,11.34,9.35,5.45,16.63,35.25,81.61,12.24
2021-03-12,Kolkata,106.16,44.7,59.68,14.58,8.97,4.02,12.17,37.69,67.84,12.6
2021-03-13,Kolkata,60.76,29.92,32.78,10.74,4.87,4.27,11.22,30.26,81.85,7.38
2021-03-14,Kolkata,55.66,22.68,27.57,13.59,6.53,2.04,1.34,33.35,81.19,8.72
2021-03-15,Kolkata,80.14,38.32,54.4,14.93,7.06,2.62,8.83,37.74,78.87,9.51
2021-03-16,Kolkata,86.5,33.01,43.66,12.61,7.54,3.67,9.44,31.79,84.82,7.12
2021-03-17,Kolkata,80.04,39.28,60.26,11.76,4.39,1.92,3.72,30.54,86.21,8.35
2021-03-18,Kolkata,49.33,21.68,11.83,3.8,5.72,2.75,5.33,36.4,87.58,7.34
2021-03-19,Kolkata,78.82,31.87,48.83,19.0,2.11,4.62,9.0,36.44,76.2,7.85
2021-03-20,Kolkata,60.42,27.73,61.16,11.49,3.14,2.6,5.44,29.39,77.91,10.2
2021-03-21,Kolkata,89.88,29.58,62.32,14.95,5.72,4.35,17.18,37.01,79.67,7.29
2021-03-22,Kolkata,85.2,34.46,47.02,6.47,10.9,4.42,11.82,34.67,76.01,7.44
2021-03-23,Kolkata,65.47,18.19,57.5,6.12,3.17,2.83,13.01,34.92,73.57,11.76
2021-03-24,Kolkata,71.76,32.36,47.36,12.91,10.53,5.77,5.86,39.77,81.71,9.5
2021-03-25,Kolkata,63.48,16.93,36.73,7.08,6.73,4.25,0.0,34.86,85.45,7.44
2021-03-26,Kolkata,78.35,34.98,49.82,12.78,5.73,2.7,4.92,37.07,79.98,7.58
2021-03-27,Kolkata,93.55,35.3,53.69,17.17,6.81,3.34,14.2,34.34,80.08,12.82
2021-03-28,Kolkata,64.39,25.65,40.95,6.12,4.71,3.83,1.51,35.58,80.45,8.12
2021-03-29,Kolkata,86.7,39.87,54.69,17.44,4.95,4.47,10.74,31.78,84.75,14.97
2021-03-30,Kolkata,71.16,28.38,46.74,10.93,4.27,1.74,5.72,30.82,88.51,7.65
2021-03-31,Kolkata,67.22,25.16,47.44,6.72,3.84,3.43,12.18,36.5,81.24,8.23
2021-04-01,Kolkata,77.52,33.01,48.12,8.54,6.29,2.8,9.63,33.56,92.7,7.88
2021-04-02,Kolkata,63.62,18.43,37.1,11.1,8.44,2.59,1.3,37.45,73.1,6.69
2021-04-03,Kolkata,70.88,27.06,41.97,12.7,4.3,3.27,8.45,35.44,80.48,9.31
2021-04-04,Kolkata,61.27,28.73,39.9,10.55,1.74,3.11,9.27,37.18,76.52,6.02
2021-04-05,Kolkata,108.78,40.64,69.56,19.42,7.89,6.35,13.55,34.61,78.9,10.24
2021-04-06,Kolkata,79.92,33.59,66.16,9.43,7.43,3.47,6.11,34.93,80.62,16.75
2021-04-07,Kolkata,68.99,26.67,32.35,11.17,1.37,3.36,8.34,37.33,84.77,6.49
2021-04-08,Kolkata,82.81,32.37,43.56,9.04,7.24,2.87,8.28,31.95,82.61,13.4
2021-04-09,Kolkata,78.04,24.71,32.0,11.33,6.27,4.12,7.58,34.31,81.66,11.12
2021-04-10,Kolkata,76.55,20.85,42.98,12.12,4.29,5.56,6.64,34.76,82.55,6.23
2021-04-11,Kolkata,89.24,26.46,50.11,16.47,6.47,3.62,14.41,33.87,77.17,8.45
2021-04-12,Kolkata,91.56,40.48,73.99,16.22,9.64,4.07,6.88,35.02,80.19,4.76
2021-04-13,Kolkata,72.42,28.09,46.65,11.94,6.8,3.91,6.66,33.25,73.6,13.35
2021-04-14,Kolkata,71.94,28.84,41.37,8.0,11.63,2.52,6.92,36.01,82.52,10.87
2021-04-15,Kolkata,76.67,39.71,50.05,8.33,5.62,4.14,17.47,30.53,85.46,8.54
2021-04-16,Kolkata,46.49,22.79,27.08,4.45,5.22,2.98,9.47,34.64,76.36,3.32
2021-04-17,Kolkata,58.54,27.51,38.51,5.88,3.61,2.46,1.09,32.18,73.6,6.76
2021-04-18,Kolkata,102.03,37.12,48.2,21.37,10.67,4.32,13.33,35.84,85.13,5.54
2021-04-19,Kolkata,106.47,48.05,59.5,11.96,9.97,6.61,23.13,30.94,82.57,6.77
2021-04-20,Kolkata,78.35,35.26,35.24,7.96,4.72,4.0,6.84,36.46,84.1,9.8
2021-04-21,Kolkata,91.03,44.51,57.94,10.0,10.01,3.95,14.57,39.15,81.14,3.51
2021-04-22,Kolkata,87.36,30.35,63.0,12.6,7.15,5.13,13.27,35.21,77.69,7.06
2021-04-23,Kolkata,129.21,55.97,81.95,18.61,12.5,6.33,12.1,32.03,73.72,7.18
2021-04-24,Kolkata,100.16,46.23,53.65,15.59,6.7,4.75,5.98,33.58,77.52,9.62
2021-04-25,Kolkata,81.8,33.84,39.49,15.52,6.96,4.29,9.78,32.62,79.44,9.43
2021-04-26,Kolkata,69.76,19.17,37.54,9.7,6.09,4.68,5.28,32.61,75.65,5.6
2021-04-27,Kolkata,60.38,22.41,42.39,5.89,5.69,1.32,5.0,33.05,86.44,7.18
2021-04-28,Kolkata,87.92,24.16,36.76,13.29,8.26,4.77,11.22,37.45,75.22,10.68
2021-04-29,Kolkata,73.93,21.41,37.12,5.67,5.36,3.65,9.33,34.07,73.12,7.43
2021-04-30,Kolkata,64.37,18.26,49.53,8.74,4.17,4.81,2.75,30.42,72.12,7.8
2021-05-01,Kolkata,76.44,32.73,51.78,19.18,1.62,4.43,6.94,31.96,74.34,5.27
2021-05-02,Kolkata,70.36,36.57,48.95,10.62,8.33,2.01,3.12,27.1,73.77,8.49
2021-05-03,Kolkata,112.35,45.45,68.61,12.62,10.59,5.86,16.41,27.86,78.64,4.44
2021-05-04,Kolkata,100.74,38.31,64.72,15.38,6.36,5.04,5.96,36.9,75.88,11.36
2021-05-05,Kolkata,87.88,32.52,48.54,10.89,8.78,3.68,13.12,32.21,66.84,6.29
2021-05-06,Kolkata,110.7,38.39,66.69,13.03,10.71,5.44,12.57,35.23,81.35,7.94
2021-05-07,Kolkata,90.17,32.21,39.91,11.47,5.98,4.62,9.44,35.23,73.27,7.83
2021-05-08,Kolkata,76.62,36.57,48.7,11.31,4.93,3.2,5.79,31.44,79.91,7.33
2021-05-09,Kolkata,112.92,38.42,81.9,17.9,6.22,5.2,13.99,38.08,70.38,10.93
2021-05-10,Kolkata,98.7,46.48,54.19,13.97,5.82,4.73,11.7,34.84,81.16,5.76
2021-05-11,Kolkata,75.62,20.41,45.2,12.22,6.55,3.45,9.57,37.3,77.41,6.88
2021-05-12,Kolkata,88.89,33.06,51.98,18.24,6.74,4.42,8.74,35.94,85.08,9.35
2021-05-13,Kolkata,79.19,32.09,47.81,4.73,7.83,4.09,11.22,30.39,73.13,6.77
2021-05-14,Kolkata,72.18,33.98,40.28,17.07,6.64,2.33,8.15,30.46,63.85,12.8
2021-05-15,Kolkata,107.41,46.48,68.71,16.61,5.83,4.89,16.26,29.14,61.93,7.32
2021-05-16,Kolkata,122.78,48.4,74.75,20.6,11.1,6.4,19.52,27.62,76.88,9.88
2021-05-17,Kolkata,73.78,23.32,32.25,8.83,4.58,4.44,6.4,29.49,71.05,11.36
2021-05-18,Kolkata,103.84,41.6,60.87,15.25,10.89,4.44,17.72,32.56,73.06,15.5
2021-05-19,Kolkata,86.28,29.23,48.94,9.24,8.81,6.0,17.03,35.48,72.63,6.9
2021-05-20,Kolkata,89.39,27.4,69.92,14.82,6.17,5.8,6.84,32.9,72.5,9.92
2021-05-21,Kolkata,88.48,35.07,41.48,13.5,9.18,4.39,13.72,28.41,72.97,6.13
2021-05-22,Kolkata,85.08,37.77,51.3,14.83,8.98,4.95,11.3,28.43,72.83,6.4
2021-05-23,Kolkata,99.45,38.06,56.67,11.98,4.04,4.3,12.71,27.24,72.65,13.7
2021-05-24,Kolkata,86.95,39.9,65.32,14.22,9.29,3.62,7.86,22.94,78.24,12.62
2021-05-25,Kolkata,104.18,38.9,60.47,13.36,9.1,6.33,5.53,32.24,70.65,8.34
2021-05-26,Kolkata,100.08,42.33,58.54,14.7,7.58,5.97,13.68,31.54,65.4,6.86
2021-05-27,Kolkata,97.97,43.68,59.08,16.67,11.37,5.94,12.13,29.2,58.71,7.49
2021-05-28,Kolkata,88.67,33.84,56.32,12.84,6.45,2.65,6.88,32.03,79.77,7.71
2021-05-29,Kolkata,94.37,39.39,64.24,11.72,8.28,3.98,14.78,30.91,72.4,5.65
2021-05-30,Kolkata,115.09,49.57,85.73,14.24,8.53,5.99,16.96,28.63,56.45,12.08
2021-05-31,Kolkata,112.03,48.61,53.27,14.98,12.1,7.05,17.2,29.63,70.74,7.61
2021-06-01,Kolkata,90.61,41.89,47.36,11.17,9.27,4.49,16.39,28.0,69.75,5.23
2021-06-02,Kolkata,107.54,43.05,52.69,14.67,5.73,6.07,15.77,24.67,76.39,15.49
2021-06-03,Kolkata,118.09,47.47,65.73,26.19,6.81,5.92,14.89,33.75,71.22,6.5
2021-06-04,Kolkata,82.56,28.27,46.8,9.36,6.7,3.56,3.93,33.32,66.63,4.2
2021-06-05,Kolkata,116.54,45.78,70.47,12.24,9.99,4.78,20.83,30.98,66.81,5.76
2021-06-06,Kolkata,99.25,39.18,64.45,14.81,7.51,5.02,9.49,28.22,58.07,10.92
2021-06-07,Kolkata,118.55,48.91,64.94,23.48,9.66,4.89,17.65,30.29,70.16,6.72
2021-06-08,Kolkata,99.35,41.99,57.52,16.57,4.14,4.53,18.81,26.63,64.85,6.66
2021-06-09,Kolkata,84.54,27.74,33.06,11.99,7.04,4.17,9.57,28.91,72.67,7.43
2021-06-10,Kolkata,88.02,32.34,50.56,14.94,9.87,3.77,10.96,29.63,62.27,8.06
2021-06-11,Kolkata,113.98,38.26,54.24,18.2,8.35,5.9,13.61,25.53,66.69,4.3
2021-06-12,Kolkata,117.99,54.15,59.94,17.11,7.35,6.47,12.83,26.74,70.85,8.09
2021-06-13,Kolkata,101.36,43.13,52.97,10.99,8.32,4.75,14.67,27.89,67.29,3.13
2021-06-14,Kolkata,125.34,59.58,73.89,20.89,8.36,6.58,9.83,29.32,64.15,8.09
2021-06-15,Kolkata,91.69,40.16,45.15,11.7,8.25,6.68,10.45,29.58,65.07,13.83
2021-06-16,Kolkata,116.47,37.85,70.64,12.59,4.3,6.12,14.53,26.78,64.74,17.29
2021-06-17,Kolkata,100.14,38.77,64.17,13.07,8.6,4.77,10.38,32.93,70.83,8.41
2021-06-18,Kolkata,109.39,32.23,62.74,24.52,8.29,6.57,18.89,27.96,60.4,0.69
2021-06-19,Kolkata,120.73,51.71,65.92,18.64,7.16,5.77,14.62,27.94,58.7,11.59
2021-06-20,Kolkata,107.98,40.21,51.39,15.87,8.71,5.56,18.41,26.26,63.34,4.69
2021-06-21,Kolkata,115.98,50.5,71.06,16.14,5.47,7.24,9.01,25.02,65.39,4.41
2021-06-22,Kolkata,137.71,47.62,65.64,22.82,9.93,9.81,12.55,23.86,60.43,8.73
2021-06-23,Kolkata,114.84,43.58,73.8,14.29,6.42,3.94,4.89,24.9,61.41,6.11
2021-06-24,Kolkata,136.9,60.98,91.96,19.53,7.36,6.28,14.03,24.32,59.09,6.04
2021-06-25,Kolkata,108.29,41.38,59.89,16.87,9.38,4.5,18.08,23.18,54.14,9.14
2021-06-26,Kolkata,134.06,49.54,83.01,12.9,13.51,7.38,10.09,21.51,70.25,5.79
2021-06-27,Kolkata,148.61,55.27,71.04,21.24,11.43,8.15,12.24,21.21,63.8,11.02
2021-06-28,Kolkata,90.79,28.46,63.13,13.73,9.45,4.47,0.81,25.15,66.5,5.32
2021-06-29,Kolkata,116.8,44.78,68.67,8.82,12.69,4.94,16.04,25.17,67.15,9.22
2021-06-30,Kolkata,138.29,54.14,75.82,23.14,7.32,7.56,12.2,29.02,61.32,9.93
2021-07-01,Kolkata,127.46,51.4,62.46,16.54,11.54,6.54,20.02,26.3,55.34,5.61
2021-07-02,Kolkata,136.96,55.3,63.66,25.56,11.84,8.07,10.11,28.65,70.99,4.04
2021-07-03,Kolkata,123.21,53.14,73.94,13.85,10.84,6.99,12.38,28.24,51.15,3.52
2021-07-04,Kolkata,134.45,54.46,80.87,18.02,12.38,7.25,19.57,24.2,62.15,6.66
2021-07-05,Kolkata,131.7,62.95,72.52,26.07,10.61,5.21,21.28,24.78,63.05,11.67
2021-07-06,Kolkata,152.43,62.66,86.72,25.79,12.2,8.31,9.68,25.57,55.26,12.96
2021-07-07,Kolkata,139.6,58.96,85.68,22.4,9.17,8.6,24.72,25.23,66.06,6.29
2021-07-08,Kolkata,141.73,52.71,85.36,22.56,10.55,7.62,18.23,20.89,60.36,10.59
2021-07-09,Kolkata,131.36,53.4,88.04,16.05,11.44,5.4,11.31,21.82,52.71,6.36
2021-07-10,Kolkata,131.1,51.37,85.35,18.7,7.32,7.69,12.38,23.37,59.32,8.6
2021-07-11,Kolkata,132.79,58.59,83.51,17.33,14.98,6.83,15.35,26.26,57.99,9.2
2021-07-12,Kolkata,146.07,70.89,85.44,20.96,11.92,8.37,11.5,17.31,53.47,3.1
2021-07-13,Kolkata,134.7,51.76,84.84,17.53,7.92,6.8,19.61,17.95,60.17,10.45
2021-07-14,Kolkata,146.22,63.26,97.48,28.54,10.99,7.42,15.88,22.87,63.39,3.96
2021-07-15,Kolkata,173.87,65.24,115.34,29.14,13.18,9.55,22.23,27.2,55.77,11.08
2021-07-16,Kolkata,156.66,75.87,98.78,23.65,13.98,7.47,28.35,23.07,53.69,5.49
2021-07-17,Kolkata,139.55,61.31,90.67,19.44,12.32,5.47,17.49,23.72,63.26,5.69
2021-07-18,Kolkata,163.31,58.93,90.82,20.49,15.74,9.71,20.88,25.86,55.07,7.71
2021-07-19,Kolkata,140.01,54.34,81.53,16.36,11.73,6.96,19.78,22.31,53.25,5.39
2021-07-20,Kolkata,116.4,46.92,75.75,14.03,9.49,6.05,11.1,20.11,54.89,4.6
2021-07-21,Kolkata,132.69,54.83,72.45,23.09,15.29,5.77,18.06,19.53,58.62,4.2
2021-07-22,Kolkata,120.58,50.63,65.36,17.47,7.58,6.85,11.12,23.2,51.37,7.66
2021-07-23,Kolkata,144.19,58.42,80.42,22.26,14.6,6.43,21.99,25.88,48.68,3.63
2021-07-24,Kolkata,150.56,61.73,85.96,28.19,12.11,6.73,13.48,24.49,49.59,8.13
2021-07-25,Kolkata,176.25,75.28,101.87,26.3,14.07,9.5,23.51,20.4,52.45,6.88
2021-07-26,Kolkata,156.81,55.34,96.15,29.2,10.78,7.07,15.33,23.08,54.06,7.52
2021-07-27,Kolkata,149.42,55.18,90.39,17.72,12.24,8.34,12.93,16.15,59.4,6.16
2021-07-28,Kolkata,165.95,72.06,98.34,24.41,14.15,7.41,20.44,19.45,44.59,9.01
2021-07-29,Kolkata,121.13,47.13,71.42,14.54,12.87,6.93,18.39,19.52,42.24,13.86
2021-07-30,Kolkata,158.61,63.14,89.18,25.04,15.02,7.91,24.15,23.54,45.19,5.98
2021-07-31,Kolkata,167.42,71.75,78.75,24.66,10.53,7.89,18.89,19.06,47.51,4.71
2021-08-01,Kolkata,134.44,65.24,95.61,16.68,13.92,6.32,16.65,19.8,46.68,10.95
2021-08-02,Kolkata,174.54,70.45,100.91,22.27,12.18,7.09,20.99,16.25,48.35,12.11
2021-08-03,Kolkata,163.21,71.28,97.67,24.22,16.82,8.68,18.27,15.41,51.35,10.49
2021-08-04,Kolkata,152.65,57.9,93.92,21.81,11.84,5.14,17.43,22.46,45.94,8.16
2021-08-05,Kolkata,169.11,63.86,104.35,24.72,11.65,9.79,24.01,17.59,51.3,9.61
2021-08-06,Kolkata,194.41,80.98,103.09,32.18,14.41,9.36,33.88,20.17,46.59,1.38
2021-08-07,Kolkata,163.8,72.47,87.52,21.56,12.44,9.61,22.75,18.65,49.79,6.2
2021-08-08,Kolkata,165.5,66.9,99.89,27.73,15.17,8.77,18.41,21.21,47.51,4.75
2021-08-09,Kolkata,155.59,60.22,94.03,26.07,12.08,6.57,18.9,19.19,48.62,10.76
2021-08-10,Kolkata,150.43,65.27,85.5,20.72,9.95,8.22,23.85,17.77,46.22,12.4
2021-08-11,Kolkata,176.32,73.05,109.28,22.87,15.46,7.89,16.62,17.54,44.23,7.34
2021-08-12,Kolkata,151.7,53.47,98.69,26.14,8.24,8.56,14.96,21.02,46.55,8.09
2021-08-13,Kolkata,166.28,65.59,109.46,21.22,14.52,9.42,22.82,25.29,43.99,10.87
2021-08-14,Kolkata,158.69,62.95,105.08,23.78,11.92,9.24,17.08,13.95,43.8,9.86
2021-08-15,Kolkata,173.69,76.44,105.1,30.01,11.18,8.24,19.69,17.72,46.55,10.07
2021-08-16,Kolkata,172.14,66.63,104.4,25.69,11.92,8.49,20.08,17.45,46.05,8.23
2021-08-17,Kolkata,183.33,71.17,120.18,23.99,13.22,11.95,17.85,13.76,49.32,1.77
2021-08-18,Kolkata,160.73,63.11,113.6,19.47,8.89,6.54,22.88,21.08,42.85,10.05
2021-08-19,Kolkata,164.93,72.92,113.26,24.0,8.59,7.43,18.08,16.81,44.24,11.36
2021-08-20,Kolkata,154.89,68.33,91.56,26.53,13.11,7.81,22.21,17.69,55.24,3.68
2021-08-21,Kolkata,163.49,62.82,97.08,25.84,15.62,8.15,13.93,19.89,48.5,2.17
2021-08-22,Kolkata,176.38,70.53,93.11,24.46,12.31,9.63,21.63,13.39,48.9,3.7
2021-08-23,Kolkata,182.64,74.71,103.07,26.3,15.62,9.65,27.26,16.9,45.82,6.69
2021-08-24,Kolkata,158.0,64.11,98.31,23.4,9.03,8.23,20.42,15.0,37.65,12.43
2021-08-25,Kolkata,185.41,76.62,109.41,24.4,13.19,10.57,22.8,15.28,46.42,5.56
2021-08-26,Kolkata,193.22,84.79,126.76,27.58,14.2,7.04,17.26,12.82,44.35,7.02
2021-08-27,Kolkata,179.6,65.11,105.51,28.46,15.42,7.08,21.04,12.59,47.98,10.35
2021-08-28,Kolkata,202.05,76.33,115.1,28.92,11.66,10.44,23.15,19.55,37.79,6.14
2021-08-29,Kolkata,162.78,57.58,89.63,20.87,15.01,7.44,20.03,15.41,36.75,7.5
2021-08-30,Kolkata,156.19,65.47,84.05,25.86,10.8,7.33,20.87,14.47,43.1,7.06
2021-08-31,Kolkata,148.64,60.1,70.14,16.81,13.12,8.47,14.19,15.64,44.21,10.08
2021-09-01,Kolkata,198.21,69.14,111.84,28.73,17.26,12.41,22.87,12.06,44.58,11.96
2021-09-02,Kolkata,186.02,74.95,104.36,30.78,16.21,8.27,23.85,19.19,48.31,7.8
2021-09-03,Kolkata,175.79,68.53,115.29,22.74,14.94,7.42,25.36,15.35,48.58,9.47
2021-09-04,Kolkata,181.23,66.38,120.14,31.84,16.26,8.3,20.52,16.48,38.56,13.08
2021-09-05,Kolkata,160.55,64.94,74.7,25.1,12.15,7.95,17.79,18.39,47.53,8.85
2021-09-06,Kolkata,214.5,84.1,128.37,32.23,15.55,11.3,27.58,20.52,48.06,5.94
2021-09-07,Kolkata,180.12,76.15,100.46,29.11,13.38,7.98,22.73,7.8,32.89,7.47
2021-09-08,Kolkata,180.18,72.48,105.15,22.29,12.78,9.4,23.95,15.71,47.3,9.19
2021-09-09,Kolkata,189.76,72.17,111.61,24.26,14.96,10.6,25.51,19.9,39.87,12.04
2021-09-10,Kolkata,186.42,73.6,123.62,27.9,16.33,10.8,21.6,16.29,47.71,7.6
2021-09-11,Kolkata,182.88,66.55,126.87,26.02,14.95,10.3,19.51,12.55,42.41,2.62
2021-09-12,Kolkata,167.96,65.74,102.74,24.38,10.35,9.99,20.57,19.81,39.73,5.36
2021-09-13,Kolkata,187.18,76.22,110.58,24.54,17.91,8.74,15.1,19.45,38.4,6.18
2021-09-14,Kolkata,208.61,74.62,139.09,27.42,16.81,11.34,26.72,15.23,32.32,5.57
2021-09-15,Kolkata,200.81,81.26,114.19,30.73,17.43,11.0,19.19,21.96,44.57,7.99
2021-09-16,Kolkata,204.77,87.36,141.79,26.4,15.93,7.86,25.34,16.42,40.45,6.04
2021-09-17,Kolkata,173.44,59.13,107.05,30.38,12.69,9.11,14.54,16.65,38.59,5.71
2021-09-18,Kolkata,166.48,62.79,96.74,26.12,10.69,7.93,19.81,11.94,49.46,5.44
2021-09-19,Kolkata,179.63,68.51,99.95,32.34,15.48,8.05,25.98,15.81,41.69,6.97
2021-09-20,Kolkata,182.54,69.27,112.23,25.75,18.24,7.86,28.05,14.84,41.84,10.5
2021-09-21,Kolkata,198.29,76.16,125.89,21.62,14.42,8.99,18.78,14.5,42.21,10.11
2021-09-22,Kolkata,156.65,63.86,88.66,24.6,12.78,8.77,21.91,15.2,35.74,6.04
2021-09-23,Kolkata,205.12,79.3,120.55,31.57,17.84,10.2,24.68,15.52,37.6,5.22
2021-09-24,Kolkata,179.93,63.2,102.4,28.41,12.99,8.76,23.46,16.63,34.74,10.99
2021-09-25,Kolkata,176.01,76.04,96.57,23.93,16.46,8.65,12.24,10.85,38.85,4.51
2021-09-26,Kolkata,167.33,64.87,100.66,29.49,12.81,9.44,25.79,19.34,41.49,2.11
2021-09-27,Kolkata,157.77,65.41,103.05,23.42,16.11,8.75,21.21,18.28,41.71,0.52
2021-09-28,Kolkata,195.01,75.51,126.58,26.83,15.15,8.71,30.54,20.06,35.6,8.44
2021-09-29,Kolkata,183.82,70.12,115.21,29.1,16.33,9.52,33.8,11.92,31.46,6.82
2021-09-30,Kolkata,163.41,57.52,86.1,21.51,11.23,7.22,21.68,13.48,39.1,10.68
2021-10-01,Kolkata,163.35,61.51,95.9,25.6,9.19,5.78,20.99,16.48,50.32,8.47
2021-10-02,Kolkata,177.75,75.2,105.09,27.55,17.55,6.76,22.98,21.41,41.41,12.95
2021-10-03,Kolkata,207.82,79.98,124.43,31.27,12.19,9.22,20.55,17.47,44.38,8.97
2021-10-04,Kolkata,178.87,75.67,106.01,30.44,14.33,9.0,20.4,17.07,37.93,10.93
2021-10-05,Kolkata,160.18,58.41,87.32,26.09,12.64,7.56,22.78,13.2,39.05,12.2
2021-10-06,Kolkata,178.99,79.29,119.97,26.0,16.78,8.0,17.85,7.99,48.45,5.41
2021-10-07,Kolkata,178.52,70.78,99.83,28.86,13.53,7.62,23.19,10.76,35.93,1.68
2021-10-08,Kolkata,142.08,49.71,86.67,15.42,8.4,7.1,14.87,21.05,49.33,5.4
2021-10-09,Kolkata,181.62,75.43,114.97,25.45,11.54,9.07,21.1,13.79,42.41,5.75
2021-10-10,Kolkata,178.86,65.79,108.19,27.99,11.96,9.87,14.38,13.39,38.96,6.09
2021-10-11,Kolkata,192.65,74.23,130.56,26.34,20.29,10.07,23.49,16.58,52.96,5.02
2021-10-12,Kolkata,209.8,78.32,119.84,31.57,13.33,10.51,31.95,15.64,38.91,6.15
2021-10-13,Kolkata,198.81,84.02,112.68,35.36,19.77,10.2,23.81,18.31,45.92,5.58
2021-10-14,Kolkata,177.71,68.45,96.05,27.88,15.55,7.54,19.5,11.22,36.02,9.65
2021-10-15,Kolkata,164.97,62.32,96.57,19.86,13.57,8.2,16.88,14.73,41.5,5.56
2021-10-16,Kolkata,219.97,80.61,146.43,31.1,17.4,12.01,40.51,11.61,42.93,5.88
2021-10-17,Kolkata,182.04,70.12,103.47,23.93,14.48,7.63,25.63,15.55,42.89,6.6
2021-10-18,Kolkata,181.14,70.62,110.98,23.68,13.78,8.2,18.17,9.11,47.57,5.94
2021-10-19,Kolkata,180.33,77.95,116.75,23.19,12.25,11.58,28.64,15.39,42.27,6.11
2021-10-20,Kolkata,183.41,75.53,104.31,21.41,12.03,9.19,17.49,15.34,35.71,5.65
2021-10-21,Kolkata,178.01,75.47,108.78,26.67,16.0,9.38,27.15,14.22,39.05,4.1
2021-10-22,Kolkata,171.29,66.37,110.49,29.59,15.62,6.77,24.89,10.15,45.81,6.9
2021-10-23,Kolkata,171.39,72.07,92.18,29.22,10.78,7.9,16.57,10.46,41.92,13.42
2021-10-24,Kolkata,178.8,84.85,108.06,30.17,14.77,9.44,20.09,16.38,44.27,6.26
2021-10-25,Kolkata,170.82,67.94,102.02,28.1,11.53,8.49,28.15,19.35,48.46,8.07
2021-10-26,Kolkata,167.94,68.78,108.78,29.87,9.53,7.08,25.39,15.1,38.5,4.24
2021-10-27,Kolkata,179.88,69.18,96.71,33.25,14.35,8.94,23.94,18.89,46.74,11.22
2021-10-28,Kolkata,174.09,66.48,102.07,28.42,12.87,8.7,22.49,18.44,33.27,10.14
2021-10-29,Kolkata,200.1,78.87,125.72,32.35,19.22,11.36,29.4,20.49,43.78,8.1
2021-10-30,Kolkata,137.39,59.32,88.29,19.68,11.8,6.83,13.07,20.11,42.76,14.15
2021-10-31,Kolkata,193.13,69.12,111.42,29.07,17.72,10.06,24.42,12.94,36.87,8.97
2021-11-01,Kolkata,195.03,71.19,112.76,30.76,13.64,11.36,28.3,11.7,38.16,1.14
2021-11-02,Kolkata,144.81,54.01,93.02,20.48,12.51,5.72,20.57,14.84,43.06,7.72
2021-11-03,Kolkata,170.33,61.77,92.97,28.45,14.42,9.57,21.74,17.02,34.56,7.19
2021-11-04,Kolkata,169.45,67.64,117.29,27.48,16.63,9.07,17.49,17.04,44.56,5.18
2021-11-05,Kolkata,153.44,59.45,90.42,27.83,8.11,8.88,14.67,12.67,49.47,10.2
2021-11-06,Kolkata,162.41,71.24,103.85,30.54,14.11,7.96,20.86,20.62,39.87,6.04
2021-11-07,Kolkata,156.93,61.23,77.32,23.95,8.78,7.9,22.29,15.56,52.36,3.62
2021-11-08,Kolkata,199.37,85.7,125.02,24.76,21.37,9.9,20.41,12.87,43.08,7.62
2021-11-09,Kolkata,186.61,75.16,109.58,29.89,14.15,7.4,21.8,10.09,46.16,5.06
2021-11-10,Kolkata,191.12,77.27,125.19,25.82,17.41,9.12,29.95,16.21,40.41,10.06
2021-11-11,Kolkata,182.34,70.76,102.67,25.92,14.5,10.46,14.14,17.49,47.96,8.58
2021-11-12,Kolkata,154.03,68.16,91.82,22.55,13.51,7.8,16.92,19.08,41.8,6.17
2021-11-13,Kolkata,162.54,62.38,108.35,14.72,13.79,8.16,12.78,18.58,47.67,9.77
2021-11-14,Kolkata,177.18,57.61,117.24,24.36,15.55,9.6,17.76,19.74,43.6,1.79
2021-11-15,Kolkata,150.93,66.21,84.36,20.08,11.27,7.82,17.88,19.53,39.07,5.77
2021-11-16,Kolkata,179.37,71.17,122.8,26.56,16.52,9.01,19.59,17.27,45.17,9.81
2021-11-17,Kolkata,164.47,72.66,101.56,28.23,11.23,7.81,16.84,19.07,44.46,10.19
2021-11-18,Kolkata,161.84,60.08,97.45,26.34,8.82,10.21,18.29,12.18,47.3,8.1
2021-11-19,Kolkata,177.51,70.59,114.43,28.87,14.8,9.33,20.88,23.71,39.37,8.42
2021-11-20,Kolkata,172.88,69.48,110.23,23.4,10.34,8.8,21.87,22.98,40.68,11.46
2021-11-21,Kolkata,160.16,75.9,93.07,20.15,12.0,8.02,21.47,16.87,55.07,4.66
2021-11-22,Kolkata,182.31,64.23,118.24,20.52,14.18,12.23,21.83,15.42,47.27,7.85
2021-11-23,Kolkata,148.05,60.02,94.13,19.09,15.22,7.65,20.67,17.03,54.26,7.23
2021-11-24,Kolkata,172.84,70.52,96.24,22.93,15.2,8.2,17.32,17.12,51.6,6.11
2021-11-25,Kolkata,171.82,68.14,103.21,20.02,10.8,8.93,17.67,22.36,53.22,10.16
2021-11-26,Kolkata,157.59,72.14,93.89,25.59,11.44,10.33,26.85,19.37,50.6,12.08
2021-11-27,Kolkata,166.43,65.84,94.61,27.59,13.47,8.5,16.63,14.32,50.13,10.71
2021-11-28,Kolkata,142.07,55.7,96.74,19.2,9.26,7.04,16.72,21.93,45.37,12.1
2021-11-29,Kolkata,173.99,79.43,104.08,29.85,11.81,9.77,25.07,22.36,49.45,0.86
2021-11-30,Kolkata,156.64,59.45,88.98,20.56,12.78,7.41,15.5,16.74,46.25,11.36
2021-12-01,Kolkata,150.85,57.03,86.39,21.26,12.75,8.0,5.92,23.13,57.31,4.85
2021-12-02,Kolkata,173.69,64.62,100.61,23.79,14.34,6.74,16.37,24.83,45.78,11.73
2021-12-03,Kolkata,146.65,60.44,73.52,23.9,11.5,6.88,18.58,21.79,54.27,11.53
2021-12-04,Kolkata,135.34,56.18,70.2,18.88,16.71,7.49,25.72,24.7,52.24,8.9
2021-12-05,Kolkata,132.37,52.76,65.52,19.91,13.01,6.02,17.53,23.23,46.8,6.65
2021-12-06,Kolkata,164.05,60.53,91.85,20.74,11.32,9.62,16.02,21.21,49.14,11.54
2021-12-07,Kolkata,134.99,60.55,87.91,21.17,10.34,5.56,23.97,18.71,55.29,11.18
2021-12-08,Kolkata,179.75,69.12,116.15,29.25,17.84,8.52,16.43,19.63,53.33,8.17
2021-12-09,Kolkata,121.42,46.6,57.58,19.62,13.66,6.54,17.01,23.02,54.59,10.79
2021-12-10,Kolkata,177.31,72.9,103.88,24.21,13.69,9.18,20.01,22.41,55.12,10.5
2021-12-11,Kolkata,154.24,68.11,93.17,19.21,11.65,7.76,11.17,25.79,53.96,9.14
2021-12-12,Kolkata,148.83,66.36,84.26,24.05,11.69,7.26,14.77,26.78,51.7,10.1
2021-12-13,Kolkata,141.31,47.15,94.23,24.35,11.5,6.84,18.56,28.82,45.09,10.35
2021-12-14,Kolkata,154.67,57.31,92.64,22.46,11.52,7.72,14.02,25.2,45.26,9.62
2021-12-15,Kolkata,147.31,57.29,79.02,22.7,8.67,7.41,11.99,23.66,49.94,6.65
2021-12-16,Kolkata,163.62,66.92,91.99,24.37,10.06,8.81,26.69,30.82,55.35,10.36
2021-12-17,Kolkata,147.97,50.28,100.8,24.52,10.87,8.64,16.74,21.24,57.6,4.81
2021-12-18,Kolkata,147.69,64.18,80.17,19.0,10.0,8.14,15.26,18.74,52.53,7.9
2021-12-19,Kolkata,139.16,49.76,74.28,27.21,9.41,6.64,15.23,21.68,59.0,10.84
2021-12-20,Kolkata,142.94,55.65,75.87,25.26,11.24,8.88,8.17,23.7,65.83,6.94
2021-12-21,Kolkata,147.58,57.91,90.91,20.46,11.18,7.04,15.2,26.97,58.88,8.75
2021-12-22,Kolkata,116.48,50.64,67.77,15.15,8.11,5.83,9.74,21.96,54.33,14.37
2021-12-23,Kolkata,121.08,34.56,71.21,23.34,9.93,6.81,14.93,21.63,46.04,8.62
2021-12-24,Kolkata,151.62,56.77,84.57,21.25,15.62,9.99,19.06,22.4,51.71,9.41
2021-12-25,Kolkata,142.2,65.79,83.34,14.19,12.72,8.1,10.72,24.5,60.19,7.78
2021-12-26,Kolkata,136.04,50.46,89.75,19.2,7.91,4.75,21.37,25.99,58.72,6.68
2021-12-27,Kolkata,138.24,52.65,74.34,19.44,6.82,6.18,15.34,26.14,58.42,10.38
2021-12-28,Kolkata,142.33,63.68,93.87,22.76,11.41,6.14,20.04,29.52,60.68,13.75
2021-12-29,Kolkata,128.18,43.65,67.68,21.79,10.78,7.72,15.32,22.05,58.24,3.4
2021-12-30,Kolkata,123.77,43.86,82.04,21.18,10.63,4.47,13.42,21.15,65.54,6.25
2021-12-31,Kolkata,137.54,49.59,82.76,18.71,13.97,6.14,10.91,18.54,59.85,6.31
2022-01-01,Kolkata,119.08,40.49,80.96,19.86,9.47,7.32,16.94,22.7,55.15,10.45
2022-01-02,Kolkata,139.04,57.6,84.78,18.32,12.34,6.2,16.28,29.69,57.38,3.28
2022-01-03,Kolkata,106.54,37.35,71.88,16.75,8.27,4.82,14.73,22.97,62.56,5.81
2022-01-04,Kolkata,146.68,54.18,82.91,20.88,11.64,7.57,2.85,23.27,59.42,12.52
2022-01-05,Kolkata,137.49,49.6,83.8,25.11,8.37,7.27,13.29,24.35,57.7,5.8
2022-01-06,Kolkata,133.41,66.97,86.8,23.32,11.66,5.06,17.59,29.25,57.8,10.9
2022-01-07,Kolkata,143.47,60.91,100.9,20.27,9.28,6.81,22.96,20.72,52.06,8.27
2022-01-08,Kolkata,152.88,58.94,91.79,25.77,11.13,5.77,26.52,23.38,57.45,11.31
2022-01-09,Kolkata,142.28,54.99,84.86,22.79,13.55,6.78,23.15,20.14,66.89,5.48
2022-01-10,Kolkata,98.62,46.31,60.31,12.77,9.22,5.82,14.4,23.62,61.01,7.99
2022-01-11,Kolkata,106.22,42.28,69.73,9.89,9.17,5.02,9.39,24.65,62.69,2.8
2022-01-12,Kolkata,115.21,42.58,62.12,18.88,7.61,5.55,19.99,30.03,68.61,6.5
2022-01-13,Kolkata,124.16,52.38,72.62,18.04,10.75,5.61,20.87,26.74,67.53,12.37
2022-01-14,Kolkata,130.71,57.44,67.16,20.94,12.16,7.43,11.23,25.42,69.75,5.71
2022-01-15,Kolkata,111.25,43.0,79.35,16.54,7.45,4.68,14.68,23.55,63.87,9.0
2022-01-16,Kolkata,124.12,56.15,79.81,16.48,12.29,5.91,9.95,27.2,72.63,8.5
2022-01-17,Kolkata,109.19,43.74,78.61,12.08,6.16,3.84,14.59,28.38,73.48,8.73
2022-01-18,Kolkata,110.54,42.2,66.34,16.93,5.5,8.24,15.34,28.68,69.17,10.13
2022-01-19,Kolkata,97.82,38.42,53.64,16.47,8.6,4.08,17.41,29.09,70.07,12.18
2022-01-20,Kolkata,104.28,41.82,65.1,18.07,6.89,5.27,13.02,25.51,78.34,3.78
2022-01-21,Kolkata,97.06,32.33,68.75,16.7,5.71,5.46,17.52,28.45,80.07,2.83
2022-01-22,Kolkata,101.92,44.24,70.48,17.96,7.74,4.81,14.01,31.14,70.41,11.12
2022-01-23,Kolkata,131.58,47.54,77.13,16.92,9.75,7.59,16.22,36.68,68.68,8.18
2022-01-24,Kolkata,100.76,40.84,55.36,14.94,10.32,5.15,8.92,26.24,65.78,8.22
2022-01-25,Kolkata,153.73,67.46,81.51,22.1,12.59,5.85,15.11,27.13,64.36,8.58
2022-01-26,Kolkata,120.88,47.55,68.09,19.42,13.12,7.68,6.81,31.06,67.77,8.47
2022-01-27,Kolkata,115.5,44.21,70.24,17.78,8.08,4.88,12.07,30.19,71.96,10.56
2022-01-28,Kolkata,99.11,37.17,61.74,17.75,10.26,4.9,11.01,30.21,63.52,7.42
2022-01-29,Kolkata,121.75,52.42,78.18,17.45,10.18,5.26,17.42,29.55,68.19,6.91
2022-01-30,Kolkata,101.88,40.44,57.54,17.26,7.36,6.69,18.09,27.26,70.22,6.05
2022-01-31,Kolkata,111.62,43.01,82.99,15.82,9.65,6.12,9.39,27.52,64.14,5.34
2022-02-01,Kolkata,147.47,44.74,92.84,28.28,12.09,5.96,15.13,28.86,65.38,10.58
2022-02-02,Kolkata,106.92,46.82,54.91,18.21,11.61,7.25,24.29,27.67,84.88,6.94
2022-02-03,Kolkata,124.9,47.0,77.55,16.99,10.79,4.92,14.03,34.38,70.76,8.42
2022-02-04,Kolkata,96.42,40.94,67.22,9.5,8.88,4.55,12.24,33.85,65.36,4.96
2022-02-05,Kolkata,105.76,32.62,59.06,19.85,8.22,3.95,10.75,26.34,65.99,9.17
2022-02-06,Kolkata,132.17,47.0,88.2,19.61,10.74,6.33,18.95,33.3,73.57,9.69
2022-02-07,Kolkata,95.53,37.15,61.66,13.32,7.65,4.5,9.63,29.02,74.51,11.93
2022-02-08,Kolkata,131.46,58.44,68.83,23.59,9.88,7.17,12.15,31.65,74.01,3.55
2022-02-09,Kolkata,114.24,48.74,79.31,16.61,11.86,5.52,17.11,24.7,84.8,12.49
2022-02-10,Kolkata,94.55,36.4,40.95,15.05,4.68,5.17,12.99,28.66,78.58,10.42
2022-02-11,Kolkata,111.84,49.62,67.18,12.53,10.9,5.32,7.86,35.67,83.73,7.88
2022-02-12,Kolkata,116.33,57.33,70.53,16.31,8.05,7.45,10.84,33.95,70.69,6.62
2022-02-13,Kolkata,110.45,49.33,63.23,15.35,11.1,7.12,15.83,29.91,71.19,8.24
2022-02-14,Kolkata,76.97,32.39,38.28,13.72,6.33,2.13,5.52,30.48,73.62,13.67
2022-02-15,Kolkata,89.03,36.8,46.69,14.02,6.42,4.78,13.01,35.74,74.11,12.92
2022-02-16,Kolkata,95.65,42.8,51.73,20.98,8.31,3.95,18.09,38.47,74.31,6.49
2022-02-17,Kolkata,97.67,38.21,64.32,18.48,8.95,4.99,17.71,31.42,79.86,7.14
2022-02-18,Kolkata,107.54,45.17,63.62,15.96,7.85,6.72,9.97,30.25,85.54,10.93
2022-02-19,Kolkata,100.35,28.21,55.69,9.62,6.13,1.88,11.49,29.16,75.47,3.12
2022-02-20,Kolkata,77.12,31.26,42.95,16.07,8.99,4.64,7.95,38.65,67.62,3.79
2022-02-21,Kolkata,102.33,40.51,79.43,14.74,7.82,3.67,16.06,35.66,79.55,6.11
2022-02-22,Kolkata,105.27,38.58,52.82,16.04,6.26,4.09,10.94,31.44,73.13,9.4
2022-02-23,Kolkata,104.01,42.0,60.1,16.15,6.34,5.31,13.08,28.5,81.01,5.36
2022-02-24,Kolkata,111.33,44.99,76.12,19.48,8.98,5.2,17.15,35.14,73.14,5.62
2022-02-25,Kolkata,107.16,32.5,65.53,15.83,10.84,5.72,18.2,31.12,82.12,6.41
2022-02-26,Kolkata,101.07,44.32,48.97,15.87,4.12,4.79,13.89,31.75,71.37,10.54
2022-02-27,Kolkata,92.68,36.55,51.69,14.03,12.69,5.79,15.77,34.71,77.64,0.81
2022-02-28,Kolkata,68.37,23.95,37.18,4.63,3.16,1.44,8.05,35.95,82.53,9.24
2022-03-01,Kolkata,99.31,34.91,44.13,9.63,5.41,4.08,11.28,30.55,78.87,7.3
2022-03-02,Kolkata,95.56,38.28,66.46,10.79,8.48,4.76,10.13,36.33,81.74,5.16
2022-03-03,Kolkata,96.12,37.54,59.92,13.6,8.86,5.09,18.86,29.17,76.91,5.27
2022-03-04,Kolkata,72.51,32.02,30.57,11.91,4.54,2.89,2.91,32.45,83.1,7.92
2022-03-05,Kolkata,75.07,33.16,58.36,12.05,4.89,4.22,6.83,32.41,70.24,10.78
2022-03-06,Kolkata,106.72,40.76,65.49,12.9,9.41,4.57,12.24,36.63,81.95,7.93
2022-03-07,Kolkata,89.98,27.15,77.93,18.73,8.64,3.75,10.34,32.44,84.46,8.79
2022-03-08,Kolkata,100.46,36.26,56.51,18.43,11.24,6.55,15.08,33.38,62.07,8.89
2022-03-09,Kolkata,90.34,36.13,55.32,13.71,4.57,5.07,13.37,36.26,83.15,9.81
2022-03-10,Kolkata,90.05,33.97,53.46,13.78,7.42,5.5,13.38,40.51,89.58,8.24
2022-03-11,Kolkata,103.38,22.17,71.92,13.89,6.67,4.77,10.62,36.18,70.88,4.77
2022-03-12,Kolkata,81.29,34.23,53.76,14.12,4.93,3.09,7.73,35.12,86.22,1.86
2022-03-13,Kolkata,90.2,34.98,43.46,8.57,9.15,5.05,12.62,37.22,76.51,6.7
2022-03-14,Kolkata,81.57,43.56,46.97,14.44,6.54,2.23,1.61,32.77,84.3,10.36
2022-03-15,Kolkata,81.75,37.27,41.15,17.11,4.61,4.3,9.77,34.04,85.82,5.88
2022-03-16,Kolkata,83.41,26.61,50.2,11.31,13.43,4.85,8.37,31.44,69.82,4.92
2022-03-17,Kolkata,91.17,37.04,66.12,17.04,7.75,4.24,12.02,33.1,87.91,7.43
2022-03-18,Kolkata,80.46,31.75,30.55,11.48,8.11,2.96,6.65,37.08,72.02,11.17
2022-03-19,Kolkata,106.29,39.86,60.67,12.57,9.26,7.77,15.88,32.15,85.16,7.05
2022-03-20,Kolkata,73.87,36.42,50.77,2.25,3.9,4.64,9.47,31.71,76.39,2.28
2022-03-21,Kolkata,84.33,33.29,68.28,15.06,11.13,5.1,14.23,40.74,81.51,7.44
2022-03-22,Kolkata,80.4,37.32,59.87,10.62,4.99,4.16,12.97,37.24,72.57,13.73
2022-03-23,Kolkata,108.58,40.23,63.03,13.58,14.08,5.67,9.63,37.47,83.59,7.44
2022-03-24,Kolkata,89.71,40.09,47.22,11.98,3.16,3.16,18.0,39.82,80.13,12.99
2022-03-25,Kolkata,102.15,40.06,59.34,15.49,7.92,4.89,16.83,35.37,83.41,11.09
2022-03-26,Kolkata,64.31,27.66,30.82,5.59,5.44,3.04,8.07,34.89,92.8,4.01
2022-03-27,Kolkata,90.53,26.26,56.98,12.45,7.87,5.11,16.0,30.44,77.13,9.29
2022-03-28,Kolkata,99.82,43.78,77.44,17.84,7.87,4.1,9.72,33.2,83.22,8.77
2022-03-29,Kolkata,87.67,28.45,49.12,15.78,7.72,4.95,12.05,39.86,81.15,6.84
2022-03-30,Kolkata,102.4,36.38,63.44,8.04,7.82,4.91,6.83,32.21,84.03,8.69
2022-03-31,Kolkata,78.65,31.97,49.64,12.08,8.78,4.06,3.61,39.89,81.85,6.23
2022-04-01,Kolkata,107.56,36.76,67.7,15.78,11.75,5.03,9.56,37.69,84.63,8.51
2022-04-02,Kolkata,120.93,51.75,72.26,18.84,12.0,6.67,13.83,39.06,68.17,14.16
2022-04-03,Kolkata,81.04,23.89,43.61,12.03,6.19,5.06,5.49,35.78,77.1,8.89
2022-04-04,Kolkata,79.85,31.62,48.66,10.33,5.37,4.28,13.36,33.19,75.63,9.84
2022-04-05,Kolkata,108.4,43.2,71.69,13.54,5.11,4.89,9.94,34.74,76.77,10.22
2022-04-06,Kolkata,110.38,42.71,67.43,17.03,9.22,5.49,15.29,32.58,86.93,7.29
2022-04-07,Kolkata,78.94,25.02,48.87,9.29,7.65,6.16,6.33,35.95,71.12,9.36
2022-04-08,Kolkata,80.59,27.81,43.36,8.79,7.91,5.04,9.76,32.34,87.81,5.75
2022-04-09,Kolkata,82.8,22.31,53.35,9.11,8.6,3.76,12.35,39.12,73.78,6.3
2022-04-10,Kolkata,67.0,26.42,52.5,8.07,4.17,3.83,5.73,35.34,72.02,14.64
2022-04-11,Kolkata,73.54,22.68,41.55,10.93,9.71,2.35,16.76,37.13,81.8,5.05
2022-04-12,Kolkata,72.43,31.83,37.67,14.66,3.85,3.51,6.47,31.87,83.37,9.61
2022-04-13,Kolkata,76.16,36.51,31.46,14.62,11.1,3.36,16.72,34.01,72.73,7.08
2022-04-14,Kolkata,87.36,40.18,45.71,11.3,8.18,4.37,12.82,35.47,81.92,6.7
2022-04-15,Kolkata,91.61,37.8,47.55,17.61,6.06,5.71,10.06,35.33,76.97,4.95
2022-04-16,Kolkata,111.58,35.91,58.51,15.77,9.35,6.59,11.61,32.03,72.15,9.44
2022-04-17,Kolkata,73.59,36.35,54.29,13.17,7.16,5.38,10.16,36.57,77.67,3.91
2022-04-18,Kolkata,103.59,38.02,62.08,15.72,12.14,5.26,17.15,33.28,77.62,4.01
2022-04-19,Kolkata,85.89,30.64,55.75,12.91,8.76,4.48,8.9,40.98,78.6,11.49
2022-04-20,Kolkata,88.64,33.45,58.86,16.08,7.51,2.08,10.71,38.17,81.6,9.34
2022-04-21,Kolkata,99.8,31.31,54.12,16.2,8.81,6.2,11.4,35.65,78.94,5.04
2022-04-22,Kolkata,73.16,17.98,47.34,11.5,4.62,2.04,11.3,33.57,81.52,13.59
2022-04-23,Kolkata,96.06,27.72,52.04,13.78,10.59,3.17,19.27,34.71,78.13,7.41
2022-04-24,Kolkata,93.16,35.08,64.28,10.77,8.14,4.27,8.13,42.0,80.58,9.84
2022-04-25,Kolkata,98.41,45.05,47.67,20.02,2.85,4.15,9.97,35.92,79.45,7.5
2022-04-26,Kolkata,95.73,38.23,49.61,9.87,9.11,5.48,17.83,31.74,81.68,7.15
2022-04-27,Kolkata,128.6,57.39,85.34,19.92,9.61,7.39,18.02,31.98,71.43,7.13
2022-04-28,Kolkata,82.6,40.62,58.73,9.05,4.27,5.4,5.37,35.49,74.84,12.85
2022-04-29,Kolkata,84.61,29.99,59.91,13.25,7.27,2.26,1.34,33.22,79.0,4.62
2022-04-30,Kolkata,83.65,28.02,54.68,14.24,6.42,4.96,5.34,32.73,85.84,8.2
2022-05-01,Kolkata,85.1,34.67,69.51,8.57,8.4,5.92,8.91,36.3,72.52,5.94
2022-05-02,Kolkata,84.32,35.65,56.98,16.01,9.89,4.15,14.89,32.6,81.77,8.62
2022-05-03,Kolkata,112.18,47.1,70.7,12.01,6.73,5.71,6.71,36.04,81.44,8.98
2022-05-04,Kolkata,116.13,40.84,80.72,23.53,9.58,6.32,14.74,35.04,76.31,7.9
2022-05-05,Kolkata,86.74,39.23,70.81,8.81,6.73,3.16,16.78,31.6,69.5,9.91
2022-05-06,Kolkata,83.32,42.05,55.3,13.11,7.48,5.58,6.5,32.93,74.26,4.5
2022-05-07,Kolkata,103.38,39.71,70.89,17.21,9.56,5.32,14.5,30.76,74.78,8.58
2022-05-08,Kolkata,88.55,36.81,55.69,12.87,6.33,7.59,14.25,34.3,74.96,6.65
2022-05-09,Kolkata,106.86,42.09,66.46,10.39,5.41,4.71,13.65,32.24,83.31,3.55
2022-05-10,Kolkata,100.96,36.63,72.74,15.54,9.85,7.1,9.34,32.56,74.35,2.14
2022-05-11,Kolkata,75.74,28.74,52.49,12.98,7.3,3.41,6.46,36.56,73.01,8.88
2022-05-12,Kolkata,122.26,49.72,85.05,21.25,7.19,4.93,16.99,32.45,73.0,11.05
2022-05-13,Kolkata,126.56,51.56,76.36,21.32,9.37,7.9,12.04,34.5,82.22,3.87
2022-05-14,Kolkata,91.03,34.69,63.75,17.13,6.94,3.82,14.75,35.96,69.0,4.39
2022-05-15,Kolkata,95.01,39.13,62.04,13.35,8.96,4.04,2.94,31.02,74.91,7.17
2022-05-16,Kolkata,105.72,36.5,48.91,14.32,10.25,6.54,17.44,29.73,68.59,9.49
2022-05-17,Kolkata,107.08,46.01,67.45,10.02,6.83,5.32,14.8,34.36,74.83,8.99
2022-05-18,Kolkata,112.57,45.45,73.03,17.82,9.14,5.36,13.83,33.39,75.2,9.14
2022-05-19,Kolkata,133.49,60.11,82.22,18.08,12.45,5.31,11.69,32.82,76.2,4.26
2022-05-20,Kolkata,101.34,38.62,55.96,13.74,9.99,5.77,12.08,30.04,66.61,12.26
2022-05-21,Kolkata,92.69,40.04,49.96,16.06,7.27,4.35,12.86,29.33,71.38,8.36
2022-05-22,Kolkata,84.65,31.36,56.14,18.3,5.26,2.57,2.15,30.97,69.53,8.62
2022-05-23,Kolkata,95.06,38.69,44.21,8.81,8.2,4.89,9.7,26.32,74.93,11.82
2022-05-24,Kolkata,106.22,43.88,56.95,16.07,5.77,6.37,13.07,25.85,70.8,9.39
2022-05-25,Kolkata,134.34,52.07,78.4,16.48,11.88,6.07,7.49,29.9,76.94,6.84
2022-05-26,Kolkata,100.37,48.84,63.65,16.07,7.77,4.95,10.99,29.97,74.41,5.19
2022-05-27,Kolkata,112.21,39.5,58.34,22.97,10.04,5.91,9.23,32.61,70.89,8.64
2022-05-28,Kolkata,109.33,38.85,66.88,15.13,7.22,6.2,6.97,32.29,74.61,5.36
2022-05-29,Kolkata,128.14,47.16,75.1,20.07,9.95,6.84,22.43,28.93,62.33,10.48
2022-05-30,Kolkata,148.97,68.0,92.52,19.08,11.67,6.33,20.45,26.25,69.11,4.99
2022-05-31,Kolkata,103.85,42.18,59.38,16.11,8.35,4.21,14.97,30.01,65.38,14.72
2022-06-01,Kolkata,105.24,44.48,61.92,20.03,12.1,5.12,14.02,27.05,69.29,7.4
2022-06-02,Kolkata,129.01,52.53,80.07,21.03,10.8,5.24,11.73,28.22,68.31,11.15
2022-06-03,Kolkata,124.35,43.93,71.75,21.51,9.35,6.68,14.36,30.48,68.28,10.0
2022-06-04,Kolkata,142.61,49.32,82.66,22.28,12.48,8.62,15.55,34.0,65.82,11.99
2022-06-05,Kolkata,124.45,53.87,67.36,19.59,9.85,6.85,14.04,28.48,75.66,7.7
2022-06-06,Kolkata,111.1,48.57,64.86,21.67,7.53,4.94,19.43,27.92,76.51,10.68
2022-06-07,Kolkata,126.15,49.69,61.18,18.86,10.3,7.47,21.49,27.04,72.19,10.3
2022-06-08,Kolkata,134.73,59.26,84.83,14.38,10.47,5.58,15.36,31.88,69.4,11.44
2022-06-09,Kolkata,131.22,54.2,68.35,12.12,10.8,6.35,11.84,23.68,63.88,7.42
2022-06-10,Kolkata,127.34,54.27,77.92,23.93,8.12,7.25,15.47,30.7,65.05,11.22
2022-06-11,Kolkata,136.56,56.1,76.5,20.45,10.45,7.32,11.67,28.37,68.89,8.1
2022-06-12,Kolkata,138.93,62.31,89.55,20.82,11.55,7.24,18.28,22.82,65.08,3.55
2022-06-13,Kolkata,142.96,63.57,85.29,20.86,13.23,7.57,12.64,27.92,64.59,2.77
2022-06-14,Kolkata,132.8,49.67,78.21,19.57,7.66,7.79,15.53,28.08,67.94,5.64
2022-06-15,Kolkata,121.4,50.84,69.9,15.52,10.86,7.56,17.47,30.57,63.0,3.21
2022-06-16,Kolkata,126.96,58.23,92.61,23.67,9.49,5.19,10.97,22.59,64.74,12.82
2022-06-17,Kolkata,143.71,56.77,88.64,25.68,10.69,9.22,25.21,27.08,62.05,10.09
2022-06-18,Kolkata,114.21,43.95,59.27,20.98,11.57,5.87,8.65,23.61,65.14,6.5
2022-06-19,Kolkata,132.85,51.44,87.89,22.13,13.38,5.65,14.57,29.41,66.51,12.6
2022-06-20,Kolkata,122.29,51.02,88.16,19.96,11.91,5.79,14.73,29.7,72.0,10.19
2022-06-21,Kolkata,129.48,51.38,88.71,12.85,7.51,7.16,15.59,28.61,63.92,9.71
2022-06-22,Kolkata,149.1,55.57,94.02,25.35,14.37,9.47,18.87,27.45,55.64,6.41
2022-06-23,Kolkata,133.66,52.5,88.6,18.22,12.29,6.68,15.33,27.2,60.96,6.71
2022-06-24,Kolkata,132.36,44.42,77.43,18.41,9.56,7.03,18.52,26.98,67.55,9.73
2022-06-25,Kolkata,112.14,43.38,63.58,17.76,10.12,7.0,18.22,24.49,61.72,10.01
2022-06-26,Kolkata,144.61,63.18,94.28,21.5,9.06,6.23,18.44,26.97,56.4,8.13
2022-06-27,Kolkata,143.97,60.75,77.17,24.91,10.76,8.46,15.14,22.69,59.26,7.71
2022-06-28,Kolkata,167.62,65.1,98.84,26.14,13.07,8.31,13.28,26.78,60.76,12.83
2022-06-29,Kolkata,131.43,47.88,64.39,21.57,11.21,5.56,9.65,30.04,67.93,0.54
2022-06-30,Kolkata,140.22,53.8,97.44,19.6,10.24,6.73,12.34,20.14,65.78,2.47
2022-07-01,Kolkata,141.55,57.86,92.02,16.88,9.48,8.29,19.12,23.23,66.18,11.62
2022-07-02,Kolkata,162.35,66.29,90.21,23.11,13.56,7.93,23.24,20.32,52.36,8.54
2022-07-03,Kolkata,138.14,52.8,77.87,15.42,11.09,6.85,19.19,24.95,58.82,11.53
2022-07-04,Kolkata,144.64,51.29,91.07,16.68,9.89,6.02,20.48,24.37,59.07,4.68
2022-07-05,Kolkata,150.45,58.68,84.16,23.72,10.05,8.85,11.35,21.98,67.18,6.69
2022-07-06,Kolkata,145.01,51.43,88.76,20.33,9.93,6.15,28.47,23.47,48.82,12.48
2022-07-07,Kolkata,136.39,57.61,75.7,17.66,12.26,6.57,8.66,29.42,55.94,12.49
2022-07-08,Kolkata,146.87,65.14,80.12,25.13,10.45,5.48,15.93,25.08,55.45,7.08
2022-07-09,Kolkata,160.94,70.09,97.42,21.61,14.28,8.24,9.23,25.0,59.38,8.06
2022-07-10,Kolkata,130.31,56.58,72.81,20.56,7.29,6.92,23.45,20.56,53.29,5.87
2022-07-11,Kolkata,148.57,60.08,80.64,23.55,13.58,7.96,10.76,26.36,61.43,10.49
2022-07-12,Kolkata,136.95,56.64,83.93,23.64,14.8,5.89,20.75,22.94,55.76,3.39
2022-07-13,Kolkata,166.24,65.07,91.77,23.54,11.1,7.86,18.32,23.32,47.99,3.66
2022-07-14,Kolkata,126.33,52.34,69.42,22.17,10.56,6.92,20.8,21.94,52.86,10.62
2022-07-15,Kolkata,141.65,59.21,83.49,25.42,10.91,7.12,17.08,19.89,55.78,12.19
2022-07-16,Kolkata,156.55,64.84,94.18,23.0,13.19,8.58,21.22,21.53,56.68,9.44
2022-07-17,Kolkata,175.23,65.05,106.48,19.8,14.98,9.42,24.02,21.18,56.27,12.27
2022-07-18,Kolkata,151.61,67.71,90.73,23.16,14.35,6.08,16.9,26.2,59.27,9.11
2022-07-19,Kolkata,145.11,50.51,86.67,20.0,12.27,6.45,13.31,15.84,60.17,6.8
2022-07-20,Kolkata,182.49,73.78,109.48,24.17,12.08,8.12,19.01,22.97,49.76,13.24
2022-07-21,Kolkata,133.39,58.49,86.5,19.65,13.7,6.45,15.88,22.22,56.92,9.91
2022-07-22,Kolkata,122.96,46.81,69.51,20.36,11.27,5.75,8.41,20.92,56.21,13.42
2022-07-23,Kolkata,163.37,59.36,94.61,23.34,15.78,8.13,15.97,23.06,50.74,4.33
2022-07-24,Kolkata,150.05,55.56,103.91,23.66,12.22,7.25,19.18,22.06,53.91,8.34
2022-07-25,Kolkata,143.08,61.58,86.03,18.53,10.22,5.18,25.28,23.65,47.98,7.15
2022-07-26,Kolkata,169.83,64.75,114.24,21.22,13.82,8.38,23.69,20.59,43.02,7.25
2022-07-27,Kolkata,163.67,60.61,98.84,28.85,9.61,7.38,17.43,19.61,55.2,7.48
2022-07-28,Kolkata,152.34,63.02,86.4,23.54,13.74,6.88,21.41,20.75,56.42,7.4
2022-07-29,Kolkata,142.39,58.86,85.11,21.07,11.91,7.66,12.09,24.74,41.58,5.95
2022-07-30,Kolkata,175.46,69.71,108.58,31.05,10.32,8.27,12.55,20.38,51.94,12.77
2022-07-31,Kolkata,172.91,69.77,112.1,27.69,12.96,7.24,21.85,15.66,56.75,7.51
2022-08-01,Kolkata,162.43,70.95,93.62,25.17,13.41,8.08,17.76,21.16,45.34,4.37
2022-08-02,Kolkata,192.38,83.17,121.25,29.06,18.72,9.35,28.38,20.37,44.55,13.54
2022-08-03,Kolkata,149.39,64.71,88.66,24.59,11.14,8.3,8.36,16.63,54.28,7.25
2022-08-04,Kolkata,143.3,58.36,75.21,27.04,13.84,6.96,15.58,22.64,59.01,10.86
2022-08-05,Kolkata,156.54,73.48,86.55,21.02,10.15,8.27,19.49,18.95,52.85,11.7
2022-08-06,Kolkata,166.96,59.16,95.4,27.51,12.42,7.55,24.11,15.39,47.02,8.99
2022-08-07,Kolkata,172.02,65.94,109.48,24.1,16.58,8.48,23.33,21.36,45.11,1.84
2022-08-08,Kolkata,165.46,67.99,99.86,26.49,12.78,7.84,27.89,14.57,51.64,6.28
2022-08-09,Kolkata,175.07,68.35,102.5,23.85,15.15,10.14,22.89,19.16,42.76,9.55
2022-08-10,Kolkata,151.71,71.46,87.98,21.63,11.01,7.1,7.22,19.93,43.2,3.17
2022-08-11,Kolkata,192.82,80.89,107.04,27.91,18.36,8.23,17.01,19.39,52.91,3.28
2022-08-12,Kolkata,170.61,70.28,107.01,19.41,15.25,9.41,19.23,22.21,52.58,8.31
2022-08-13,Kolkata,189.26,73.45,105.77,28.28,16.28,9.14,13.92,22.13,47.59,6.86
2022-08-14,Kolkata,178.3,75.61,119.18,18.34,15.13,7.49,23.39,18.58,49.56,6.5
2022-08-15,Kolkata,180.66,62.9,104.79,28.32,16.48,7.86,25.79,16.12,47.95,6.47
2022-08-16,Kolkata,182.99,74.11,116.93,23.77,13.28,9.33,31.56,15.35,56.09,14.01
2022-08-17,Kolkata,181.78,72.23,106.68,25.19,14.41,7.68,21.51,22.31,42.59,7.28
2022-08-18,Kolkata,185.32,65.62,114.18,28.59,14.95,9.05,21.07,19.21,45.26,8.94
2022-08-19,Kolkata,196.22,79.56,126.72,31.46,16.08,11.33,25.23,21.5,48.21,2.47
2022-08-20,Kolkata,179.82,78.45,108.97,26.82,14.95,8.65,22.49,15.7,51.32,7.66
2022-08-21,Kolkata,188.09,73.32,105.45,29.02,15.42,9.79,18.46,12.56,47.85,12.45
2022-08-22,Kolkata,176.68,65.54,118.72,27.35,14.12,8.44,15.66,20.21,40.62,5.66
2022-08-23,Kolkata,200.18,85.03,105.05,25.46,15.98,10.3,25.96,16.24,56.94,7.32
2022-08-24,Kolkata,168.98,66.44,95.01,25.72,14.75,9.65,14.32,16.3,46.31,9.76
2022-08-25,Kolkata,206.68,82.7,128.35,28.57,19.65,11.33,19.42,13.71,38.64,10.03
2022-08-26,Kolkata,179.58,65.41,105.1,28.3,14.23,9.24,17.29,18.62,40.6,7.03
2022-08-27,Kolkata,159.24,64.88,96.37,23.96,11.24,7.66,19.12,12.61,41.16,9.16
2022-08-28,Kolkata,183.12,66.86,119.12,31.28,12.16,10.51,21.4,17.9,40.8,10.77
2022-08-29,Kolkata,171.47,70.62,96.37,22.22,10.8,8.76,22.87,18.5,42.51,4.53
2022-08-30,Kolkata,194.77,74.5,126.08,27.76,15.87,8.66,24.72,15.08,48.15,10.32
2022-08-31,Kolkata,172.83,66.65,102.68,24.27,10.99,7.78,21.53,17.34,43.48,7.09
2022-09-01,Kolkata,176.37,75.21,106.33,28.57,10.56,4.9,22.3,12.01,41.5,7.09
2022-09-02,Kolkata,155.16,70.0,96.29,23.77,14.09,8.13,16.79,19.41,36.85,8.97
2022-09-03,Kolkata,177.14,63.12,107.91,27.15,17.52,7.29,18.85,18.59,43.92,8.54
2022-09-04,Kolkata,147.97,54.41,84.06,25.93,11.73,7.77,17.3,12.49,46.75,9.51
2022-09-05,Kolkata,160.97,75.92,88.46,26.61,10.25,8.21,23.22,9.75,40.91,6.31
2022-09-06,Kolkata,196.52,75.1,120.99,32.84,15.45,10.03,24.04,15.9,36.34,11.33
2022-09-07,Kolkata,197.27,80.38,121.52,27.17,14.86,9.69,17.54,10.76,38.64,9.57
2022-09-08,Kolkata,192.22,73.62,107.18,26.39,14.47,9.26,31.73,18.92,46.64,11.51
2022-09-09,Kolkata,171.67,63.67,93.22,22.43,16.4,8.04,15.6,14.4,40.19,8.81
2022-09-10,Kolkata,185.79,75.57,104.85,29.93,13.58,9.13,25.04,13.71,38.42,9.78
2022-09-11,Kolkata,186.76,70.42,108.98,29.68,19.05,9.94,24.3,17.16,35.78,8.35
2022-09-12,Kolkata,169.74,67.75,104.42,25.81,14.34,8.18,20.6,11.83,39.43,12.17
2022-09-13,Kolkata,209.96,85.58,125.81,37.18,14.07,9.39,32.05,15.6,39.71,4.4
2022-09-14,Kolkata,200.84,82.57,124.86,26.84,15.79,9.71,25.12,12.06,47.09,10.75
2022-09-15,Kolkata,184.62,72.03,109.04,27.28,13.21,8.79,21.07,20.2,45.46,10.8
2022-09-16,Kolkata,188.58,77.28,104.21,28.16,17.03,8.17,25.18,22.29,45.95,12.24
2022-09-17,Kolkata,191.53,77.7,122.66,26.58,16.91,10.23,24.14,19.23,37.86,7.44
2022-09-18,Kolkata,157.99,63.68,86.56,24.38,9.2,8.95,19.15,13.68,36.31,7.3
2022-09-19,Kolkata,185.11,77.49,115.45,25.65,13.12,9.91,19.32,15.38,41.03,8.94
2022-09-20,Kolkata,178.78,75.8,97.16,21.08,13.17,10.74,29.54,20.66,39.38,2.65
2022-09-21,Kolkata,174.15,57.95,99.58,25.53,16.53,9.58,21.81,12.47,35.48,8.76
2022-09-22,Kolkata,185.12,77.53,114.21,24.66,16.11,9.68,17.93,12.76,43.67,7.3
2022-09-23,Kolkata,216.44,94.52,133.87,31.01,17.29,10.89,23.06,12.35,43.68,10.54
2022-09-24,Kolkata,199.22,82.71,131.65,28.26,19.29,9.06,19.86,9.79,37.91,6.49
2022-09-25,Kolkata,181.15,75.09,110.64,23.59,13.71,8.69,14.63,12.11,36.24,12.3
2022-09-26,Kolkata,198.4,80.32,124.34,25.26,18.26,11.22,15.81,12.92,42.55,9.93
2020-01-01,Delhi,189.82,70.04,117.36,31.81,16.7,10.58,21.93,23.6,56.32,7.83
2020-01-02,Delhi,194.58,77.44,118.4,28.8,15.3,8.95,27.12,25.4,59.47,5.76
2020-01-03,Delhi,189.36,69.08,124.08,30.07,11.9,10.23,26.41,25.72,68.68,8.65
2020-01-04,Delhi,199.14,72.57,122.4,30.6,14.72,10.53,17.23,28.49,56.64,5.05
2020-01-05,Delhi,214.6,85.27,132.22,32.68,15.68,10.22,21.22,25.01,66.75,7.99
2020-01-06,Delhi,184.24,77.99,122.18,25.87,14.37,11.38,27.89,20.84,63.66,8.0
2020-01-07,Delhi,209.98,88.12,120.03,28.98,15.45,9.93,28.46,22.49,58.95,2.63
2020-01-08,Delhi,182.4,78.0,119.61,26.38,14.0,9.57,27.79,27.43,58.92,3.14
2020-01-09,Delhi,180.58,66.66,108.93,25.12,14.84,8.48,17.44,22.84,70.56,10.67
2020-01-10,Delhi,204.74,90.55,127.17,29.42,19.03,10.2,25.45,26.41,48.35,12.81
2020-01-11,Delhi,205.46,84.64,125.92,30.63,16.76,9.68,27.12,22.79,64.36,9.68
2020-01-12,Delhi,203.58,80.44,125.11,27.56,14.35,10.42,27.14,21.26,66.37,6.37
2020-01-13,Delhi,170.25,67.14,91.43,22.98,15.55,8.55,18.9,26.7,66.55,9.32
2020-01-14,Delhi,182.17,72.49,118.05,30.24,15.4,9.16,24.49,28.16,69.74,10.7
2020-01-15,Delhi,200.69,75.19,111.73,28.0,18.01,8.46,25.66,28.47,70.59,8.54
2020-01-16,Delhi,188.16,68.55,105.22,24.68,13.98,9.22,17.92,31.97,58.48,12.04
2020-01-17,Delhi,170.62,74.17,109.56,23.51,14.33,7.25,24.12,27.5,63.39,4.33
2020-01-18,Delhi,192.79,64.73,107.37,32.26,14.62,9.47,25.76,33.3,72.39,5.08
2020-01-19,Delhi,174.39,60.04,123.51,32.97,14.33,7.45,24.78,27.73,65.53,10.68
2020-01-20,Delhi,211.23,86.17,117.25,30.71,18.22,11.07,26.4,31.01,64.62,8.54
2020-01-21,Delhi,206.7,65.8,120.42,33.3,15.75,9.87,20.64,31.39,69.49,10.48
2020-01-22,Delhi,191.8,68.09,113.79,27.93,14.78,8.97,21.63,31.09,57.51,13.33
2020-01-23,Delhi,202.37,83.37,121.08,33.08,13.29,9.45,23.8,32.79,67.16,9.35
2020-01-24,Delhi,182.15,69.91,113.18,32.35,16.56,9.03,24.56,30.59,70.25,11.34
2020-01-25,Delhi,191.89,82.28,114.12,30.71,14.58,8.67,21.95,28.79,59.72,10.58
2020-01-26,Delhi,201.81,66.89,142.8,34.78,15.62,10.1,25.43,27.4,69.31,7.57
2020-01-27,Delhi,182.56,72.55,110.99,23.44,14.68,9.29,22.42,28.68,74.34,6.94
2020-01-28,Delhi,174.3,70.86,114.96,25.91,14.37,8.62,25.87,28.71,75.38,7.69
2020-01-29,Delhi,151.81,56.43,96.52,21.86,13.39,4.86,18.24,28.26,63.95,6.34
2020-01-30,Delhi,175.4,67.29,104.85,22.21,14.66,10.14,22.17,32.21,75.05,11.71
2020-01-31,Delhi,188.26,84.66,108.96,26.08,16.63,10.12,25.69,35.61,69.93,9.28
2020-02-01,Delhi,189.37,70.85,130.71,27.4,14.53,9.12,20.14,27.9,67.55,3.9
2020-02-02,Delhi,182.03,68.89,124.81,29.51,16.41,10.28,29.18,24.92,64.32,5.59
2020-02-03,Delhi,165.64,63.91,96.98,23.51,13.69,8.32,16.99,23.85,65.8,6.35
2020-02-04,Delhi,143.41,56.13,77.01,20.04,9.21,7.04,12.92,27.98,64.51,7.54
2020-02-05,Delhi,164.94,61.64,106.22,25.96,13.06,7.45,21.31,32.74,72.05,12.81
2020-02-06,Delhi,167.11,69.14,107.58,25.47,14.72,7.56,18.22,31.86,73.33,9.52
2020-02-07,Delhi,166.31,72.03,88.39,22.02,13.76,7.59,33.47,32.49,71.5,6.45
2020-02-08,Delhi,179.61,69.44,108.01,27.28,13.46,8.71,26.93,35.24,73.43,3.98
2020-02-09,Delhi,199.46,82.48,132.11,34.03,17.43,11.4,24.15,33.1,69.04,8.88
2020-02-10,Delhi,170.88,75.0,97.81,23.05,13.87,8.32,23.1,29.99,81.3,4.13
2020-02-11,Delhi,165.14,72.32,92.96,19.38,13.69,8.0,15.38,26.44,72.93,10.93
2020-02-12,Delhi,163.87,68.47,98.78,26.02,13.06,6.76,13.98,31.01,72.43,10.55
2020-02-13,Delhi,169.0,71.39,106.24,24.51,10.76,8.86,22.38,24.58,69.32,5.93
2020-02-14,Delhi,154.1,62.23,86.03,23.0,11.91,7.55,15.63,29.95,68.34,9.14
2020-02-15,Delhi,167.73,69.95,94.47,29.72,12.79,9.92,17.56,25.91,76.0,8.75
2020-02-16,Delhi,172.1,69.01,98.12,25.71,12.75,8.3,24.02,32.67,77.28,7.3
2020-02-17,Delhi,167.9,65.45,91.51,24.08,6.79,7.8,19.82,33.93,73.13,9.04
2020-02-18,Delhi,171.05,57.52,102.18,20.62,11.27,8.37,25.63,33.47,74.8,7.94
2020-02-19,Delhi,170.14,64.49,97.73,26.8,10.84,9.1,18.86,34.95,79.74,2.98
2020-02-20,Delhi,136.51,51.69,75.06,15.04,8.86,9.27,18.82,38.33,79.31,5.77
2020-02-21,Delhi,172.1,66.93,107.97,27.13,12.61,7.1,33.8,32.27,73.76,8.34
2020-02-22,Delhi,151.96,59.57,92.16,26.65,11.91,6.44,17.59,31.41,82.73,11.51
2020-02-23,Delhi,145.08,58.57,76.82,18.08,11.64,7.59,15.91,31.47,72.85,7.93
2020-02-24,Delhi,144.45,45.86,77.86,19.79,13.97,6.41,18.06,33.69,82.52,11.79
2020-02-25,Delhi,167.03,66.52,96.41,23.06,12.88,7.92,22.26,34.38,79.19,11.78
2020-02-26,Delhi,156.71,72.0,95.02,26.8,11.83,9.02,23.05,36.24,76.9,5.99
2020-02-27,Delhi,134.35,46.77,80.29,24.75,10.13,7.5,19.5,32.46,83.21,0.73
2020-02-28,Delhi,166.3,60.41,92.45,22.49,13.98,8.61,21.53,35.19,72.06,4.35
2020-02-29,Delhi,137.1,56.82,77.22,15.85,12.91,8.25,22.68,34.06,80.13,12.11
2020-03-01,Delhi,160.36,60.94,105.1,24.88,14.66,8.2,24.43,34.26,69.76,12.36
2020-03-02,Delhi,161.42,59.83,106.88,23.94,15.27,9.21,21.09,35.2,79.46,1.96
2020-03-03,Delhi,170.73,68.88,93.51,26.12,11.37,7.35,26.91,36.97,77.5,8.55
2020-03-04,Delhi,183.78,72.27,114.83,25.54,16.69,8.94,20.37,33.91,74.73,8.99
2020-03-05,Delhi,136.21,51.8,85.47,24.08,9.46,6.68,18.19,32.61,80.16,9.67
2020-03-06,Delhi,155.53,67.63,88.47,20.5,11.83,6.81,20.92,30.51,89.66,11.89
2020-03-07,Delhi,151.82,60.79,98.03,17.86,17.19,7.0,17.74,28.5,80.57,4.68
2020-03-08,Delhi,162.14,65.36,92.93,21.09,11.36,8.33,14.33,31.89,81.6,15.81
2020-03-09,Delhi,158.55,65.81,87.79,22.68,12.75,7.58,22.64,34.86,82.96,7.06
2020-03-10,Delhi,149.71,66.51,88.5,19.54,16.33,5.66,15.01,32.39,91.09,13.42
2020-03-11,Delhi,148.09,66.71,86.21,29.49,12.58,8.38,18.49,34.19,77.42,7.37
2020-03-12,Delhi,137.68,58.11,85.55,20.56,14.03,3.92,18.56,36.55,84.53,7.81
2020-03-13,Delhi,168.98,68.63,109.27,29.82,12.92,8.72,26.99,28.08,75.46,12.4
2020-03-14,Delhi,160.8,69.78,100.66,22.77,11.1,7.45,25.49,32.63,79.53,5.74
2020-03-15,Delhi,167.43,71.19,96.15,24.82,10.03,6.76,20.12,30.59,89.65,1.82
2020-03-16,Delhi,148.79,55.51,89.41,21.22,9.69,6.48,13.89,33.75,88.98,8.23
2020-03-17,Delhi,143.38,63.27,90.08,24.85,5.87,6.86,22.43,32.94,88.13,12.45
2020-03-18,Delhi,136.86,52.4,78.09,17.49,9.69,5.61,18.14,30.33,82.42,9.88
2020-03-19,Delhi,158.24,54.99,107.34,25.28,14.16,7.15,21.48,38.12,78.99,14.01
2020-03-20,Delhi,137.09,55.06,91.38,21.44,12.14,5.18,17.94,32.57,75.32,13.23
2020-03-21,Delhi,180.26,71.04,100.13,25.96,11.82,10.45,18.85,36.4,86.41,6.5
2020-03-22,Delhi,132.78,55.77,71.43,27.25,12.5,6.45,12.84,34.5,77.99,13.86
2020-03-23,Delhi,156.38,56.42,94.9,23.4,12.28,7.71,18.3,37.49,82.79,9.26
2020-03-24,Delhi,175.67,55.1,107.8,21.38,15.35,10.26,17.37,34.11,76.8,11.71
2020-03-25,Delhi,161.06,64.9,110.46,25.4,13.37,8.12,22.6,29.71,80.27,7.79
2020-03-26,Delhi,154.62,65.48,91.27,20.08,12.38,6.65,10.85,37.12,82.78,9.4
2020-03-27,Delhi,137.4,61.47,77.12,16.32,10.85,6.52,13.12,34.72,76.86,2.49
2020-03-28,Delhi,131.15,50.25,69.6,20.37,9.18,7.67,22.15,37.01,72.19,12.52
2020-03-29,Delhi,163.39,73.23,98.18,28.48,11.97,6.3,16.57,40.17,72.51,8.0
2020-03-30,Delhi,174.41,69.93,100.54,24.83,14.1,8.16,15.24,35.64,85.35,10.61
2020-03-31,Delhi,145.23,54.04,77.13,20.93,14.75,7.91,20.24,37.67,82.1,8.36
2020-04-01,Delhi,134.73,57.21,76.47,15.97,12.22,7.97,11.7,37.47,88.4,7.99
2020-04-02,Delhi,114.97,41.9,69.97,15.59,7.96,6.18,7.38,30.67,80.09,7.93
2020-04-03,Delhi,137.17,56.59,97.3,20.89,12.17,5.88,19.53,33.42,80.35,7.67
2020-04-04,Delhi,150.23,65.26,79.66,15.68,11.59,7.98,18.64,38.69,82.16,6.31
2020-04-05,Delhi,175.99,58.77,103.7,29.48,13.3,8.83,22.8,31.93,83.07,12.91
2020-04-06,Delhi,162.18,64.01,88.28,24.13,8.53,8.45,21.27,39.99,78.96,9.23
2020-04-07,Delhi,156.76,58.4,91.21,18.94,12.15,7.53,20.01,33.08,80.32,7.0
2020-04-08,Delhi,146.3,56.86,88.42,22.07,13.23,7.19,16.16,34.39,76.29,6.92
2020-04-09,Delhi,143.68,67.63,78.9,20.72,10.72,6.94,15.92,35.75,71.27,11.11
2020-04-10,Delhi,173.65,72.62,94.25,19.24,11.94,8.44,31.16,36.52,70.74,5.93
2020-04-11,Delhi,155.73,62.03,95.47,19.42,12.19,7.07,14.27,35.64,83.59,10.52
2020-04-12,Delhi,121.35,51.41,68.83,20.35,10.33,6.2,12.12,33.34,80.03,15.32
2020-04-13,Delhi,142.98,58.7,80.9,18.95,10.45,9.33,15.56,37.52,77.71,8.78
2020-04-14,Delhi,140.41,60.12,79.67,19.14,14.55,8.0,20.01,37.12,81.82,14.05
2020-04-15,Delhi,145.3,58.34,91.8,17.44,9.97,6.06,22.53,27.06,77.43,0.98
2020-04-16,Delhi,162.17,60.71,93.37,28.48,13.77,7.28,23.72,34.73,79.55,4.39
2020-04-17,Delhi,152.35,55.99,84.81,22.99,12.34,9.16,19.82,26.51,80.58,3.65
2020-04-18,Delhi,153.07,56.4,85.35,20.97,9.5,7.86,12.73,35.66,90.36,4.01
2020-04-19,Delhi,174.2,68.26,84.33,25.23,15.22,9.43,21.21,37.2,91.8,13.14
2020-04-20,Delhi,144.34,55.12,74.99,20.43,9.65,7.67,12.6,34.27,83.16,7.7
2020-04-21,Delhi,183.04,68.49,119.23,21.82,13.99,9.11,22.03,34.97,81.91,7.89
2020-04-22,Delhi,145.33,56.29,83.94,19.96,13.2,6.62,20.83,34.43,76.13,9.86
2020-04-23,Delhi,157.06,59.19,99.34,24.2,11.37,8.38,21.03,37.78,83.45,9.47
2020-04-24,Delhi,151.85,55.1,110.7,18.57,14.05,8.02,13.53,33.87,78.09,11.92
2020-04-25,Delhi,158.27,59.74,92.87,16.73,16.13,6.84,20.3,33.87,77.86,10.43
2020-04-26,Delhi,163.46,73.74,100.09,26.48,13.73,9.19,17.76,37.33,83.76,11.25
2020-04-27,Delhi,163.68,62.17,96.86,25.27,10.35,9.78,19.59,34.89,75.18,4.02
2020-04-28,Delhi,146.27,55.49,89.52,23.96,12.03,7.66,16.2,35.45,85.33,10.11
2020-04-29,Delhi,141.13,60.5,87.03,16.66,9.2,7.51,16.89,35.2,86.14,10.18
2020-04-30,Delhi,195.95,84.67,118.33,26.97,15.56,8.99,29.75,36.17,80.2,11.71
2020-05-01,Delhi,151.57,50.53,95.65,18.8,12.11,7.27,20.84,34.4,84.16,6.19
2020-05-02,Delhi,169.77,71.45,103.16,20.56,11.74,8.34,24.82,35.02,71.43,7.58
2020-05-03,Delhi,135.63,64.34,82.27,19.36,11.83,7.54,14.45,35.05,75.44,10.16
2020-05-04,Delhi,156.02,63.26,97.47,21.13,10.84,8.75,18.41,34.31,75.37,10.7
2020-05-05,Delhi,158.8,60.48,94.19,26.18,15.05,7.42,26.89,34.3,71.5,9.11
2020-05-06,Delhi,168.29,65.4,104.45,25.12,13.61,7.5,24.16,29.8,70.98,9.1
2020-05-07,Delhi,120.88,56.36,69.71,20.23,11.82,6.86,13.26,29.89,65.29,7.21
2020-05-08,Delhi,164.73,71.78,89.84,26.81,11.28,8.34,22.6,31.09,76.98,6.75
2020-05-09,Delhi,145.52,61.74,89.2,22.0,14.76,7.94,14.7,32.7,75.54,8.24
2020-05-10,Delhi,168.18,79.9,103.88,19.12,12.37,6.48,18.86,26.89,71.36,3.44
2020-05-11,Delhi,148.33,61.25,89.0,23.16,11.66,6.02,19.85,38.52,77.54,6.72
2020-05-12,Delhi,151.61,53.5,83.7,24.1,14.28,7.84,21.39,34.76,77.81,6.02
2020-05-13,Delhi,160.92,65.24,89.77,24.19,13.54,9.72,14.07,33.97,82.46,10.28
2020-05-14,Delhi,149.83,64.1,94.6,26.37,9.81,6.11,17.95,25.93,80.98,11.66
2020-05-15,Delhi,159.09,61.47,92.49,23.65,12.83,8.08,21.32,31.78,79.31,9.34
2020-05-16,Delhi,148.94,56.54,100.04,18.27,11.73,8.41,14.98,33.11,77.07,5.42
2020-05-17,Delhi,139.96,55.62,82.73,19.34,15.8,6.24,20.82,30.88,68.68,8.31
2020-05-18,Delhi,183.37,76.59,117.38,32.19,20.56,9.42,19.35,33.29,72.53,10.78
2020-05-19,Delhi,149.3,53.23,108.53,24.96,8.58,6.76,21.18,35.34,67.25,10.14
2020-05-20,Delhi,166.72,56.95,99.32,28.34,12.23,6.83,20.59,29.87,76.51,5.34
2020-05-21,Delhi,181.36,68.68,92.65,27.71,14.19,7.88,22.54,34.63,72.03,8.8
2020-05-22,Delhi,161.51,65.97,87.27,30.4,11.98,8.73,22.46,31.0,75.88,8.74
2020-05-23,Delhi,159.04,56.53,92.77,22.02,11.8,6.65,23.59,36.09,77.47,11.81
2020-05-24,Delhi,175.51,68.48,100.22,23.99,15.33,9.0,20.75,35.04,74.33,5.48
2020-05-25,Delhi,189.59,72.43,119.21,31.56,16.27,11.38,29.29,32.34,67.84,4.07
2020-05-26,Delhi,155.99,60.46,99.62,28.88,13.31,8.97,17.74,32.75,75.87,2.06
2020-05-27,Delhi,172.0,66.73,110.8,26.62,11.37,6.17,19.18,30.52,67.06,8.43
2020-05-28,Delhi,148.99,62.13,94.76,15.28,9.29,7.15,20.17,32.06,73.55,6.85
2020-05-29,Delhi,169.82,66.29,96.07,27.78,11.74,9.34,21.21,30.32,67.62,3.93
2020-05-30,Delhi,176.98,67.55,103.55,19.44,13.76,9.77,23.51,28.82,70.85,6.33
2020-05-31,Delhi,164.4,66.5,110.96,27.57,14.19,7.73,22.73,25.1,69.06,9.75
2020-06-01,Delhi,171.12,72.15,108.03,26.55,13.3,9.09,16.72,27.48,70.33,8.52
2020-06-02,Delhi,157.62,53.92,98.21,25.96,12.46,10.26,16.18,28.78,67.75,7.77
2020-06-03,Delhi,180.68,70.63,97.15,25.46,14.26,10.26,30.49,33.72,65.55,5.91
2020-06-04,Delhi,196.14,77.66,131.96,28.92,13.04,9.31,26.57,31.63,68.12,10.05
2020-06-05,Delhi,164.64,54.49,99.61,27.28,11.51,7.4,12.29,34.17,65.21,8.72
2020-06-06,Delhi,172.55,72.04,115.63,25.42,12.73,8.8,25.84,28.74,63.73,3.38
2020-06-07,Delhi,190.23,69.99,121.05,27.57,14.0,8.8,23.17,28.38,66.82,12.05
2020-06-08,Delhi,201.68,88.36,108.13,31.24,14.58,9.84,25.44,28.3,69.02,10.02
2020-06-09,Delhi,161.92,66.24,91.98,22.4,10.07,7.24,27.28,26.4,61.59,8.96
2020-06-10,Delhi,182.6,72.49,108.0,31.62,15.71,8.6,20.21,27.11,71.61,7.08
2020-06-11,Delhi,190.21,67.12,113.74,23.92,19.58,8.54,22.18,29.23,65.47,7.13
2020-06-12,Delhi,185.26,76.21,123.36,30.09,17.78,8.22,23.5,28.76,68.34,12.13
2020-06-13,Delhi,150.47,59.09,87.04,24.17,8.48,7.29,17.52,25.37,71.55,4.81
2020-06-14,Delhi,195.98,77.71,119.93,33.46,15.66,10.74,26.32,28.34,60.49,3.7
2020-06-15,Delhi,212.1,85.37,122.92,34.57,18.46,10.42,20.82,29.33,60.51,5.72
2020-06-16,Delhi,191.91,71.87,114.04,32.3,15.34,9.15,16.93,29.29,61.37,8.35
2020-06-17,Delhi,175.54,68.45,112.03,25.86,13.93,9.26,29.49,30.14,64.5,8.01
2020-06-18,Delhi,184.17,71.04,102.9,25.97,13.19,9.86,17.82,31.3,68.37,8.06
2020-06-19,Delhi,219.27,87.71,127.11,33.7,19.72,10.26,20.18,29.24,65.89,4.64
2020-06-20,Delhi,207.24,79.23,117.47,28.91,15.93,10.1,22.27,24.69,62.79,8.5
2020-06-21,Delhi,204.05,80.04,131.7,32.13,13.14,10.73,26.91,25.49,56.12,8.02
2020-06-22,Delhi,200.67,80.23,111.43,25.75,15.88,9.8,22.41,26.38,57.74,6.7
2020-06-23,Delhi,186.27,77.18,108.96,22.93,13.96,8.24,23.42,27.41,54.62,10.28
2020-06-24,Delhi,194.05,72.06,128.91,28.96,13.03,8.56,24.68,25.11,62.09,12.84
2020-06-25,Delhi,196.77,75.21,118.54,33.77,16.28,8.23,25.63,22.63,69.27,5.53
2020-06-26,Delhi,207.06,97.67,135.97,28.67,16.6,11.11,27.98,27.27,68.15,7.63
2020-06-27,Delhi,222.32,87.1,130.62,35.92,18.52,11.41,29.86,19.62,63.1,8.66
2020-06-28,Delhi,217.34,95.28,118.18,37.27,17.54,11.36,32.79,27.28,63.21,8.73
2020-06-29,Delhi,180.16,69.65,107.87,24.88,14.32,6.67,23.34,25.07,59.18,8.66
2020-06-30,Delhi,205.69,75.11,138.85,30.55,16.16,9.32,24.78,29.42,65.7,10.56
2020-07-01,Delhi,214.26,88.44,125.69,27.79,16.74,10.48,29.91,26.01,68.23,11.59
2020-07-02,Delhi,213.37,83.07,113.66,36.16,19.79,9.3,31.64,26.06,60.63,12.84
2020-07-03,Delhi,195.53,84.94,122.53,30.75,16.88,9.38,23.24,22.03,57.82,6.9
2020-07-04,Delhi,249.56,96.65,150.83,36.46,20.97,10.86,29.49,24.96,57.59,7.48
2020-07-05,Delhi,187.57,67.1,115.4,30.08,15.99,10.42,23.32,25.83,59.58,10.06
2020-07-06,Delhi,191.36,68.66,107.67,33.46,10.39,9.43,27.65,23.95,56.43,8.39
2020-07-07,Delhi,211.99,83.03,127.44,29.75,19.18,12.02,24.91,19.9,55.49,7.45
2020-07-08,Delhi,241.11,98.97,136.6,33.86,20.31,12.99,26.45,19.88,74.19,10.35
2020-07-09,Delhi,197.69,77.74,125.57,29.28,17.55,10.04,24.09,23.37,50.19,13.81
2020-07-10,Delhi,207.12,78.14,113.39,30.43,14.65,10.3,27.61,26.53,61.16,7.08
2020-07-11,Delhi,228.14,91.5,140.15,28.95,19.39,9.95,35.54,22.16,55.82,5.69
2020-07-12,Delhi,212.58,81.88,145.74,34.71,13.91,12.13,30.28,22.36,57.94,7.96
2020-07-13,Delhi,208.69,93.34,118.85,31.74,15.84,9.0,33.81,19.49,57.17,2.78
2020-07-14,Delhi,223.06,87.23,137.21,30.98,19.02,10.88,31.41,26.95,52.8,8.23
2020-07-15,Delhi,219.52,88.73,136.67,32.97,17.94,10.73,26.8,26.59,58.62,10.1
2020-07-16,Delhi,231.75,96.31,137.82,35.72,16.37,12.86,16.68,22.27,60.76,3.91
2020-07-17,Delhi,236.52,96.61,136.46,34.37,20.81,12.02,20.24,19.43,59.6,9.35
2020-07-18,Delhi,222.6,97.78,147.02,32.36,22.81,11.15,22.86,20.3,43.11,12.82
2020-07-19,Delhi,223.21,97.26,125.8,32.8,18.05,10.2,19.76,21.4,52.46,6.83
2020-07-20,Delhi,222.89,90.27,145.17,32.52,18.17,11.87,28.96,20.03,54.22,9.64
2020-07-21,Delhi,227.85,85.5,146.82,38.47,16.78,11.59,29.91,20.07,55.82,8.49
2020-07-22,Delhi,222.17,81.53,136.97,30.02,19.65,10.44,26.02,25.66,55.57,4.76
2020-07-23,Delhi,222.16,83.79,128.5,34.51,18.49,10.26,21.99,22.23,51.86,14.47
2020-07-24,Delhi,240.93,96.56,159.07,32.63,16.13,10.93,33.67,26.49,48.53,6.62
2020-07-25,Delhi,246.54,92.77,133.43,39.14,20.17,12.34,23.98,25.98,49.61,9.6
2020-07-26,Delhi,201.99,73.52,119.67,31.17,16.81,10.25,26.22,17.51,52.8,8.34
2020-07-27,Delhi,225.56,91.38,135.91,30.01,15.41,9.06,30.34,23.23,55.72,8.92
2020-07-28,Delhi,215.88,75.68,121.31,32.89,17.54,10.57,27.38,20.63,51.79,6.08
2020-07-29,Delhi,222.33,93.84,129.95,29.36,16.24,10.77,30.66,20.31,49.95,4.25
2020-07-30,Delhi,233.82,97.45,135.07,34.77,21.67,12.2,21.54,14.98,50.26,4.36
2020-07-31,Delhi,238.6,98.68,143.5,36.29,17.67,13.67,40.0,19.3,52.04,8.29
2020-08-01,Delhi,227.64,89.76,129.93,30.89,15.94,11.79,25.24,12.25,52.2,7.89
2020-08-02,Delhi,201.38,87.29,123.81,25.77,11.65,9.35,21.67,22.67,49.63,11.4
2020-08-03,Delhi,216.36,79.92,137.54,34.62,13.27,12.14,26.34,20.87,45.06,11.83
2020-08-04,Delhi,245.03,92.08,153.67,39.22,17.65,14.23,30.33,21.51,41.46,14.35
2020-08-05,Delhi,191.21,70.36,122.93,25.7,14.06,10.35,27.06,15.59,54.26,11.13
2020-08-06,Delhi,250.86,95.65,163.31,33.26,18.82,13.02,26.69,20.05,49.73,7.44
2020-08-07,Delhi,241.59,100.8,143.13,36.93,21.62,12.87,32.13,15.67,50.87,5.36
2020-08-08,Delhi,254.22,95.28,151.96,35.42,21.92,13.53,22.9,16.5,40.67,6.61
2020-08-09,Delhi,232.21,95.16,137.39,33.06,21.18,9.31,32.81,17.21,47.3,6.42
2020-08-10,Delhi,204.96,89.7,113.13,30.78,17.45,8.64,20.92,18.27,42.99,5.55
2020-08-11,Delhi,243.02,95.46,151.01,35.42,21.6,11.15,24.15,24.36,43.87,4.07
2020-08-12,Delhi,256.36,93.83,162.42,37.43,20.0,12.66,34.81,17.91,58.62,8.4
2020-08-13,Delhi,251.77,106.02,157.51,37.66,18.97,12.92,32.25,16.6,47.47,11.71
2020-08-14,Delhi,228.62,101.8,144.01,39.88,17.03,12.13,32.79,15.5,43.96,13.21
2020-08-15,Delhi,240.51,91.33,133.57,40.66,21.63,12.46,28.68,16.75,47.54,12.74
2020-08-16,Delhi,231.85,93.93,156.44,32.08,18.51,11.22,23.48,17.48,47.97,9.57
2020-08-17,Delhi,228.17,102.12,140.62,37.68,18.39,13.09,36.97,19.42,40.68,6.35
2020-08-18,Delhi,255.41,103.57,156.9,40.41,21.35,12.78,28.1,18.91,54.68,11.06
2020-08-19,Delhi,223.72,92.16,142.47,32.44,16.88,10.44,26.35,16.32,51.22,6.57
2020-08-20,Delhi,228.87,87.53,152.86,32.98,18.62,11.89,22.92,21.18,48.13,12.68
2020-08-21,Delhi,226.29,87.12,136.57,34.06,18.63,9.86,27.6,13.08,46.51,1.61
2020-08-22,Delhi,221.07,79.17,139.19,31.52,15.71,12.32,27.84,19.87,43.67,16.04
2020-08-23,Delhi,246.18,95.45,161.66,36.74,16.39,12.79,30.8,13.99,39.68,7.93
2020-08-24,Delhi,261.95,106.53,137.41,42.45,19.97,11.77,35.2,16.97,50.16,9.31
2020-08-25,Delhi,242.29,96.91,144.15,37.79,18.56,11.26,31.51,16.5,44.04,11.27
2020-08-26,Delhi,223.0,88.63,133.92,31.65,18.7,11.5,30.36,15.1,41.38,10.38
2020-08-27,Delhi,258.7,104.74,147.97,42.72,17.3,13.72,25.98,22.39,35.75,11.46
2020-08-28,Delhi,271.88,108.34,160.2,41.34,23.01,12.69,29.36,18.59,34.74,6.25
2020-08-29,Delhi,237.39,110.16,134.69,39.05,17.82,12.38,31.1,19.93,42.09,13.97
2020-08-30,Delhi,240.38,93.2,146.1,36.79,16.99,11.73,29.49,15.16,55.12,5.48
2020-08-31,Delhi,255.75,108.2,160.3,38.32,18.73,12.02,28.62,11.01,37.72,3.55
2020-09-01,Delhi,272.79,115.85,168.62,43.28,23.0,13.81,38.58,14.45,43.1,10.24
2020-09-02,Delhi,241.1,89.84,169.43,36.25,19.57,13.31,32.59,16.31,43.05,3.49
2020-09-03,Delhi,229.34,88.95,141.74,35.73,20.79,11.35,21.97,19.29,49.42,10.69
2020-09-04,Delhi,259.2,102.86,163.88,49.17,20.97,11.65,28.76,17.92,34.06,8.51
2020-09-05,Delhi,262.11,106.75,169.55,43.25,22.7,10.94,35.14,18.08,43.21,2.81
2020-09-06,Delhi,250.6,96.36,141.03,31.55,20.04,11.73,40.57,15.39,48.26,3.29
2020-09-07,Delhi,242.51,94.35,146.28,33.65,18.56,11.91,28.17,21.39,43.54,9.44
2020-09-08,Delhi,266.15,109.16,164.59,39.67,20.65,13.47,36.57,19.14,40.31,10.3
2020-09-09,Delhi,259.5,102.83,155.97,37.5,20.4,14.32,31.51,16.1,34.15,7.07
2020-09-10,Delhi,240.38,94.94,137.59,36.12,18.37,12.1,29.33,12.76,39.27,8.23
2020-09-11,Delhi,252.95,107.1,153.83,35.96,21.03,14.36,34.02,17.21,44.77,12.32
2020-09-12,Delhi,232.24,98.28,143.88,38.04,16.42,10.11,28.5,15.72,38.31,10.48
2020-09-13,Delhi,263.09,95.92,153.58,38.01,17.77,14.65,26.13,13.7,45.47,9.94
2020-09-14,Delhi,249.14,94.12,154.95,38.24,24.6,12.86,29.33,12.84,37.1,5.52
2020-09-15,Delhi,246.8,105.57,148.22,38.72,22.77,9.98,34.73,15.53,42.91,5.51
2020-09-16,Delhi,253.08,97.46,155.76,45.12,22.25,13.92,29.6,13.52,36.74,6.54
2020-09-17,Delhi,254.41,91.5,146.85,36.48,20.0,12.85,31.98,15.23,37.65,2.11
2020-09-18,Delhi,267.44,104.1,152.69,41.51,23.21,14.31,35.12,14.84,37.87,5.76
2020-09-19,Delhi,263.09,97.7,165.79,38.94,18.55,12.33,28.1,15.33,45.75,6.96
2020-09-20,Delhi,252.06,89.56,149.72,37.34,19.71,11.98,31.12,15.37,40.22,9.24
2020-09-21,Delhi,266.03,104.26,155.73,44.05,22.4,14.13,36.83,16.72,44.92,3.26
2020-09-22,Delhi,260.74,105.32,154.99,44.14,22.71,12.41,32.78,15.62,42.5,4.94
2020-09-23,Delhi,248.48,101.19,147.26,38.12,18.43,11.84,34.51,11.93,35.29,7.85
2020-09-24,Delhi,253.13,97.39,144.8,38.29,17.24,11.65,38.59,16.45,36.4,9.25
2020-09-25,Delhi,252.89,103.99,159.69,37.55,22.18,10.61,26.12,15.54,41.75,5.26
2020-09-26,Delhi,262.79,106.41,152.68,38.59,23.07,14.05,27.55,11.86,38.01,7.92
2020-09-27,Delhi,249.79,96.63,158.2,38.51,20.8,11.22,34.64,6.56,44.21,10.8
2020-09-28,Delhi,249.51,97.64,159.89,37.24,20.09,12.81,42.69,19.04,43.53,5.26
2020-09-29,Delhi,284.95,114.7,164.46,45.21,23.08,13.12,34.52,12.46,40.77,5.42
2020-09-30,Delhi,269.55,107.96,167.73,40.27,20.78,13.68,35.13,11.68,41.3,11.95
2020-10-01,Delhi,244.07,100.5,146.9,38.53,20.43,12.96,21.19,10.34,45.02,3.48
2020-10-02,Delhi,264.05,107.63,155.62,36.62,21.82,13.4,40.13,13.13,47.21,9.06
2020-10-03,Delhi,257.26,99.6,160.75,40.29,20.65,13.13,28.48,12.53,43.81,7.33
2020-10-04,Delhi,261.34,104.13,159.04,40.0,18.05,14.35,31.84,14.41,42.19,8.71
2020-10-05,Delhi,257.49,106.83,158.8,40.78,23.3,13.76,30.26,11.66,48.39,7.29
2020-10-06,Delhi,273.22,106.92,150.04,42.0,22.16,12.15,34.6,13.55,53.53,6.29
2020-10-07,Delhi,260.5,102.02,149.3,42.91,20.09,12.3,34.09,10.92,43.24,13.34
2020-10-08,Delhi,254.3,104.55,157.68,40.76,23.76,13.92,32.27,17.79,35.73,10.33
2020-10-09,Delhi,270.77,103.28,159.53,31.37,22.46,12.89,36.94,16.27,45.82,4.75
2020-10-10,Delhi,258.53,108.6,171.96,41.07,22.26,13.1,28.92,17.41,32.72,6.75
2020-10-11,Delhi,256.73,93.84,148.41,40.44,21.55,12.89,31.49,9.5,38.45,5.96
2020-10-12,Delhi,259.48,100.49,160.48,36.34,19.55,10.89,29.96,11.92,40.77,5.15
2020-10-13,Delhi,253.21,101.81,150.77,43.0,21.25,10.82,25.33,15.39,35.79,0.91
2020-10-14,Delhi,254.58,108.58,158.51,39.75,19.15,13.16,27.73,15.87,35.92,12.55
2020-10-15,Delhi,245.46,90.33,157.14,36.94,18.66,12.44,32.39,19.4,42.16,5.33
2020-10-16,Delhi,242.8,97.4,160.21,40.46,21.24,12.94,31.93,18.82,38.4,3.93
2020-10-17,Delhi,238.88,95.9,136.79,32.67,17.67,14.43,29.21,16.47,34.67,2.47
2020-10-18,Delhi,232.75,89.01,151.16,35.92,19.82,12.38,25.56,19.6,37.71,12.22
2020-10-19,Delhi,240.2,98.29,129.81,33.79,15.65,13.17,28.72,8.8,42.86,6.39
2020-10-20,Delhi,250.53,92.79,163.74,37.9,19.46,12.13,24.01,11.63,47.51,6.58
2020-10-21,Delhi,254.42,101.88,136.3,34.21,21.57,13.1,37.54,19.63,40.05,9.42
2020-10-22,Delhi,248.52,97.83,165.55,40.73,20.22,12.63,35.6,17.4,49.12,1.42
2020-10-23,Delhi,216.96,89.09,126.05,37.81,20.45,10.88,32.18,21.07,41.82,15.42
2020-10-24,Delhi,275.61,110.09,163.65,43.94,21.34,13.87,38.71,15.85,33.11,9.1
2020-10-25,Delhi,267.96,103.7,167.7,42.28,24.38,14.31,36.52,13.85,45.74,13.91
2020-10-26,Delhi,258.02,99.76,169.21,37.05,18.94,13.2,33.83,18.67,37.05,9.3
2020-10-27,Delhi,279.59,108.41,155.84,39.15,20.87,14.5,38.16,11.58,43.77,4.47
2020-10-28,Delhi,235.96,97.53,136.59,32.24,20.48,11.21,27.05,9.42,46.89,10.46
2020-10-29,Delhi,278.56,111.45,154.91,45.41,20.95,13.47,42.68,14.05,46.03,9.69
2020-10-30,Delhi,235.38,96.1,143.48,36.44,19.37,11.72,34.29,12.3,47.59,10.47
2020-10-31,Delhi,253.03,104.71,160.76,37.68,16.5,12.58,26.4,14.13,36.44,6.57
2020-11-01,Delhi,229.93,88.99,118.94,36.59,22.84,12.1,26.78,16.25,40.72,8.27
2020-11-02,Delhi,248.83,99.35,142.57,42.37,16.93,13.16,29.45,22.2,44.71,6.92
2020-11-03,Delhi,253.96,100.35,152.7,34.67,18.78,10.91,26.78,16.88,44.69,2.06
2020-11-04,Delhi,245.4,97.47,151.75,36.32,18.36,11.86,27.28,14.78,44.25,14.92
2020-11-05,Delhi,257.96,99.47,152.23,38.54,19.26,14.0,21.47,15.19,47.66,7.12
2020-11-06,Delhi,248.26,95.2,152.48,39.96,20.28,11.61,31.62,15.68,47.5,12.45
2020-11-07,Delhi,238.45,82.35,143.96,30.56,23.96,11.45,31.6,16.88,39.96,5.23
2020-11-08,Delhi,237.29,102.84,150.02,41.42,19.09,12.15,27.41,16.23,38.97,8.25
2020-11-09,Delhi,257.44,99.03,158.0,39.13,21.17,14.55,30.74,19.47,54.65,11.92
2020-11-10,Delhi,234.94,99.74,138.51,35.93,16.16,12.25,29.29,17.38,49.75,4.38
2020-11-11,Delhi,257.95,111.35,161.98,38.48,20.34,13.38,37.04,17.72,45.55,8.05
2020-11-12,Delhi,262.01,113.71,154.25,39.21,23.89,13.25,35.99,14.8,44.03,12.45
2020-11-13,Delhi,218.08,83.85,129.64,33.48,15.47,10.49,26.62,17.79,51.69,12.62
2020-11-14,Delhi,259.54,99.53,156.61,40.95,23.8,13.7,32.31,19.76,48.9,5.22
2020-11-15,Delhi,272.87,110.11,175.39,40.31,22.09,13.4,23.49,17.95,47.28,6.46
2020-11-16,Delhi,245.15,92.29,140.05,39.07,23.56,13.64,24.04,20.57,42.7,6.25
2020-11-17,Delhi,249.76,97.59,155.5,40.34,19.78,12.41,31.83,19.83,52.14,4.15
2020-11-18,Delhi,255.72,102.39,144.89,38.2,20.01,12.74,27.49,13.79,36.04,7.61
2020-11-19,Delhi,235.41,92.01,135.84,39.28,17.11,13.19,34.74,12.53,47.23,6.8
2020-11-20,Delhi,241.65,82.1,133.43,38.57,23.37,12.98,30.29,18.45,55.44,14.44
2020-11-21,Delhi,218.56,84.49,115.14,26.49,20.13,10.88,26.96,13.27,43.53,7.11
2020-11-22,Delhi,239.7,96.92,140.63,32.84,17.61,13.19,29.74,20.62,43.06,0.86
2020-11-23,Delhi,244.44,95.16,139.73,37.71,26.13,12.92,40.28,20.62,44.68,9.04
2020-11-24,Delhi,244.04,106.52,161.06,34.88,20.03,10.77,32.58,23.71,48.3,6.0
2020-11-25,Delhi,251.6,102.44,154.3,37.98,20.49,12.41,34.18,21.4,43.47,4.97
2020-11-26,Delhi,223.31,88.05,139.88,33.94,16.58,11.43,25.47,21.97,50.33,7.05
2020-11-27,Delhi,226.25,91.66,146.27,32.23,18.91,11.24,28.86,17.51,49.5,11.32
2020-11-28,Delhi,261.97,100.1,146.55,35.42,18.62,13.69,25.81,18.73,52.33,9.25
2020-11-29,Delhi,230.58,90.3,139.87,34.91,18.0,11.32,36.61,22.19,61.93,6.51
2020-11-30,Delhi,235.11,93.62,130.41,32.84,22.61,11.23,35.89,16.18,44.56,6.98
2020-12-01,Delhi,230.38,91.83,145.61,35.91,17.6,11.39,26.37,17.32,45.68,11.08
2020-12-02,Delhi,218.33,78.19,143.94,31.72,15.92,11.66,32.14,23.57,52.93,11.26
2020-12-03,Delhi,254.27,93.13,148.39,35.41,22.79,12.33,33.89,21.97,46.42,6.24
2020-12-04,Delhi,221.26,94.97,126.55,33.56,16.14,10.75,26.37,18.17,46.23,8.86
2020-12-05,Delhi,211.51,80.38,120.42,28.91,16.76,11.52,31.41,18.49,62.1,4.99
2020-12-06,Delhi,220.9,93.78,126.77,30.52,16.18,10.99,28.83,22.84,46.94,5.03
2020-12-07,Delhi,196.87,74.16,117.23,28.9,13.85,10.11,32.67,19.47,49.8,9.68
2020-12-08,Delhi,216.35,83.75,135.16,30.3,20.97,11.16,23.48,19.38,49.72,12.12
2020-12-09,Delhi,210.82,77.99,121.15,29.94,16.83,10.27,19.33,20.1,52.11,6.12
2020-12-10,Delhi,233.83,96.96,147.65,34.84,19.17,9.53,26.37,24.48,50.81,5.79
2020-12-11,Delhi,213.67,96.86,142.76,33.45,19.37,8.46,22.49,20.21,52.07,6.53
2020-12-12,Delhi,236.3,81.77,144.87,37.08,22.11,11.03,24.88,13.75,52.11,10.7
2020-12-13,Delhi,243.16,94.21,163.05,35.7,19.75,10.8,30.33,16.01,57.37,10.17
2020-12-14,Delhi,233.1,100.04,131.7,35.45,19.78,12.1,24.51,14.94,55.97,7.54
2020-12-15,Delhi,217.35,84.11,136.52,32.47,14.75,8.94,21.57,29.46,58.17,8.57
2020-12-16,Delhi,221.88,87.85,131.15,36.78,16.77,11.67,25.23,28.27,58.6,11.74
2020-12-17,Delhi,196.08,75.51,126.11,28.47,15.91,11.44,19.36,23.22,57.42,9.56
2020-12-18,Delhi,216.13,84.2,146.37,28.53,20.21,12.02,33.54,18.02,51.22,12.48
2020-12-19,Delhi,204.41,72.38,109.79,29.2,16.74,11.81,23.79,21.12,57.45,9.41
2020-12-20,Delhi,226.91,92.97,134.72,28.17,16.32,12.77,27.98,22.15,61.83,4.61
2020-12-21,Delhi,254.26,100.58,153.66,36.81,20.54,12.53,24.91,23.83,49.93,8.5
2020-12-22,Delhi,222.33,95.8,131.15,29.84,17.53,10.28,29.06,23.01,65.46,11.49
2020-12-23,Delhi,184.14,72.89,116.21,26.44,14.8,8.85,25.16,27.93,61.25,10.77
2020-12-24,Delhi,207.75,87.72,129.06,27.74,20.02,12.19,23.99,22.69,60.66,9.65
2020-12-25,Delhi,214.17,84.66,118.5,33.04,18.24,11.43,27.1,23.16,62.91,8.2
2020-12-26,Delhi,212.81,82.8,126.24,26.68,16.66,11.33,26.9,28.7,56.97,9.46
2020-12-27,Delhi,199.7,83.84,138.56,30.39,13.89,10.83,31.43,23.34,62.83,11.69
2020-12-28,Delhi,213.5,90.49,129.1,29.93,16.92,11.13,29.25,25.49,57.07,9.67
2020-12-29,Delhi,190.34,80.44,117.24,26.04,14.86,10.46,17.31,18.38,66.85,9.53
2020-12-30,Delhi,193.97,80.62,107.77,31.31,16.07,8.11,28.97,25.3,57.68,6.87
2020-12-31,Delhi,216.99,76.72,134.94,33.33,16.97,12.13,20.5,23.21,55.75,7.16
2021-01-01,Delhi,191.22,76.83,118.17,27.64,13.54,11.25,32.59,25.6,56.56,12.43
2021-01-02,Delhi,213.69,78.24,125.54,29.97,14.78,10.4,22.19,25.38,60.82,6.14
2021-01-03,Delhi,184.24,71.84,108.7,30.07,14.44,10.04,24.45,27.23,67.97,4.64
2021-01-04,Delhi,230.41,89.8,152.35,33.79,12.8,11.32,28.19,17.84,68.05,5.86
2021-01-05,Delhi,191.49,78.24,113.08,24.86,13.18,8.64,27.32,25.42,59.11,5.2
2021-01-06,Delhi,198.91,85.54,131.06,33.39,16.9,10.24,19.01,25.29,58.64,2.52
2021-01-07,Delhi,206.39,87.84,118.27,34.55,18.27,10.88,27.22,24.36,71.69,8.13
2021-01-08,Delhi,192.12,78.36,110.08,26.02,16.32,9.82,19.9,22.06,56.4,11.59
2021-01-09,Delhi,201.92,77.7,118.44,34.64,13.91,9.37,21.15,31.4,73.05,10.25
2021-01-10,Delhi,207.57,86.94,119.9,36.98,17.14,11.23,24.49,25.91,71.74,9.62
2021-01-11,Delhi,212.52,92.26,129.55,29.33,15.83,10.73,23.0,23.56,69.77,6.37
2021-01-12,Delhi,209.16,84.35,127.86,29.61,19.63,9.34,26.15,27.79,63.83,4.11
2021-01-13,Delhi,193.89,81.91,122.28,27.06,16.93,10.07,18.14,24.66,70.13,8.93
2021-01-14,Delhi,193.45,74.56,109.2,27.47,14.59,8.83,16.25,30.81,69.63,4.18
2021-01-15,Delhi,230.07,92.71,130.82,33.73,17.72,11.08,35.62,26.23,61.07,5.71
2021-01-16,Delhi,208.27,88.53,111.75,28.95,19.56,10.66,25.76,34.12,66.67,5.88
2021-01-17,Delhi,179.39,70.35,98.55,30.68,15.5,10.09,26.38,26.64,61.05,7.84
2021-01-18,Delhi,193.91,73.2,117.67,32.48,15.18,9.85,22.89,30.46,62.76,1.41
2021-01-19,Delhi,186.59,76.99,119.86,29.33,13.65,8.19,24.37,28.64,65.8,13.47
2021-01-20,Delhi,188.79,70.78,127.48,28.41,11.43,9.26,26.49,27.28,59.38,7.51
2021-01-21,Delhi,171.59,64.35,106.89,28.06,11.61,7.87,23.62,25.96,61.66,4.46
2021-01-22,Delhi,183.07,74.99,112.32,25.41,14.66,10.68,18.07,22.84,69.67,7.67
2021-01-23,Delhi,215.65,82.71,134.61,34.87,12.84,10.13,35.15,30.61,71.09,11.52
2021-01-24,Delhi,196.39,78.64,124.21,31.61,16.79,9.5,24.26,27.25,68.09,4.49
2021-01-25,Delhi,149.57,55.88,87.49,19.6,10.96,7.31,19.56,32.02,66.02,12.01
2021-01-26,Delhi,204.43,86.47,126.69,31.13,16.99,11.41,29.43,33.33,68.86,9.66
2021-01-27,Delhi,201.77,87.43,116.07,29.31,16.17,10.99,27.87,28.79,61.42,8.74
2021-01-28,Delhi,179.29,67.13,95.66,23.1,15.0,10.33,21.67,30.27,75.19,3.37
2021-01-29,Delhi,194.7,80.48,116.73,30.9,14.61,8.92,23.93,34.73,73.88,6.48
2021-01-30,Delhi,170.32,61.42,88.74,29.5,11.72,8.19,25.72,25.1,77.34,7.24
2021-01-31,Delhi,175.43,64.43,103.28,24.15,14.92,8.12,13.41,29.43,63.39,8.61
2021-02-01,Delhi,204.25,75.76,118.64,31.18,15.91,10.46,27.23,26.76,70.15,1.99
2021-02-02,Delhi,176.98,72.03,103.78,23.6,14.79,10.02,19.33,27.55,71.59,3.99
2021-02-03,Delhi,152.31,57.62,101.17,23.03,8.43,5.82,18.93,33.11,62.96,9.35
2021-02-04,Delhi,178.72,78.14,122.33,27.8,15.31,6.8,29.84,28.94,66.67,7.23
2021-02-05,Delhi,177.8,78.68,124.35,27.05,16.22,8.93,17.18,35.24,68.51,12.61
2021-02-06,Delhi,196.28,85.0,122.68,34.93,20.17,9.64,20.32,25.35,83.12,6.68
2021-02-07,Delhi,177.85,76.82,100.78,31.29,12.83,7.7,20.51,29.49,75.15,7.85
2021-02-08,Delhi,170.65,71.4,100.06,23.6,12.49,10.58,21.38,25.27,69.84,8.29
2021-02-09,Delhi,192.0,86.03,123.43,26.04,20.2,9.57,28.03,27.89,60.72,3.77
2021-02-10,Delhi,177.5,54.75,123.4,27.27,12.35,9.33,22.06,33.35,79.02,7.13
2021-02-11,Delhi,163.81,61.12,104.91,26.98,13.31,10.37,17.91,28.92,75.32,5.98
2021-02-12,Delhi,191.76,79.18,108.39,27.56,19.12,9.18,19.82,35.26,68.23,5.92
2021-02-13,Delhi,176.73,73.58,113.55,30.17,12.64,9.43,19.34,30.05,79.76,6.35
2021-02-14,Delhi,173.27,70.7,105.21,22.78,15.79,9.22,12.85,32.83,70.12,11.29
2021-02-15,Delhi,175.31,62.9,102.33,27.38,14.13,9.53,14.96,37.07,76.86,12.08
2021-02-16,Delhi,156.0,66.77,93.51,19.55,11.35,9.39,24.26,30.38,60.38,7.36
2021-02-17,Delhi,163.57,63.99,96.15,26.12,14.84,9.17,21.41,26.95,73.0,14.91
2021-02-18,Delhi,170.99,70.27,105.53,26.73,14.51,6.17,19.56,32.36,81.35,8.14
2021-02-19,Delhi,167.46,58.75,103.92,22.71,10.96,7.54,22.27,36.36,77.58,9.9
2021-02-20,Delhi,188.94,77.94,114.17,30.43,10.28,9.56,18.49,36.18,74.65,8.09
2021-02-21,Delhi,172.59,61.51,111.69,27.77,14.92,7.82,17.62,33.47,72.13,9.3
2021-02-22,Delhi,181.64,61.85,105.08,32.64,15.41,9.25,29.74,25.9,71.74,6.8
2021-02-23,Delhi,168.45,71.67,108.08,22.67,15.47,8.02,25.06,29.92,75.41,6.53
2021-02-24,Delhi,183.67,78.75,106.02,27.42,15.71,9.73,25.59,33.75,74.14,6.95
2021-02-25,Delhi,173.31,69.45,105.98,25.55,13.9,7.15,23.47,33.76,81.44,8.0
2021-02-26,Delhi,167.08,58.14,97.38,24.46,14.85,6.28,20.21,34.85,73.32,8.22
2021-02-27,Delhi,166.23,63.36,93.9,23.71,11.88,9.0,17.01,30.7,85.65,10.88
2021-02-28,Delhi,151.67,51.36,84.89,23.48,12.78,6.09,22.83,35.97,79.41,12.07
2021-03-01,Delhi,173.17,71.53,107.49,30.65,16.06,7.82,23.31,31.59,79.7,9.43
2021-03-02,Delhi,164.54,58.9,97.75,25.48,12.29,8.54,22.97,33.58,78.47,12.15
2021-03-03,Delhi,157.22,65.25,95.94,20.71,13.92,8.19,24.0,33.9,68.44,2.9
2021-03-04,Delhi,180.95,76.06,104.01,28.45,14.7,8.88,21.33,31.24,77.6,6.25
2021-03-05,Delhi,145.23,56.23,84.55,21.1,13.46,7.13,21.52,38.53,82.11,9.6
2021-03-06,Delhi,157.28,64.55,101.29,23.86,14.55,8.48,17.43,36.68,78.45,7.68
2021-03-07,Delhi,178.69,69.09,108.54,29.79,16.07,9.29,23.84,37.89,77.39,4.65
2021-03-08,Delhi,167.67,73.57,96.36,23.08,9.82,8.95,13.63,31.89,81.22,10.17
2021-03-09,Delhi,161.89,61.5,96.06,21.67,11.85,8.36,17.42,33.48,71.1,11.4
2021-03-10,Delhi,166.07,68.98,105.98,28.78,11.64,7.95,12.35,43.7,77.8,11.12
2021-03-11,Delhi,164.7,59.69,106.79,30.28,13.06,7.22,19.21,27.66,78.49,10.46
2021-03-12,Delhi,138.98,55.41,81.11,22.43,12.33,5.29,17.03,41.71,72.12,7.74
2021-03-13,Delhi,156.22,72.2,102.57,21.89,12.91,7.81,15.75,34.23,77.51,8.34
2021-03-14,Delhi,185.45,70.44,101.06,27.69,18.27,9.35,20.93,36.77,78.23,13.6
2021-03-15,Delhi,151.08,60.41,96.25,20.4,13.09,7.83,17.9,33.06,75.93,8.85
2021-03-16,Delhi,155.97,65.53,92.56,24.26,12.4,7.9,17.91,34.67,92.71,8.93
2021-03-17,Delhi,152.41,64.19,94.95,22.07,14.78,7.33,22.51,33.65,74.51,9.1
2021-03-18,Delhi,159.03,58.09,99.7,20.27,12.08,6.52,30.38,29.74,79.45,11.43
2021-03-19,Delhi,151.41,65.75,97.66,21.76,14.81,8.48,19.02,35.46,77.96,5.27
2021-03-20,Delhi,167.29,73.1,110.87,22.44,13.08,8.22,19.94,34.97,84.29,5.76
2021-03-21,Delhi,162.79,60.89,107.57,23.03,10.5,7.65,18.22,39.48,84.25,11.44
2021-03-22,Delhi,171.3,72.62,110.35,23.63,13.31,7.58,19.71,36.9,80.36,11.93
2021-03-23,Delhi,143.81,51.82,90.29,17.83,11.69,7.93,16.4,36.53,74.95,3.01
2021-03-24,Delhi,154.36,64.53,106.57,20.17,14.79,7.76,13.18,31.5,79.88,6.79
2021-03-25,Delhi,155.98,55.83,80.04,20.86,12.87,7.79,16.71,35.53,85.04,9.18
2021-03-26,Delhi,166.12,65.84,107.1,22.04,12.84,8.11,14.99,33.68,69.51,13.74
2021-03-27,Delhi,147.33,54.24,101.08,22.21,12.92,6.88,18.51,36.91,83.24,10.32
2021-03-28,Delhi,172.91,67.32,99.9,21.15,14.88,9.73,27.21,35.89,76.11,2.91
2021-03-29,Delhi,176.93,75.98,91.79,25.52,13.71,8.78,21.38,35.4,67.89,8.04
2021-03-30,Delhi,144.28,46.57,92.43,19.98,7.23,6.4,15.03,38.56,80.97,9.03
2021-03-31,Delhi,151.75,66.61,90.28,25.02,13.51,6.3,24.1,30.74,84.58,3.45
2021-04-01,Delhi,151.14,63.46,105.58,22.03,11.58,8.17,16.82,40.45,80.96,7.04
2021-04-02,Delhi,198.63,76.75,111.71,27.91,15.19,9.44,21.2,41.3,74.85,8.44
2021-04-03,Delhi,152.73,64.06,96.68,22.73,11.74,8.09,19.39,34.22,72.18,6.6
2021-04-04,Delhi,184.4,68.03,105.3,27.76,15.47,11.0,19.98,37.31,81.51,11.89
2021-04-05,Delhi,140.3,59.0,76.11,15.88,11.85,6.49,12.92,31.18,80.76,12.52
2021-04-06,Delhi,144.54,55.77,91.45,21.37,8.98,7.96,12.97,35.03,78.23,10.68
2021-04-07,Delhi,149.19,54.38,92.64,19.86,10.91,3.82,26.27,36.6,76.07,4.63
2021-04-08,Delhi,146.91,56.29,93.88,16.36,11.47,9.12,13.09,35.17,90.88,9.9
2021-04-09,Delhi,155.71,62.91,97.48,22.15,15.06,7.39,10.85,33.74,74.99,7.16
2021-04-10,Delhi,149.23,58.4,99.12,24.47,12.47,7.46,13.67,28.34,80.34,10.38
2021-04-11,Delhi,147.73,58.55,84.36,23.55,11.65,9.07,22.66,37.74,83.51,4.13
2021-04-12,Delhi,177.57,74.34,109.55,28.45,15.19,9.33,32.11,34.6,84.34,6.59
2021-04-13,Delhi,178.74,75.45,114.76,27.9,17.64,8.05,19.5,35.43,84.0,8.54
2021-04-14,Delhi,174.82,76.36,99.6,22.8,14.6,8.66,23.15,34.68,77.82,7.78
2021-04-15,Delhi,168.65,67.61,98.75,24.69,12.69,9.29,21.01,41.49,80.25,6.35
2021-04-16,Delhi,162.41,78.32,100.76,27.33,14.18,8.74,21.63,31.37,81.2,4.03
2021-04-17,Delhi,153.81,60.65,86.48,24.14,12.97,8.17,19.61,32.81,77.96,10.76
2021-04-18,Delhi,147.23,64.23,79.16,17.49,10.32,8.41,22.53,31.81,80.71,13.5
2021-04-19,Delhi,167.24,68.97,111.72,28.08,11.56,8.17,20.21,34.85,83.66,9.23
2021-04-20,Delhi,144.48,43.11,76.18,15.11,11.91,7.46,18.47,31.61,82.34,10.15
2021-04-21,Delhi,147.47,52.71,76.76,22.12,15.38,9.07,19.95,32.24,83.29,6.64
2021-04-22,Delhi,179.99,68.16,90.84,27.31,13.14,9.1,12.4,34.88,66.58,11.26
2021-04-23,Delhi,191.53,79.22,112.69,30.42,13.37,9.65,26.16,25.02,76.38,7.93
2021-04-24,Delhi,169.26,66.72,113.22,22.02,12.3,6.55,26.35,33.5,76.29,7.84
2021-04-25,Delhi,180.32,75.31,110.97,34.99,15.33,8.55,19.39,33.0,70.84,8.12
2021-04-26,Delhi,160.4,68.08,91.33,21.64,15.86,6.59,10.98,30.65,70.51,9.16
2021-04-27,Delhi,144.41,55.96,84.89,25.12,10.17,8.0,23.37,32.67,81.75,7.27
2021-04-28,Delhi,174.05,74.24,91.86,21.17,13.14,7.81,18.82,33.3,81.52,6.78
2021-04-29,Delhi,173.82,65.41,101.48,23.77,12.04,7.08,21.14,32.17,82.59,3.66
2021-04-30,Delhi,166.77,64.0,114.57,22.2,12.87,7.12,14.62,38.44,78.46,8.4
2021-05-01,Delhi,162.5,56.52,100.37,27.85,15.3,8.79,14.98,34.66,80.77,2.62
2021-05-02,Delhi,181.02,66.8,115.71,29.78,11.38,9.85,22.1,35.97,74.09,9.94
2021-05-03,Delhi,152.26,65.12,88.54,22.89,10.88,9.26,17.79,30.78,73.51,8.38
2021-05-04,Delhi,155.91,66.13,82.86,28.93,13.09,8.26,18.32,33.51,76.16,11.05
2021-05-05,Delhi,152.88,61.11,97.87,21.63,12.62,6.84,23.21,30.86,75.09,7.06
2021-05-06,Delhi,169.78,66.14,107.65,24.52,16.37,7.67,21.05,30.94,78.63,7.95
2021-05-07,Delhi,152.69,60.3,101.12,20.94,13.39,6.87,18.77,29.58,73.02,7.75
2021-05-08,Delhi,159.27,72.78,96.37,28.85,13.18,7.58,25.27,34.38,72.92,9.41
2021-05-09,Delhi,159.48,62.33,79.78,26.73,14.95,9.81,20.83,32.22,80.1,10.55
2021-05-10,Delhi,166.71,74.87,99.67,24.51,11.91,8.87,13.81,35.18,78.65,9.76
2021-05-11,Delhi,148.87,60.24,101.58,24.95,10.7,6.85,14.35,34.4,70.5,11.25
2021-05-12,Delhi,173.05,75.84,96.8,25.4,13.88,9.54,27.2,27.58,73.69,7.2
2021-05-13,Delhi,191.04,69.41,110.74,29.94,14.73,8.01,34.42,33.33,75.61,4.71
2021-05-14,Delhi,174.95,71.28,103.66,20.58,11.86,9.54,28.77,33.51,80.34,7.53
2021-05-15,Delhi,196.64,78.22,126.71,34.48,18.33,8.77,23.33,33.13,73.29,9.16
2021-05-16,Delhi,194.15,81.76,124.51,34.18,14.87,8.34,24.73,37.83,71.97,10.06
2021-05-17,Delhi,186.43,78.05,113.39,27.98,13.07,7.04,17.92,30.88,79.6,7.69
2021-05-18,Delhi,176.52,68.01,98.78,28.45,16.84,9.89,23.61,27.51,72.11,13.84
2021-05-19,Delhi,176.38,76.16,93.53,26.29,14.84,8.06,11.93,32.1,69.68,5.65
2021-05-20,Delhi,188.15,73.49,111.82,28.2,13.28,9.19,15.55,32.61,59.08,7.13
2021-05-21,Delhi,171.49,73.19,94.42,27.87,16.03,5.27,19.97,22.92,72.51,7.98
2021-05-22,Delhi,149.8,47.51,105.28,23.33,10.29,8.96,10.79,27.73,61.34,13.4
2021-05-23,Delhi,186.1,76.1,116.94,28.82,16.04,9.38,23.42,31.61,69.53,7.86
2021-05-24,Delhi,162.45,66.35,98.35,19.93,10.31,9.21,18.27,32.91,66.85,3.58
2021-05-25,Delhi,165.69,62.06,97.63,22.86,15.84,8.46,27.28,32.23,59.97,11.17
2021-05-26,Delhi,180.83,64.79,110.34,24.8,18.75,10.48,18.73,30.5,72.98,10.59
2021-05-27,Delhi,180.12,72.2,99.88,24.87,14.4,10.24,23.33,28.42,74.72,6.84
2021-05-28,Delhi,161.1,68.89,116.88,23.09,14.49,7.31,18.88,30.68,70.22,15.39
2021-05-29,Delhi,185.5,72.67,116.0,22.03,15.7,10.42,20.15,22.92,70.71,8.05
2021-05-30,Delhi,198.26,82.92,135.04,28.6,14.15,8.75,24.58,31.75,67.89,10.34
2021-05-31,Delhi,167.59,69.36,100.9,22.43,12.44,5.95,21.05,30.24,71.26,9.51
2021-06-01,Delhi,204.37,83.68,121.74,30.8,13.54,9.63,24.73,27.8,74.33,6.02
2021-06-02,Delhi,162.64,66.14,98.52,26.64,14.81,8.83,11.09,33.45,77.36,6.55
2021-06-03,Delhi,218.58,88.62,124.02,26.94,16.01,10.39,24.81,26.83,65.76,7.97
2021-06-04,Delhi,181.44,68.72,113.21,29.26,19.28,10.2,22.74,27.7,70.59,8.98
2021-06-05,Delhi,190.58,73.66,120.62,24.39,14.76,10.08,21.72,28.78,68.12,5.49
2021-06-06,Delhi,160.81,70.19,88.34,25.08,13.69,7.09,19.59,26.52,75.46,4.58
2021-06-07,Delhi,189.06,72.35,103.64,24.29,18.31,10.0,23.25,27.12,72.73,5.53
2021-06-08,Delhi,194.23,81.66,109.56,27.2,17.05,10.58,25.7,25.79,65.64,8.47
2021-06-09,Delhi,190.32,71.88,125.16,21.34,13.67,9.01,11.46,24.59,70.68,8.09
2021-06-10,Delhi,183.99,81.46,122.75,28.9,15.35,9.27,11.46,24.43,67.74,9.85
2021-06-11,Delhi,179.06,73.07,100.3,29.67,17.29,9.89,25.45,26.78,72.29,8.44
2021-06-12,Delhi,211.05,86.98,129.55,31.29,15.16,10.47,29.27,26.97,71.05,10.21
2021-06-13,Delhi,195.39,76.66,128.34,28.24,18.65,10.2,23.38,25.47,65.82,7.39
2021-06-14,Delhi,218.88,81.26,129.58,30.42,18.68,12.25,21.36,33.1,65.29,5.07
2021-06-15,Delhi,188.71,79.27,109.66,28.06,14.29,8.62,25.54,26.94,58.42,9.65
2021-06-16,Delhi,190.93,70.35,105.33,32.22,12.88,7.23,25.4,26.73,64.19,7.06
2021-06-17,Delhi,210.54,85.38,120.3,36.01,13.89,10.97,27.83,25.19,59.82,11.05
2021-06-18,Delhi,174.82,64.97,100.04,28.88,14.06,6.94,27.97,25.71,62.59,8.77
2021-06-19,Delhi,181.82,75.85,124.78,22.29,16.2,9.83,21.27,29.5,68.94,3.85
2021-06-20,Delhi,217.35,95.69,117.94,29.2,16.86,12.79,24.85,26.87,71.09,7.1
2021-06-21,Delhi,184.17,67.78,107.17,31.74,14.88,11.14,25.05,24.86,63.85,5.44
2021-06-22,Delhi,175.33,66.79,141.03,29.36,15.75,8.14,27.32,29.93,72.66,13.5
2021-06-23,Delhi,231.52,85.21,130.03,31.72,16.63,11.9,25.51,32.68,72.44,7.98
2021-06-24,Delhi,183.46,83.16,121.98,26.17,10.66,8.95,19.44,26.91,63.02,8.19
2021-06-25,Delhi,208.0,85.82,115.1,32.43,15.76,10.6,28.79,22.44,60.83,7.64
2021-06-26,Delhi,207.15,80.29,131.49,28.91,15.46,9.65,29.23,24.47,64.19,13.93
2021-06-27,Delhi,164.83,65.56,107.8,29.74,15.24,8.22,22.35,21.91,57.65,6.19
2021-06-28,Delhi,203.86,92.75,115.82,28.1,14.22,10.75,25.03,28.86,64.56,3.86
2021-06-29,Delhi,215.48,82.15,140.21,31.71,19.61,10.62,21.99,24.52,56.02,6.3
2021-06-30,Delhi,214.94,86.98,133.06,27.47,17.16,10.16,23.2,25.66,57.76,12.15
2021-07-01,Delhi,224.06,95.57,143.89,32.12,16.0,11.29,26.29,23.26,54.29,7.88
2021-07-02,Delhi,205.58,80.21,128.85,32.83,18.65,9.02,26.27,22.73,53.73,6.71
2021-07-03,Delhi,222.96,94.53,130.8,38.14,18.93,10.75,31.4,26.08,54.82,13.58
2021-07-04,Delhi,202.81,82.42,121.84,27.86,18.58,10.66,26.85,23.05,63.31,10.74
2021-07-05,Delhi,192.87,73.81,104.39,30.68,12.28,9.8,21.36,28.05,56.83,11.32
2021-07-06,Delhi,195.44,75.61,125.27,35.5,13.5,10.06,34.45,24.43,58.76,10.37
2021-07-07,Delhi,193.86,77.75,102.66,32.48,11.5,9.28,28.09,22.99,54.64,10.64
2021-07-08,Delhi,231.81,88.47,129.31,35.59,18.18,10.35,30.36,25.28,55.97,7.13
2021-07-09,Delhi,194.82,80.28,126.41,28.37,16.89,10.31,26.9,23.83,52.86,6.61
2021-07-10,Delhi,222.52,90.72,148.06,31.93,19.41,10.8,27.14,28.09,60.91,4.28
2021-07-11,Delhi,215.29,83.25,139.22,32.72,14.93,9.95,28.65,26.36,56.83,15.43
2021-07-12,Delhi,218.61,91.56,129.22,30.34,15.54,11.27,24.28,28.22,63.74,9.9
2021-07-13,Delhi,241.47,90.69,139.5,39.99,18.19,13.2,30.87,23.19,52.55,7.72
2021-07-14,Delhi,215.3,87.07,137.44,29.64,16.7,10.81,28.49,20.14,49.15,10.02
2021-07-15,Delhi,231.91,85.17,149.43,34.32,15.46,11.12,29.35,21.1,55.49,10.22
2021-07-16,Delhi,224.15,88.65,127.0,32.73,20.76,12.89,18.82,25.8,56.31,10.77
2021-07-17,Delhi,222.16,86.11,119.15,35.08,15.89,9.72,21.39,24.17,55.42,10.35
2021-07-18,Delhi,259.79,107.26,152.51,38.76,19.76,12.78,27.31,23.37,59.77,5.55
2021-07-19,Delhi,204.52,88.21,123.62,31.4,12.96,8.42,25.12,24.4,50.71,13.01
2021-07-20,Delhi,246.31,102.2,140.52,37.04,24.66,11.07,31.67,20.9,57.27,11.8
2021-07-21,Delhi,237.66,93.13,151.55,42.31,19.15,12.67,26.16,21.76,52.53,10.39
2021-07-22,Delhi,221.45,94.6,131.99,37.82,20.78,11.92,24.51,19.71,49.03,10.85
2021-07-23,Delhi,253.91,95.5,157.76,34.84,21.96,12.71,35.8,24.81,59.94,12.38
2021-07-24,Delhi,202.56,81.74,112.27,27.23,12.03,9.04,24.58,19.54,51.55,9.48
2021-07-25,Delhi,223.27,87.79,124.99,33.33,16.06,10.89,32.16,20.25,60.98,12.29
2021-07-26,Delhi,213.78,82.62,119.38,31.91,19.41,10.2,29.29,24.53,47.94,5.97
2021-07-27,Delhi,238.89,99.12,144.55,33.78,18.41,11.87,22.41,23.05,49.11,0.35
2021-07-28,Delhi,216.81,86.6,124.15,37.59,16.17,9.74,28.05,18.61,47.29,9.53
2021-07-29,Delhi,240.79,91.11,132.82,41.3,20.42,11.78,28.88,21.96,55.75,5.73
2021-07-30,Delhi,232.28,94.74,135.32,34.28,18.9,11.61,30.82,21.75,43.04,3.93
2021-07-31,Delhi,228.66,89.62,151.83,31.74,17.88,10.9,25.22,20.67,57.28,9.37
2021-08-01,Delhi,242.45,92.96,167.5,36.6,18.24,13.53,27.22,24.98,45.62,12.29
2021-08-02,Delhi,233.35,94.35,150.34,40.71,16.4,12.94,22.37,16.7,45.66,9.51
2021-08-03,Delhi,221.81,88.89,131.75,33.71,18.93,11.76,30.99,25.15,49.28,6.44
2021-08-04,Delhi,280.9,115.43,159.39,40.1,24.47,13.92,28.88,15.08,49.34,11.43
2021-08-05,Delhi,232.31,98.57,140.27,40.87,18.38,11.48,17.61,18.06,53.07,12.69
2021-08-06,Delhi,207.08,78.68,127.95,34.2,16.59,8.07,25.84,21.55,43.79,7.24
2021-08-07,Delhi,228.44,85.6,116.5,37.35,18.27,13.02,30.84,18.06,47.83,9.7
2021-08-08,Delhi,222.77,93.94,136.24,36.73,17.23,10.14,26.47,19.6,41.96,3.99
2021-08-09,Delhi,254.88,104.19,149.67,37.73,19.67,14.26,35.63,15.14,45.03,10.55
2021-08-10,Delhi,248.0,102.21,148.47,33.79,18.48,11.88,30.87,23.82,43.99,4.92
2021-08-11,Delhi,249.84,99.39,158.16,33.14,22.89,12.32,27.04,13.78,50.69,7.49
2021-08-12,Delhi,238.99,96.45,136.19,34.89,18.15,11.85,26.0,13.85,60.54,3.91
2021-08-13,Delhi,241.01,97.31,130.43,30.16,19.48,12.23,33.97,19.52,45.89,5.15
2021-08-14,Delhi,240.29,103.61,151.61,32.31,19.3,12.16,27.45,20.51,50.54,7.43
2021-08-15,Delhi,245.29,96.71,159.16,39.59,19.77,10.64,30.81,20.16,32.36,8.76
2021-08-16,Delhi,259.67,101.78,154.03,36.23,20.48,14.38,29.37,20.84,41.86,10.28
2021-08-17,Delhi,252.8,101.13,154.5,37.94,21.51,10.07,24.66,19.07,35.43,6.41
2021-08-18,Delhi,255.88,102.08,146.9,36.31,21.01,13.8,26.87,15.98,41.75,0.74
2021-08-19,Delhi,256.47,103.3,161.36,41.52,18.78,11.57,30.86,20.08,45.95,8.87
2021-08-20,Delhi,262.84,110.85,151.79,38.77,24.3,12.95,26.47,15.47,40.26,9.07
2021-08-21,Delhi,254.48,97.31,154.85,35.96,16.11,13.03,31.13,18.91,41.36,5.66
2021-08-22,Delhi,256.11,104.45,165.82,38.45,21.34,12.48,24.56,20.15,49.04,10.13
2021-08-23,Delhi,269.11,106.74,166.25,43.05,24.77,14.44,32.55,13.22,45.07,8.77
2021-08-24,Delhi,241.85,100.29,155.94,35.99,23.55,10.33,30.7,14.64,34.54,7.39
2021-08-25,Delhi,239.53,88.53,142.43,36.03,21.4,10.47,32.38,17.23,49.01,6.7
2021-08-26,Delhi,235.1,87.38,131.32,31.39,19.76,13.23,25.95,18.72,36.05,8.54
2021-08-27,Delhi,256.14,105.8,142.1,37.81,21.92,9.87,36.08,17.8,47.06,6.76
2021-08-28,Delhi,226.09,81.82,139.93,33.67,18.15,12.39,30.18,22.4,44.05,5.93
2021-08-29,Delhi,261.31,103.58,160.11,42.24,17.97,13.07,37.8,15.83,47.75,9.48
2021-08-30,Delhi,253.22,106.07,145.45,35.57,20.3,11.13,29.31,17.22,51.84,9.21
2021-08-31,Delhi,272.34,112.06,172.72,37.96,21.46,16.04,32.36,19.72,47.56,3.57
2021-09-01,Delhi,245.69,99.83,148.59,37.84,18.15,11.17,27.58,15.99,48.49,13.45
2021-09-02,Delhi,253.15,108.24,158.77,34.96,19.43,12.87,27.85,17.93,46.0,9.61
2021-09-03,Delhi,273.46,114.51,156.84,43.82,20.49,12.73,34.94,19.77,44.68,8.06
2021-09-04,Delhi,277.78,112.66,167.76,38.29,19.74,13.81,33.65,16.08,45.46,7.35
2021-09-05,Delhi,247.23,101.71,147.18,42.55,19.94,14.7,31.08,15.33,37.44,3.67
2021-09-06,Delhi,260.54,99.26,149.29,40.27,19.79,13.21,36.39,15.63,52.18,4.47
2021-09-07,Delhi,262.6,104.29,153.24,42.2,16.53,11.69,31.08,20.48,42.78,3.95
2021-09-08,Delhi,264.14,99.67,171.87,37.76,19.25,14.68,35.74,19.58,36.76,3.42
2021-09-09,Delhi,254.94,102.64,155.64,39.33,23.35,11.01,34.03,12.4,45.66,6.58
2021-09-10,Delhi,278.42,107.3,162.18,37.43,22.35,13.15,36.56,17.55,49.7,9.1
2021-09-11,Delhi,231.17,95.07,149.9,32.79,15.52,11.76,22.05,22.93,48.42,14.49
2021-09-12,Delhi,253.5,101.71,156.51,36.65,22.05,11.46,20.25,13.14,33.76,12.43
2021-09-13,Delhi,266.82,115.81,148.87,43.9,23.25,11.77,30.46,13.72,44.67,4.31
2021-09-14,Delhi,267.23,106.4,154.85,41.51,20.95,12.83,31.21,21.52,38.74,4.88
2021-09-15,Delhi,280.92,115.29,167.41,37.89,26.94,13.69,32.2,15.84,49.38,2.96
2021-09-16,Delhi,278.85,112.92,184.01,42.21,19.84,13.32,34.29,19.31,38.94,10.48
2021-09-17,Delhi,256.82,95.55,142.54,37.08,23.42,12.91,31.98,16.11,46.1,6.17
2021-09-18,Delhi,280.82,115.77,161.84,48.07,20.86,13.16,35.9,15.48,42.11,8.68
2021-09-19,Delhi,250.81,94.87,163.39,40.3,22.78,12.01,31.76,15.8,46.05,11.48
2021-09-20,Delhi,275.67,111.23,153.26,46.69,23.17,13.18,34.71,10.64,45.62,3.59
2021-09-21,Delhi,289.04,114.51,175.38,46.47,23.34,15.09,34.57,15.04,40.71,7.43
2021-09-22,Delhi,280.26,103.67,162.01,42.77,21.92,13.86,32.34,12.52,37.76,7.08
2021-09-23,Delhi,263.76,105.53,161.4,39.02,19.04,11.79,42.04,11.7,37.58,9.55
2021-09-24,Delhi,257.33,104.73,158.56,37.27,21.06,12.93,29.63,15.8,45.41,7.93
2021-09-25,Delhi,239.49,95.72,152.24,38.81,22.33,10.22,32.36,16.85,35.67,8.75
2021-09-26,Delhi,267.17,112.12,153.67,41.4,23.12,12.29,31.49,15.94,36.09,5.36
2021-09-27,Delhi,245.87,97.67,153.93,38.81,17.95,12.95,26.16,10.19,38.21,11.37
2021-09-28,Delhi,250.77,103.59,150.45,36.36,19.28,12.65,25.82,13.97,38.94,3.95
2021-09-29,Delhi,244.86,93.75,150.2,36.76,18.97,11.33,35.69,12.49,41.27,6.54
2021-09-30,Delhi,255.85,102.52,157.17,34.27,20.45,13.98,37.75,14.61,40.21,14.63
2021-10-01,Delhi,262.36,110.62,152.48,37.5,22.9,12.11,35.83,16.0,42.59,7.23
2021-10-02,Delhi,266.89,103.61,171.83,39.29,20.53,13.26,32.8,11.91,37.18,6.15
2021-10-03,Delhi,253.77,105.74,145.18,32.8,16.37,11.22,35.9,15.06,42.52,9.61
2021-10-04,Delhi,278.8,111.8,166.68,44.95,22.6,15.34,35.94,13.16,37.55,5.82
2021-10-05,Delhi,259.6,109.93,152.52,36.55,21.41,12.88,32.33,20.7,44.62,8.08
2021-10-06,Delhi,250.86,93.3,146.52,39.76,17.73,14.68,30.16,15.19,36.75,9.49
2021-10-07,Delhi,266.01,100.61,176.92,43.85,23.25,11.91,32.74,18.69,43.08,4.99
2021-10-08,Delhi,291.98,113.54,171.58,41.99,26.42,12.68,37.66,11.2,35.35,1.97
2021-10-09,Delhi,267.46,104.24,172.56,40.91,19.0,14.39,37.02,15.41,50.38,10.46
2021-10-10,Delhi,256.88,106.17,147.7,40.41,20.98,13.36,28.09,15.51,36.17,1.56
2021-10-11,Delhi,239.29,100.71,131.56,36.22,19.81,12.29,27.58,15.97,42.67,10.2
2021-10-12,Delhi,258.77,112.18,157.14,39.01,18.89,13.37,33.72,14.61,43.1,7.12
2021-10-13,Delhi,265.44,109.53,166.56,42.51,21.47,12.23,29.4,17.01,52.69,6.98
2021-10-14,Delhi,255.93,104.65,149.11,35.47,19.12,10.71,36.13,8.57,39.2,4.47
2021-10-15,Delhi,236.58,90.21,152.96,36.09,17.0,11.24,25.33,15.17,41.46,13.69
2021-10-16,Delhi,248.61,89.86,148.89,36.34,21.78,12.79,32.19,16.38,36.03,11.63
2021-10-17,Delhi,282.97,117.18,177.11,46.24,23.47,15.63,35.47,14.73,40.74,7.93
2021-10-18,Delhi,282.44,110.38,182.52,43.26,22.78,14.51,45.81,12.04,36.65,3.86
2021-10-19,Delhi,247.39,97.79,150.4,35.71,18.71,12.51,27.68,16.42,46.55,10.03
2021-10-20,Delhi,270.53,112.62,171.01,41.43,21.33,12.75,30.9,13.97,44.75,9.04
2021-10-21,Delhi,242.49,100.48,136.21,40.67,18.55,11.02,27.34,23.05,39.26,7.02
2021-10-22,Delhi,280.96,111.42,167.39,39.8,22.76,15.12,34.97,12.33,39.6,6.35
2021-10-23,Delhi,263.28,105.57,168.61,39.04,20.89,14.94,35.1,17.45,51.24,9.47
2021-10-24,Delhi,273.53,99.48,170.78,36.25,22.79,11.96,30.96,14.7,37.73,6.95
2021-10-25,Delhi,233.24,98.46,134.23,36.62,16.73,11.47,29.28,12.87,35.16,9.48
2021-10-26,Delhi,268.8,113.13,160.64,38.95,21.81,13.5,33.23,8.35,36.51,5.46
2021-10-27,Delhi,258.17,104.02,156.39,40.63,21.17,11.61,36.77,19.82,35.72,9.0
2021-10-28,Delhi,270.7,105.3,163.53,43.76,25.92,14.29,33.66,15.06,43.07,12.08
2021-10-29,Delhi,271.27,108.28,155.67,35.83,22.73,13.81,29.97,19.24,40.21,7.6
2021-10-30,Delhi,258.14,103.17,152.08,39.43,22.95,11.76,32.93,16.76,43.25,10.62
2021-10-31,Delhi,247.74,99.34,152.49,39.31,18.81,12.69,28.73,15.93,41.04,9.41
2021-11-01,Delhi,268.03,107.62,163.98,40.15,18.23,13.43,32.42,17.14,39.86,4.41
2021-11-02,Delhi,255.01,105.13,150.82,38.77,19.84,12.74,28.8,13.6,45.37,6.19
2021-11-03,Delhi,242.38,97.77,148.71,34.6,16.98,14.55,26.97,18.46,52.88,10.37
2021-11-04,Delhi,241.22,94.98,144.19,33.68,21.06,12.63,26.89,13.56,36.77,10.96
2021-11-05,Delhi,232.4,93.56,141.16,32.39,15.66,12.58,28.06,19.51,41.64,7.29
2021-11-06,Delhi,246.42,102.14,153.71,39.36,19.12,12.94,34.01,16.57,41.2,12.03
2021-11-07,Delhi,270.13,104.78,167.11,40.34,17.93,14.64,21.38,11.03,46.61,9.58
2021-11-08,Delhi,255.75,99.11,154.64,30.77,21.87,13.04,30.51,17.15,46.65,7.91
2021-11-09,Delhi,244.63,88.48,164.35,40.3,17.0,11.89,28.41,20.43,33.6,6.5
2021-11-10,Delhi,264.12,96.85,156.19,38.2,21.29,12.6,28.69,19.16,46.89,9.65
2021-11-11,Delhi,239.03,94.73,138.84,35.5,20.12,9.77,30.26,18.34,45.14,7.55
2021-11-12,Delhi,252.4,88.13,147.92,43.23,20.22,12.31,30.36,18.59,48.35,7.31
2021-11-13,Delhi,247.72,101.21,162.04,40.18,24.5,11.73,36.43,15.27,47.06,10.2
2021-11-14,Delhi,261.53,102.06,157.62,41.96,19.5,14.75,25.85,23.58,50.53,7.73
2021-11-15,Delhi,225.6,88.23,131.31,33.43,17.95,12.54,34.95,18.48,41.54,6.36
2021-11-16,Delhi,235.92,93.45,133.31,31.85,23.07,12.1,24.98,20.46,40.12,4.71
2021-11-17,Delhi,223.5,85.38,147.34,32.77,13.0,12.39,25.59,12.58,44.68,9.56
2021-11-18,Delhi,243.57,99.45,160.53,33.98,19.58,11.48,23.06,20.91,48.83,8.85
2021-11-19,Delhi,265.01,108.14,153.52,36.73,21.28,14.41,38.23,20.77,46.91,8.81
2021-11-20,Delhi,238.63,95.51,134.97,35.87,16.42,11.81,35.18,20.98,42.41,7.78
2021-11-21,Delhi,237.91,90.99,142.25,38.81,20.34,14.38,33.32,19.26,50.68,7.39
2021-11-22,Delhi,258.0,97.56,165.25,41.73,20.16,13.17,35.92,21.32,40.24,8.73
2021-11-23,Delhi,260.29,103.28,165.08,42.14,23.46,11.9,28.1,22.26,44.87,3.44
2021-11-24,Delhi,242.27,99.57,140.98,41.71,19.97,12.27,27.6,23.83,49.9,6.77
2021-11-25,Delhi,253.19,97.31,151.33,35.05,22.31,10.85,29.82,21.02,50.09,5.85
2021-11-26,Delhi,226.08,93.73,128.56,33.84,19.39,11.77,24.43,22.93,49.1,10.23
2021-11-27,Delhi,262.21,112.53,166.27,42.69,21.36,13.9,32.32,15.85,50.47,8.77
2021-11-28,Delhi,273.07,112.15,162.82,38.68,23.16,12.34,38.6,18.93,50.47,9.68
2021-11-29,Delhi,247.95,102.13,137.5,39.66,20.44,11.76,26.76,18.76,43.04,13.17
2021-11-30,Delhi,208.15,90.69,128.5,30.55,16.26,11.17,32.01,18.2,44.24,12.64
2021-12-01,Delhi,230.32,83.19,130.12,33.81,15.3,12.63,31.07,18.34,56.52,12.35
2021-12-02,Delhi,247.15,98.29,144.68,43.85,21.21,12.61,35.11,21.12,47.9,8.24
2021-12-03,Delhi,230.9,97.55,122.6,33.77,21.24,11.03,33.89,24.61,50.4,6.29
2021-12-04,Delhi,255.55,100.78,174.65,43.96,20.7,12.17,31.13,21.25,44.82,8.24
2021-12-05,Delhi,244.54,104.43,132.33,39.16,22.31,11.67,36.12,18.6,53.55,7.08
2021-12-06,Delhi,224.36,88.21,129.68,35.75,19.65,11.15,21.48,22.04,53.77,7.35
2021-12-07,Delhi,234.68,103.21,128.3,28.55,17.31,12.44,23.94,18.04,56.73,9.39
2021-12-08,Delhi,220.02,89.89,138.26,31.73,16.84,11.81,21.02,14.72,50.12,10.79
2021-12-09,Delhi,229.91,93.24,144.8,28.44,19.02,12.15,22.19,23.89,52.05,17.21
2021-12-10,Delhi,223.54,78.53,145.08,32.35,14.65,10.65,27.94,24.58,61.54,12.27
2021-12-11,Delhi,248.7,94.65,158.26,38.48,18.59,12.22,27.0,21.74,49.6,4.92
2021-12-12,Delhi,262.02,107.21,162.24,38.74,23.7,12.84,30.23,23.77,52.91,8.25
2021-12-13,Delhi,208.02,70.61,124.94,25.72,14.2,9.07,20.79,20.3,51.47,9.99
2021-12-14,Delhi,199.84,81.05,104.69,30.23,16.62,9.66,23.74,22.69,58.05,3.28
2021-12-15,Delhi,224.2,88.46,146.59,37.88,19.64,11.75,33.52,28.03,53.92,5.09
2021-12-16,Delhi,204.29,80.37,147.35,25.94,15.4,8.8,25.01,18.84,54.35,2.15
2021-12-17,Delhi,226.95,93.87,145.95,32.89,17.89,11.18,27.96,22.5,59.07,11.7
2021-12-18,Delhi,236.67,90.6,139.53,38.21,16.09,9.86,29.31,24.27,51.95,6.26
2021-12-19,Delhi,247.03,95.01,141.28,39.13,17.4,12.09,26.02,18.58,60.25,6.44
2021-12-20,Delhi,226.81,91.67,124.02,31.8,19.66,13.93,19.31,22.51,58.3,6.15
2021-12-21,Delhi,220.07,92.27,125.11,33.47,16.56,12.22,23.7,22.23,61.3,4.92
2021-12-22,Delhi,192.46,77.33,100.9,25.61,16.16,8.63,20.92,24.94,54.02,10.47
2021-12-23,Delhi,221.7,89.76,136.5,36.98,18.38,12.62,30.25,22.06,63.72,8.79
2021-12-24,Delhi,221.54,86.64,135.15,36.57,18.63,12.9,30.93,25.37,52.47,7.46
2021-12-25,Delhi,229.22,92.05,143.1,36.29,18.68,11.58,30.39,21.39,66.42,1.86
2021-12-26,Delhi,208.17,90.55,124.54,34.23,17.38,10.75,27.2,26.57,56.64,11.1
2021-12-27,Delhi,211.43,79.15,126.82,34.22,18.9,11.03,23.8,27.0,55.28,13.25
2021-12-28,Delhi,194.95,77.56,104.65,25.66,15.68,9.89,31.27,21.37,59.16,4.82
2021-12-29,Delhi,181.91,70.3,122.62,23.88,15.73,9.49,21.73,26.21,53.51,12.97
2021-12-30,Delhi,198.81,89.15,119.66,37.09,15.11,10.34,29.59,23.45,52.75,3.16
2021-12-31,Delhi,191.05,86.72,110.39,28.1,13.06,10.5,19.8,23.53,61.5,4.81
2022-01-01,Delhi,218.81,86.63,142.5,34.11,17.77,11.16,24.7,31.16,56.28,8.63
2022-01-02,Delhi,205.15,82.63,131.16,34.08,16.35,10.55,25.93,18.53,52.74,6.18
2022-01-03,Delhi,204.01,78.79,112.81,32.85,16.32,9.99,19.46,25.38,47.9,7.51
2022-01-04,Delhi,196.47,78.91,119.82,24.78,16.17,8.78,20.33,27.84,71.45,8.15
2022-01-05,Delhi,161.91,60.68,98.66,27.1,14.2,10.84,16.57,26.62,69.46,12.46
2022-01-06,Delhi,232.19,83.13,139.29,39.28,24.36,12.31,26.39,23.0,73.16,10.19
2022-01-07,Delhi,193.73,73.25,114.61,29.99,16.59,8.79,20.79,21.24,67.6,6.98
2022-01-08,Delhi,201.71,83.02,132.4,30.92,15.91,10.28,24.46,30.11,64.3,6.37
2022-01-09,Delhi,185.24,79.34,120.99,23.77,17.88,9.63,23.36,29.56,60.25,10.86
2022-01-10,Delhi,220.81,86.44,120.69,30.13,18.8,10.1,32.94,30.28,70.09,8.37
2022-01-11,Delhi,207.56,84.31,114.99,34.12,17.36,10.95,31.66,25.06,63.13,8.98
2022-01-12,Delhi,192.19,72.2,113.81,30.31,14.72,10.92,17.02,30.42,67.41,6.29
2022-01-13,Delhi,197.88,74.53,102.09,27.3,17.92,9.84,28.4,25.36,67.97,5.85
2022-01-14,Delhi,228.12,86.42,136.01,32.22,15.16,11.22,27.8,31.19,69.46,11.66
2022-01-15,Delhi,201.04,84.02,123.28,26.47,16.38,10.65,29.95,29.61,71.31,4.9
2022-01-16,Delhi,198.6,77.81,122.59,33.27,15.6,9.85,26.58,24.34,73.48,5.36
2022-01-17,Delhi,186.4,64.97,111.92,33.05,16.08,10.07,22.53,27.43,58.05,1.22
2022-01-18,Delhi,171.3,69.5,113.28,26.73,14.95,10.15,21.87,27.68,62.01,14.07
2022-01-19,Delhi,196.52,81.24,110.36,25.96,18.23,8.79,31.0,19.94,73.54,9.46
2022-01-20,Delhi,203.01,81.8,120.4,36.12,17.65,9.25,17.49,28.91,66.75,3.44
2022-01-21,Delhi,213.83,85.26,123.71,32.1,18.56,12.18,29.3,26.37,68.92,8.19
2022-01-22,Delhi,162.83,58.47,100.88,29.99,13.09,6.55,19.66,25.06,71.71,9.57
2022-01-23,Delhi,178.9,70.71,104.69,26.2,14.33,8.17,15.92,32.27,65.79,8.5
2022-01-24,Delhi,186.29,75.94,114.35,24.42,11.55,8.73,23.94,26.83,66.26,14.38
2022-01-25,Delhi,194.19,68.45,110.47,34.82,15.45,9.0,27.98,29.34,66.6,8.58
2022-01-26,Delhi,191.31,73.23,106.64,28.36,13.28,9.58,24.37,31.89,74.3,6.78
2022-01-27,Delhi,190.9,78.86,118.48,29.62,14.31,8.52,24.92,24.36,67.63,0.34
2022-01-28,Delhi,198.1,72.56,111.85,33.01,17.22,9.35,26.69,32.3,68.47,3.85
2022-01-29,Delhi,177.69,70.04,105.83,22.96,14.95,9.16,23.1,30.62,73.22,7.46
2022-01-30,Delhi,204.52,82.82,119.53,28.93,19.04,8.18,28.05,28.08,66.13,8.78
2022-01-31,Delhi,196.29,71.07,111.24,26.9,15.26,9.01,29.96,35.48,60.06,9.63
2022-02-01,Delhi,184.27,78.0,114.91,25.67,14.25,8.47,20.43,26.6,69.89,3.49
2022-02-02,Delhi,212.37,83.95,117.44,32.48,15.63,10.91,29.81,35.15,58.12,5.5
2022-02-03,Delhi,211.0,82.89,130.29,26.7,14.92,10.68,25.66,31.66,73.27,9.02
2022-02-04,Delhi,200.96,81.35,121.02,32.14,11.6,11.59,15.3,27.43,70.2,10.02
2022-02-05,Delhi,141.0,41.42,84.38,23.53,13.27,6.35,15.72,28.96,69.65,4.9
2022-02-06,Delhi,209.29,79.27,129.05,31.79,17.73,10.68,27.93,33.58,63.19,5.44
2022-02-07,Delhi,196.86,77.59,117.93,27.52,17.57,11.82,24.37,31.34,76.42,2.4
2022-02-08,Delhi,214.37,85.89,136.46,30.23,14.7,10.53,25.48,28.49,82.92,6.56
2022-02-09,Delhi,202.19,75.11,120.57,33.05,16.21,10.6,20.78,35.82,75.52,11.14
2022-02-10,Delhi,206.66,84.49,130.6,28.38,15.55,11.68,31.04,28.05,74.22,6.71
2022-02-11,Delhi,195.54,74.73,119.6,32.75,16.55,9.46,25.52,30.54,75.29,12.19
2022-02-12,Delhi,201.97,70.4,127.56,25.68,18.61,9.46,19.37,33.83,75.31,5.0
2022-02-13,Delhi,211.04,78.15,125.12,28.04,14.76,10.67,21.46,33.15,81.19,7.55
2022-02-14,Delhi,183.78,74.16,126.41,24.0,17.08,10.26,25.47,35.87,75.39,6.25
2022-02-15,Delhi,156.35,68.01,102.87,26.77,12.6,7.1,19.53,34.94,79.35,6.71
2022-02-16,Delhi,174.75,71.48,94.38,29.17,12.41,9.52,16.37,35.33,76.08,5.66
2022-02-17,Delhi,184.64,77.31,106.06,29.94,14.22,7.51,18.23,31.06,81.55,10.7
2022-02-18,Delhi,179.35,79.86,120.84,25.3,13.97,8.56,18.84,26.95,74.87,4.14
2022-02-19,Delhi,158.99,63.42,112.32,22.32,13.11,8.86,20.2,33.46,73.35,7.3
2022-02-20,Delhi,152.68,56.27,98.38,17.68,14.16,6.23,22.17,31.63,69.23,9.74
2022-02-21,Delhi,165.51,70.85,95.8,26.99,8.67,6.95,25.03,32.13,66.29,5.9
2022-02-22,Delhi,188.23,70.67,111.61,27.12,15.42,9.34,28.03,34.18,78.11,11.5
2022-02-23,Delhi,199.32,77.78,109.5,33.52,16.22,10.11,21.38,31.16,80.26,10.95
2022-02-24,Delhi,188.87,79.47,119.67,30.04,15.37,9.27,27.51,31.99,78.08,5.59
2022-02-25,Delhi,190.51,72.91,112.42,26.16,16.84,8.18,23.26,33.61,67.38,6.68
2022-02-26,Delhi,172.97,70.47,107.21,25.33,15.19,8.54,20.81,34.07,81.26,5.97
2022-02-27,Delhi,147.6,56.61,83.21,21.14,14.66,7.95,13.19,31.6,78.68,5.28
2022-02-28,Delhi,166.46,62.96,110.64,23.13,15.23,9.58,17.04,30.83,75.62,4.73
2022-03-01,Delhi,168.98,68.2,99.74,26.43,16.31,9.27,22.23,27.69,79.39,13.17
2022-03-02,Delhi,164.99,50.94,104.51,24.27,11.5,9.05,26.64,36.0,75.49,5.17
2022-03-03,Delhi,172.87,69.87,110.7,24.77,13.25,11.47,25.06,37.21,70.22,5.88
2022-03-04,Delhi,178.28,71.68,98.96,31.54,17.08,8.38,28.53,33.83,90.63,8.43
2022-03-05,Delhi,184.08,76.51,121.64,31.44,15.75,9.06,24.15,31.47,78.6,4.67
2022-03-06,Delhi,166.75,57.79,100.45,28.8,15.19,8.26,27.0,32.29,68.4,1.45
2022-03-07,Delhi,142.01,50.9,91.74,19.4,12.28,8.75,12.64,35.51,80.84,5.42
2022-03-08,Delhi,162.99,71.97,95.49,23.3,17.26,8.67,23.26,38.21,75.03,11.75
2022-03-09,Delhi,170.57,65.72,97.98,24.77,12.4,9.35,21.54,32.74,81.79,7.17
2022-03-10,Delhi,187.95,73.54,113.16,29.58,15.82,9.03,25.94,33.61,75.28,3.6
2022-03-11,Delhi,160.79,69.23,96.57,24.75,14.95,7.56,13.8,34.55,80.22,7.21
2022-03-12,Delhi,176.72,78.05,86.14,29.87,15.72,9.29,7.86,38.25,73.66,6.48
2022-03-13,Delhi,173.11,68.39,107.13,27.89,15.63,9.47,21.79,35.7,73.46,5.75
2022-03-14,Delhi,169.17,72.14,108.2,27.55,12.5,9.37,15.65,37.74,77.72,13.05
2022-03-15,Delhi,182.23,65.28,123.44,26.25,13.82,9.31,19.08,34.35,75.44,5.9
2022-03-16,Delhi,158.13,65.69,87.67,21.42,9.9,7.4,24.22,32.07,75.56,8.58
2022-03-17,Delhi,159.21,61.83,113.35,23.39,13.41,8.9,22.8,35.36,78.51,14.07
2022-03-18,Delhi,167.46,66.48,96.94,23.18,9.94,9.19,10.7,34.68,78.38,14.72
2022-03-19,Delhi,157.85,53.98,87.5,23.27,12.23,7.34,18.62,30.96,81.27,1.04
2022-03-20,Delhi,174.91,69.83,100.14,29.29,17.5,8.41,26.55,33.83,74.73,13.24
2022-03-21,Delhi,156.44,65.18,93.9,25.53,13.06,7.75,13.47,34.0,82.74,7.63
2022-03-22,Delhi,170.39,72.67,105.3,22.92,10.99,8.36,18.35,35.85,76.1,6.15
2022-03-23,Delhi,165.37,71.41,100.41,22.7,13.26,9.65,21.02,36.65,75.99,11.08
2022-03-24,Delhi,169.99,79.59,95.66,21.95,13.95,9.37,20.03,31.74,79.26,9.79
2022-03-25,Delhi,159.77,61.87,100.72,27.46,13.26,7.96,22.49,32.35,75.07,7.2
2022-03-26,Delhi,161.5,62.14,90.47,29.72,17.26,7.72,19.75,34.38,85.42,11.92
2022-03-27,Delhi,167.96,58.3,104.59,21.27,16.95,8.84,16.86,34.24,78.47,9.58
2022-03-28,Delhi,169.5,73.01,92.52,30.94,16.77,7.6,20.63,40.11,86.11,6.99
2022-03-29,Delhi,166.38,70.62,123.8,25.27,12.04,8.49,20.95,33.41,82.18,4.24
2022-03-30,Delhi,192.0,73.47,121.26,23.54,17.17,7.59,16.11,33.5,81.42,11.98
2022-03-31,Delhi,151.55,60.91,88.96,24.47,10.38,7.72,13.39,35.25,79.35,5.59
2022-04-01,Delhi,165.46,67.01,100.54,28.34,10.03,8.2,16.81,37.61,83.77,9.52
2022-04-02,Delhi,142.84,53.62,92.79,16.84,7.96,5.87,17.01,37.02,65.12,11.97
2022-04-03,Delhi,172.06,69.48,90.7,26.11,15.95,9.2,25.04,30.9,77.92,5.23
2022-04-04,Delhi,149.81,68.51,95.0,31.01,11.05,6.77,17.41,39.12,78.15,8.37
2022-04-05,Delhi,162.43,65.46,97.77,22.41,12.72,7.94,19.46,37.81,88.76,5.48
2022-04-06,Delhi,161.11,62.48,90.06,24.73,11.81,8.3,23.75,27.39,82.39,6.62
2022-04-07,Delhi,171.0,70.7,95.43,29.24,15.51,9.12,23.69,32.71,76.8,10.26
2022-04-08,Delhi,158.61,59.6,106.73,22.82,13.69,10.03,16.21,35.14,85.14,10.85
2022-04-09,Delhi,158.09,61.6,90.72,23.01,15.54,7.63,19.28,33.63,83.35,8.47
2022-04-10,Delhi,188.7,70.46,105.47,22.31,13.43,10.23,27.94,36.94,82.55,7.62
2022-04-11,Delhi,171.59,72.51,105.24,31.15,13.53,9.92,24.09,37.07,69.66,10.79
2022-04-12,Delhi,159.08,62.99,91.9,19.41,12.72,7.99,13.88,30.41,82.09,10.62
2022-04-13,Delhi,163.92,66.52,107.56,24.33,13.0,7.28,13.43,40.36,85.25,3.82
2022-04-14,Delhi,192.56,77.8,114.74,28.06,14.59,10.01,26.38,35.97,78.92,7.53
2022-04-15,Delhi,164.57,70.51,102.45,24.9,13.09,8.57,17.87,37.19,74.06,6.77
2022-04-16,Delhi,157.98,66.25,85.73,18.98,12.76,6.2,13.76,36.95,78.33,11.86
2022-04-17,Delhi,158.29,57.29,94.22,24.94,10.32,8.95,21.04,29.81,79.08,9.16
2022-04-18,Delhi,160.59,61.28,84.51,24.92,17.27,7.64,25.55,32.33,80.25,10.31
2022-04-19,Delhi,160.18,64.03,93.73,26.21,16.6,8.31,17.16,33.97,91.67,8.4
2022-04-20,Delhi,150.19,57.1,80.95,17.05,12.74,8.16,16.44,34.44,73.11,8.4
2022-04-21,Delhi,152.82,63.54,87.41,27.99,10.55,7.92,21.73,34.2,77.91,3.71
2022-04-22,Delhi,157.56,69.81,93.17,25.25,13.95,7.25,18.12,38.37,73.15,14.38
2022-04-23,Delhi,179.2,67.95,98.08,27.28,18.75,7.05,20.94,35.74,78.78,9.15
2022-04-24,Delhi,164.95,62.39,94.17,24.3,10.94,8.2,18.24,32.83,80.09,2.54
2022-04-25,Delhi,167.91,66.02,119.29,21.93,16.0,8.45,17.74,30.21,79.05,12.36
2022-04-26,Delhi,190.44,74.23,113.62,31.6,15.92,7.95,23.25,38.64,78.03,0.22
2022-04-27,Delhi,191.2,78.42,113.13,23.19,11.94,10.53,20.01,31.31,77.89,6.07
2022-04-28,Delhi,167.94,67.67,99.14,21.59,12.41,8.84,20.32,33.71,87.6,10.19
2022-04-29,Delhi,163.11,69.51,96.54,25.13,12.19,8.93,19.13,34.55,78.56,7.95
2022-04-30,Delhi,160.03,78.7,90.69,21.98,14.19,7.41,18.04,30.54,80.06,9.51
2022-05-01,Delhi,183.83,71.95,116.01,22.0,13.29,9.02,17.37,28.47,75.89,10.08
2022-05-02,Delhi,170.81,74.74,98.11,27.82,14.94,9.76,19.1,28.24,77.61,4.96
2022-05-03,Delhi,168.55,63.8,98.72,24.27,13.77,9.13,18.75,34.73,77.16,10.81
2022-05-04,Delhi,162.61,64.1,96.94,23.27,12.68,7.35,15.98,35.78,71.49,7.04
2022-05-05,Delhi,163.76,70.58,95.43,27.05,11.92,7.14,13.27,37.3,71.03,10.24
2022-05-06,Delhi,180.6,67.24,118.9,33.71,11.08,7.95,24.76,34.8,80.41,6.28
2022-05-07,Delhi,156.58,72.57,94.89,19.84,12.02,6.63,25.15,31.18,78.79,6.59
2022-05-08,Delhi,191.76,73.63,99.77,30.56,17.94,8.67,16.83,35.47,67.9,11.66
2022-05-09,Delhi,169.36,63.22,92.79,26.15,11.47,7.76,21.74,25.67,84.14,8.13
2022-05-10,Delhi,175.67,63.8,97.27,29.33,15.26,10.17,18.35,33.75,77.85,10.09
2022-05-11,Delhi,158.42,69.0,89.31,23.42,11.45,7.87,21.8,27.79,81.04,4.58
2022-05-12,Delhi,178.86,70.01,117.27,27.81,14.99,7.76,17.29,35.46,72.33,6.52
2022-05-13,Delhi,174.7,74.7,96.42,27.01,14.06,8.73,18.89,30.79,69.66,9.45
2022-05-14,Delhi,179.47,68.45,115.43,26.25,12.24,8.74,19.89,35.44,72.98,7.17
2022-05-15,Delhi,202.9,88.22,125.8,35.42,18.75,9.26,28.31,36.87,82.26,10.96
2022-05-16,Delhi,184.1,78.48,108.04,25.1,14.02,7.54,27.46,31.33,80.81,4.31
2022-05-17,Delhi,170.14,73.47,98.13,21.67,16.87,9.61,21.26,32.16,76.31,8.58
2022-05-18,Delhi,172.03,64.85,99.92,31.69,19.11,10.16,22.56,30.92,69.87,5.8
2022-05-19,Delhi,192.27,74.14,132.57,34.26,16.87,8.65,26.64,31.09,62.85,8.86
2022-05-20,Delhi,203.48,77.18,115.62,29.77,15.28,10.14,24.09,26.05,80.96,5.05
2022-05-21,Delhi,188.89,70.79,110.71,28.01,18.03,9.71,24.93,32.38,74.26,8.93
2022-05-22,Delhi,195.67,68.6,115.4,32.84,23.54,8.58,25.17,29.71,83.08,3.94
2022-05-23,Delhi,195.17,81.19,105.84,28.32,15.54,10.83,19.11,33.28,72.67,8.82
2022-05-24,Delhi,208.0,87.99,114.54,33.63,15.5,11.5,26.3,30.52,69.36,10.47
2022-05-25,Delhi,158.17,69.57,90.64,20.33,14.04,6.46,13.76,27.83,69.96,3.99
2022-05-26,Delhi,198.14,69.56,109.8,31.65,13.31,9.57,31.56,30.73,73.47,5.16
2022-05-27,Delhi,203.61,92.26,117.83,29.86,18.92,10.0,24.62,29.89,70.1,9.11
2022-05-28,Delhi,169.5,70.56,96.55,23.13,12.34,7.07,13.98,31.49,75.88,10.61
2022-05-29,Delhi,177.03,58.9,104.26,23.25,14.45,8.43,23.61,30.39,61.42,5.1
2022-05-30,Delhi,178.3,71.35,107.7,22.53,11.19,8.97,15.78,25.3,68.39,6.53
2022-05-31,Delhi,180.89,67.96,102.9,27.17,13.03,9.11,20.18,30.66,74.71,10.52
2022-06-01,Delhi,185.35,80.58,117.92,28.52,13.96,8.88,18.73,30.03,73.51,5.82
2022-06-02,Delhi,196.99,78.61,112.77,30.18,14.66,9.11,20.92,31.37,69.24,6.71
2022-06-03,Delhi,207.11,84.15,120.95,34.45,14.62,10.17,19.23,28.67,61.03,10.24
2022-06-04,Delhi,211.12,88.28,132.95,31.76,15.13,9.76,31.46,33.87,69.73,6.45
2022-06-05,Delhi,183.13,80.09,104.32,28.16,17.35,8.32,25.29,30.97,68.61,5.02
2022-06-06,Delhi,183.82,69.91,112.61,23.3,14.97,9.73,26.0,25.05,75.08,13.09
2022-06-07,Delhi,217.03,88.86,121.91,31.57,17.27,11.12,26.13,29.94,67.73,8.8
2022-06-08,Delhi,207.8,80.82,121.98,29.44,20.46,11.85,27.16,32.91,71.86,8.54
2022-06-09,Delhi,200.16,72.54,118.0,29.02,13.75,8.52,25.99,29.75,61.72,5.76
2022-06-10,Delhi,206.83,88.54,117.08,31.54,16.17,10.85,21.4,28.89,68.08,8.69
2022-06-11,Delhi,200.11,80.44,122.82,36.59,21.13,9.37,14.74,30.24,67.84,11.18
2022-06-12,Delhi,209.26,85.13,126.02,34.78,19.28,9.08,21.84,27.98,67.08,7.32
2022-06-13,Delhi,197.18,81.04,126.28,34.75,16.93,9.01,23.07,27.91,68.84,9.16
2022-06-14,Delhi,207.1,93.09,120.57,32.22,21.28,9.77,25.43,25.13,66.34,5.66
2022-06-15,Delhi,181.25,77.73,109.93,24.38,16.18,9.24,25.56,24.36,67.45,10.32
2022-06-16,Delhi,194.44,75.66,106.59,29.04,18.01,10.85,21.62,23.79,63.12,6.59
2022-06-17,Delhi,195.45,80.41,116.43,27.06,17.84,9.91,25.2,22.3,52.82,3.69
2022-06-18,Delhi,200.85,77.94,125.12,23.1,19.25,10.21,29.54,24.65,67.13,8.26
2022-06-19,Delhi,193.43,81.46,114.19,30.43,17.68,9.02,24.18,21.47,67.78,13.86
2022-06-20,Delhi,200.18,73.85,119.38,32.67,16.08,10.17,22.46,25.68,63.5,8.13
2022-06-21,Delhi,186.34,68.63,111.27,32.66,14.07,8.08,21.75,24.65,56.9,8.42
2022-06-22,Delhi,218.15,83.71,125.89,33.18,14.39,9.17,28.86,20.84,58.37,2.6
2022-06-23,Delhi,209.55,81.39,129.16,31.77,21.55,11.56,21.42,22.87,76.45,11.19
2022-06-24,Delhi,186.08,77.38,112.25,28.73,11.92,9.46,22.62,23.58,59.88,12.55
2022-06-25,Delhi,200.01,79.38,136.58,24.78,14.96,8.45,19.16,23.63,63.81,8.8
2022-06-26,Delhi,218.46,83.99,113.25,37.2,16.91,9.81,27.32,26.56,60.28,8.45
2022-06-27,Delhi,206.15,76.68,129.77,27.93,15.28,10.96,29.55,30.53,66.83,7.03
2022-06-28,Delhi,204.72,74.18,134.07,34.82,15.03,11.16,23.24,30.11,58.63,13.94
2022-06-29,Delhi,214.93,89.9,143.34,30.85,18.0,9.78,29.17,28.13,72.85,9.45
2022-06-30,Delhi,222.08,92.45,129.48,34.94,17.01,11.22,27.35,24.2,60.83,6.87
2022-07-01,Delhi,196.26,76.61,126.37,29.97,16.4,8.36,25.25,26.68,58.18,14.26
2022-07-02,Delhi,226.94,79.33,142.44,36.18,19.24,11.52,29.44,27.52,56.2,8.9
2022-07-03,Delhi,207.57,82.11,115.79,33.29,15.48,8.88,22.75,22.35,64.63,8.46
2022-07-04,Delhi,220.18,94.98,126.78,35.65,23.29,11.37,29.87,26.65,52.03,9.76
2022-07-05,Delhi,220.8,89.85,130.4,30.47,19.05,10.07,35.03,24.74,52.68,6.46
2022-07-06,Delhi,214.3,84.33,147.88,29.49,16.91,10.18,27.71,22.66,52.76,7.41
2022-07-07,Delhi,207.73,81.6,119.9,29.54,18.99,10.07,20.39,22.67,58.38,3.99
2022-07-08,Delhi,219.68,96.0,138.75,37.24,18.36,8.89,32.5,21.29,53.86,8.47
2022-07-09,Delhi,249.22,106.58,157.96,40.1,19.31,12.13,31.29,23.32,61.87,10.49
2022-07-10,Delhi,205.28,85.07,102.96,31.18,16.21,10.43,21.62,19.57,59.4,6.93
2022-07-11,Delhi,251.97,103.66,145.81,42.04,22.16,12.9,29.38,25.93,58.71,8.72
2022-07-12,Delhi,223.55,94.64,145.54,29.78,15.78,10.4,20.82,23.01,59.41,7.94
2022-07-13,Delhi,228.84,88.87,146.32,34.75,18.99,12.6,26.97,29.21,53.83,13.99
2022-07-14,Delhi,212.88,80.28,131.87,30.0,19.27,10.17,26.71,20.91,60.42,6.03
2022-07-15,Delhi,218.47,95.8,123.11,28.73,19.38,10.33,26.19,21.73,48.83,7.77
2022-07-16,Delhi,223.35,95.66,142.03,34.2,20.09,10.11,25.5,23.72,54.41,7.26
2022-07-17,Delhi,216.06,80.42,112.98,34.86,17.77,11.7,24.18,20.23,54.76,10.56
2022-07-18,Delhi,229.46,90.63,144.09,31.4,18.03,11.4,32.44,22.82,63.13,3.96
2022-07-19,Delhi,227.33,91.58,137.83,35.96,16.56,13.05,27.33,18.77,53.99,7.06
2022-07-20,Delhi,262.04,118.73,165.62,39.45,20.74,14.05,35.44,13.13,56.95,8.08
2022-07-21,Delhi,217.62,80.49,137.61,39.38,18.52,11.98,33.33,19.22,44.12,9.97
2022-07-22,Delhi,237.48,93.75,131.5,35.39,20.45,11.73,25.35,20.87,52.99,2.21
2022-07-23,Delhi,240.48,95.48,133.54,38.05,16.12,13.04,27.22,19.75,54.24,5.4
2022-07-24,Delhi,221.53,90.01,127.06,31.56,18.53,9.94,21.53,21.97,52.31,8.51
2022-07-25,Delhi,248.7,101.12,149.68,39.13,20.09,10.43,22.85,26.85,52.13,10.85
2022-07-26,Delhi,233.23,91.56,139.48,33.62,23.59,11.91,25.85,15.95,61.68,7.51
2022-07-27,Delhi,202.62,84.77,128.42,29.01,17.55,9.53,20.35,24.24,50.71,9.56
2022-07-28,Delhi,250.7,102.34,155.53,32.94,18.89,12.21,26.76,21.88,57.12,12.04
2022-07-29,Delhi,224.84,88.24,137.24,35.06,19.23,10.36,34.26,23.22,55.65,11.61
2022-07-30,Delhi,226.66,93.34,127.78,33.58,14.83,11.75,26.52,20.17,56.6,6.63
2022-07-31,Delhi,253.47,100.13,152.26,32.5,19.75,10.19,28.07,22.7,52.51,6.22
2022-08-01,Delhi,238.71,95.69,134.63,35.8,24.96,13.78,28.86,20.47,45.08,5.59
2022-08-02,Delhi,258.45,105.19,150.87,41.48,23.82,13.26,31.42,14.8,53.42,4.57
2022-08-03,Delhi,263.59,103.35,165.83,42.63,20.15,12.77,28.83,16.1,46.21,3.16
2022-08-04,Delhi,236.51,98.02,145.06,37.16,17.01,10.63,28.6,19.74,48.36,7.13
2022-08-05,Delhi,258.82,112.08,158.7,44.73,23.24,14.64,26.76,21.18,46.65,3.01
2022-08-06,Delhi,236.32,102.01,139.44,32.28,18.08,11.02,25.58,18.6,57.18,6.0
2022-08-07,Delhi,281.87,121.04,175.91,43.47,24.05,14.11,38.97,20.82,39.92,8.89
2022-08-08,Delhi,238.69,99.39,140.9,36.18,17.87,10.56,22.44,14.37,51.31,0.53
2022-08-09,Delhi,265.18,102.74,152.98,38.93,17.5,13.66,26.73,22.24,44.59,7.71
2022-08-10,Delhi,263.13,105.27,159.83,39.58,20.2,13.5,33.44,16.42,49.56,11.58
2022-08-11,Delhi,255.9,105.89,161.0,38.9,18.6,11.99,31.99,21.41,61.09,10.95
2022-08-12,Delhi,241.78,90.86,138.93,43.1,18.91,12.14,25.17,23.14,49.4,5.68
2022-08-13,Delhi,250.23,95.12,152.6,37.67,21.68,13.06,28.97,16.69,45.84,6.35
2022-08-14,Delhi,220.85,87.69,132.64,30.43,18.93,10.67,23.14,17.14,47.6,8.25
2022-08-15,Delhi,257.17,104.98,161.49,42.49,21.14,11.79,29.78,15.05,54.62,13.96
2022-08-16,Delhi,259.68,107.12,162.68,39.71,21.51,11.39,30.87,15.3,47.3,7.82
2022-08-17,Delhi,257.07,112.56,161.57,39.41,20.03,14.53,30.73,18.82,45.86,6.79
2022-08-18,Delhi,211.08,84.61,110.95,27.02,17.59,12.12,26.72,15.54,38.19,10.35
2022-08-19,Delhi,237.3,92.08,147.52,36.76,19.94,11.9,30.01,17.23,42.0,5.11
2022-08-20,Delhi,245.65,86.34,145.94,41.41,21.11,12.51,26.54,20.47,44.35,12.72
2022-08-21,Delhi,261.83,99.83,151.1,36.73,17.98,12.15,31.83,15.22,25.44,11.22
2022-08-22,Delhi,262.36,96.53,162.13,39.45,25.22,14.12,29.47,15.14,52.02,3.57
2022-08-23,Delhi,256.03,103.37,152.57,37.37,21.19,12.99,32.55,17.56,46.38,8.28
2022-08-24,Delhi,268.66,104.17,161.23,38.16,19.93,13.1,31.76,17.14,48.66,6.5
2022-08-25,Delhi,244.27,98.69,147.51,34.81,19.69,13.22,30.06,17.61,40.34,13.91
2022-08-26,Delhi,269.34,104.49,148.26,42.98,21.32,13.16,30.14,22.45,45.44,9.65
2022-08-27,Delhi,267.82,107.94,162.85,44.37,20.92,11.93,35.61,18.23,44.01,9.41
2022-08-28,Delhi,266.86,104.89,160.28,39.63,20.17,14.53,26.37,23.72,47.67,2.67
2022-08-29,Delhi,258.95,102.46,154.02,40.02,18.74,12.98,30.59,14.33,38.71,10.76
2022-08-30,Delhi,289.62,107.36,177.59,45.84,22.73,14.53,39.41,14.34,39.91,6.51
2022-08-31,Delhi,270.02,113.83,172.35,36.31,23.61,14.32,38.62,17.52,42.52,11.44
2022-09-01,Delhi,248.54,102.91,167.08,40.16,20.19,11.25,27.5,11.98,41.49,10.78
2022-09-02,Delhi,267.23,106.87,168.51,41.1,20.57,13.45,33.96,16.62,43.15,5.69
2022-09-03,Delhi,275.21,107.92,183.19,44.97,19.07,11.39,33.33,18.8,39.64,11.06
2022-09-04,Delhi,255.51,102.5,152.0,40.59,19.38,12.49,33.34,15.95,51.63,10.08
2022-09-05,Delhi,281.07,115.57,168.24,44.78,21.84,14.34,30.06,19.08,43.39,13.95
2022-09-06,Delhi,270.84,120.3,168.61,40.83,19.78,14.45,33.34,17.51,50.44,5.53
2022-09-07,Delhi,230.34,87.52,136.31,37.01,19.54,10.62,30.67,12.22,37.46,7.65
2022-09-08,Delhi,270.33,105.36,169.32,41.41,25.16,13.27,31.95,19.39,41.06,12.48
2022-09-09,Delhi,260.09,106.74,137.23,42.55,22.63,13.96,23.57,13.7,38.44,5.48
2022-09-10,Delhi,274.56,118.53,164.64,41.07,23.07,14.3,19.61,13.69,34.2,9.2
2022-09-11,Delhi,280.98,110.95,168.71,35.91,21.86,15.16,39.36,17.73,34.47,11.78
2022-09-12,Delhi,270.05,111.64,161.09,34.43,23.51,12.91,33.79,15.72,48.72,7.62
2022-09-13,Delhi,292.38,116.88,188.06,41.88,25.02,14.42,31.08,15.47,44.38,12.06
2022-09-14,Delhi,265.0,113.37,156.64,36.79,20.56,12.07,30.93,14.39,44.46,1.38
2022-09-15,Delhi,277.31,107.25,160.58,45.16,19.96,14.09,32.76,18.49,43.71,8.36
2022-09-16,Delhi,280.25,109.33,153.33,42.78,23.48,12.44,28.7,16.08,42.34,5.03
2022-09-17,Delhi,266.95,103.91,145.48,44.17,18.76,13.89,31.89,19.15,36.6,8.18
2022-09-18,Delhi,280.3,103.63,152.67,43.83,18.85,13.79,37.68,17.48,37.16,3.23
2022-09-19,Delhi,259.9,106.51,166.68,37.0,19.19,12.47,33.47,18.89,34.21,3.51
2022-09-20,Delhi,262.67,116.77,156.18,40.16,19.63,13.62,35.36,16.07,49.05,7.02
2022-09-21,Delhi,249.49,98.48,151.55,38.82,20.42,11.19,31.19,14.02,37.38,8.1
2022-09-22,Delhi,272.96,104.37,154.69,33.1,25.33,14.2,32.29,13.11,25.85,5.81
2022-09-23,Delhi,274.35,113.32,172.15,43.08,22.27,15.02,31.61,18.34,38.25,5.36
2022-09-24,Delhi,287.29,109.89,163.86,45.07,21.5,13.33,37.33,16.05,44.95,9.54
2022-09-25,Delhi,281.58,108.87,169.56,42.61,20.69,12.97,31.07,21.16,38.03,11.7
2022-09-26,Delhi,265.54,103.87,166.44,42.54,23.15,13.66,37.37,16.17,48.63,3.14
2020-01-01,Mumbai,105.22,54.65,62.98,14.85,7.37,5.64,14.17,27.85,55.37,7.06
2020-01-02,Mumbai,103.41,51.52,63.84,14.99,6.39,5.68,16.53,27.8,59.05,9.08
2020-01-03,Mumbai,84.27,42.07,59.13,10.29,1.65,4.51,13.31,22.08,60.64,7.21
2020-01-04,Mumbai,106.17,42.99,59.35,19.8,8.79,4.43,16.41,21.72,67.45,10.97
2020-01-05,Mumbai,74.29,36.66,43.31,9.65,6.11,3.63,6.3,24.03,59.54,4.49
2020-01-06,Mumbai,85.99,37.79,51.18,11.97,4.66,3.14,18.06,23.98,64.77,8.49
2020-01-07,Mumbai,64.98,12.12,53.33,11.8,3.66,3.22,3.2,31.51,57.52,6.43
2020-01-08,Mumbai,117.51,43.36,71.15,21.74,12.98,5.48,15.61,26.45,57.5,15.27
2020-01-09,Mumbai,89.82,42.74,55.41,18.22,9.61,4.57,12.08,30.91,58.01,13.02
2020-01-10,Mumbai,124.97,48.86,87.18,18.73,10.67,6.21,12.87,25.73,69.98,1.06
2020-01-11,Mumbai,103.68,35.28,56.4,12.32,11.31,6.44,14.81,24.8,70.1,3.24
2020-01-12,Mumbai,97.53,49.72,53.04,13.84,6.94,3.8,19.4,29.25,69.84,4.33
2020-01-13,Mumbai,81.19,33.38,52.88,12.99,4.17,5.14,10.23,24.19,54.83,9.82
2020-01-14,Mumbai,73.47,41.64,35.96,11.53,8.1,2.4,6.9,24.64,69.36,11.98
2020-01-15,Mumbai,96.19,39.27,50.98,13.1,6.43,3.83,11.13,29.11,67.22,7.98
2020-01-16,Mumbai,86.46,34.87,51.22,9.08,7.24,3.74,4.99,28.67,62.05,8.68
2020-01-17,Mumbai,66.63,30.89,32.38,10.27,1.71,4.86,2.56,26.18,72.13,7.3
2020-01-18,Mumbai,63.16,19.28,43.6,11.55,3.79,2.63,5.84,27.26,56.3,7.46
2020-01-19,Mumbai,70.73,37.21,35.27,8.86,3.29,4.15,13.3,31.59,59.86,9.5
2020-01-20,Mumbai,111.63,51.82,71.06,18.18,7.99,5.8,18.34,29.2,60.18,6.63
2020-01-21,Mumbai,116.72,52.74,72.63,17.87,8.23,7.02,20.66,32.16,73.96,6.92
2020-01-22,Mumbai,85.81,31.82,50.24,12.99,9.73,5.46,12.45,24.24,58.63,8.72
2020-01-23,Mumbai,84.19,38.08,49.88,18.37,4.57,3.0,7.45,26.59,70.03,6.73
2020-01-24,Mumbai,76.13,22.71,52.81,6.14,3.95,2.18,9.96,29.41,77.3,10.74
2020-01-25,Mumbai,66.39,33.76,42.14,7.03,5.57,3.91,10.78,27.6,70.47,5.2
2020-01-26,Mumbai,100.27,34.89,51.23,15.11,5.67,4.59,15.64,26.08,65.82,8.21
2020-01-27,Mumbai,106.98,44.03,60.2,18.41,9.74,6.49,12.51,27.79,65.24,8.92
2020-01-28,Mumbai,64.73,24.01,34.28,8.36,3.81,3.44,2.12,30.39,72.35,6.26
2020-01-29,Mumbai,76.14,40.07,45.82,6.74,5.53,3.87,10.93,28.86,64.21,4.72
2020-01-30,Mumbai,69.9,24.69,37.47,7.08,4.13,4.15,14.98,32.05,76.1,10.92
2020-01-31,Mumbai,69.61,32.01,39.06,10.86,4.73,3.26,8.63,32.08,71.99,7.51
2020-02-01,Mumbai,92.98,37.47,59.25,15.95,4.4,3.57,15.59,29.9,68.05,7.21
2020-02-02,Mumbai,54.79,20.6,37.34,4.89,4.43,2.99,8.16,30.9,73.05,6.28
2020-02-03,Mumbai,80.76,27.59,68.11,11.21,6.09,4.72,16.08,28.75,65.77,4.27
2020-02-04,Mumbai,83.98,41.56,42.08,12.51,4.76,2.75,8.91,27.71,67.59,14.02
2020-02-05,Mumbai,70.23,30.22,49.59,13.01,5.42,3.07,9.42,31.17,68.49,8.39
2020-02-06,Mumbai,85.08,30.5,49.67,11.76,4.27,1.9,6.45,36.22,70.07,10.33
2020-02-07,Mumbai,73.22,18.67,35.86,6.92,5.45,6.08,10.63,36.03,70.62,12.09
2020-02-08,Mumbai,88.59,45.8,52.28,11.67,4.45,4.12,10.96,37.18,65.69,8.18
2020-02-09,Mumbai,46.84,9.67,24.69,7.96,4.77,2.93,7.21,32.96,72.67,4.86
2020-02-10,Mumbai,63.8,16.26,33.9,9.17,7.61,3.09,6.87,32.51,71.36,10.43
2020-02-11,Mumbai,67.31,36.82,57.91,10.39,6.06,4.94,7.48,33.52,67.3,7.07
2020-02-12,Mumbai,27.68,16.85,10.86,3.77,0.0,3.39,8.37,32.18,75.77,9.19
2020-02-13,Mumbai,50.85,27.26,26.36,9.82,6.22,3.76,0.0,29.95,68.39,8.45
2020-02-14,Mumbai,54.32,11.65,16.23,14.66,5.58,2.84,7.97,32.31,78.73,6.1
2020-02-15,Mumbai,80.15,32.99,49.91,8.88,8.97,3.56,13.69,32.34,82.16,4.88
2020-02-16,Mumbai,54.73,16.47,25.6,8.61,7.46,4.33,0.0,32.87,58.17,10.39
2020-02-17,Mumbai,52.49,26.59,31.17,8.12,4.35,1.84,8.03,31.54,79.12,7.66
2020-02-18,Mumbai,76.45,26.28,33.58,5.88,8.74,3.36,10.53,37.7,71.89,6.12
2020-02-19,Mumbai,39.36,15.08,23.85,11.57,6.28,2.59,10.52,31.94,76.44,7.1
2020-02-20,Mumbai,32.02,6.35,28.84,6.4,2.6,1.6,0.0,29.65,76.85,6.41
2020-02-21,Mumbai,57.13,21.76,33.44,6.52,2.63,1.24,6.27,34.55,67.17,7.93
2020-02-22,Mumbai,40.31,17.53,16.27,10.31,2.45,1.91,4.19,27.49,80.65,5.13
2020-02-23,Mumbai,40.37,14.96,29.0,10.44,1.07,1.57,10.37,34.3,79.17,4.85
2020-02-24,Mumbai,69.61,25.95,40.43,7.87,2.22,2.97,13.77,33.19,82.9,8.54
2020-02-25,Mumbai,73.66,25.64,54.42,11.69,7.82,2.61,12.99,36.32,77.68,5.58
2020-02-26,Mumbai,71.88,28.52,48.02,11.49,6.95,4.61,6.03,29.75,76.24,7.01
2020-02-27,Mumbai,76.21,34.41,37.13,14.49,8.8,3.81,9.39,31.01,73.91,6.77
2020-02-28,Mumbai,77.75,38.31,46.07,7.7,6.73,4.71,9.23,37.81,80.7,4.85
2020-02-29,Mumbai,26.76,7.95,17.87,0.0,2.81,0.0,7.3,36.22,79.52,5.97
2020-03-01,Mumbai,65.02,26.86,34.9,6.66,4.52,3.95,7.98,37.94,81.0,9.98
2020-03-02,Mumbai,49.9,11.92,27.66,4.29,3.63,1.8,4.48,36.86,79.73,11.02
2020-03-03,Mumbai,46.23,10.49,28.2,9.84,6.71,0.76,4.14,36.86,76.56,5.27
2020-03-04,Mumbai,65.46,18.44,31.69,4.75,5.35,4.17,2.81,34.61,81.91,7.99
2020-03-05,Mumbai,30.73,4.24,21.53,4.45,2.15,0.99,4.03,35.45,89.79,8.34
2020-03-06,Mumbai,30.05,19.58,20.89,4.21,2.7,0.28,4.83,28.02,73.68,8.33
2020-03-07,Mumbai,65.47,32.16,50.73,9.11,5.55,4.26,2.54,35.28,74.0,7.48
2020-03-08,Mumbai,62.95,22.89,41.25,11.09,6.82,3.5,8.24,39.7,70.66,13.09
2020-03-09,Mumbai,57.36,21.5,38.98,7.63,3.18,3.35,11.05,35.63,75.71,18.83
2020-03-10,Mumbai,41.8,22.71,32.55,5.21,2.09,1.81,9.34,31.3,73.21,9.62
2020-03-11,Mumbai,65.87,27.94,33.36,6.61,8.15,3.65,2.45,30.46,76.87,10.2
2020-03-12,Mumbai,64.63,28.83,47.83,5.22,5.62,4.66,13.09,35.48,90.54,9.83
2020-03-13,Mumbai,55.44,27.39,33.62,5.97,2.68,2.95,5.81,29.15,73.78,7.04
2020-03-14,Mumbai,36.25,18.14,21.62,5.22,0.93,1.84,9.63,34.98,71.48,4.25
2020-03-15,Mumbai,47.29,21.86,26.58,6.87,2.56,2.87,4.47,34.0,74.87,10.77
2020-03-16,Mumbai,66.01,25.3,44.47,6.32,8.75,4.58,0.28,32.21,81.61,4.04
2020-03-17,Mumbai,73.14,28.6,47.3,10.42,6.93,2.96,0.0,37.6,84.19,15.51
2020-03-18,Mumbai,48.14,8.22,34.89,1.31,7.36,2.89,1.97,37.04,76.64,8.9
2020-03-19,Mumbai,49.11,20.67,43.42,12.81,2.73,3.51,7.31,30.5,76.0,15.01
2020-03-20,Mumbai,50.26,21.89,38.16,6.9,2.94,2.54,4.97,30.3,74.54,10.12
2020-03-21,Mumbai,56.66,20.76,34.2,9.2,5.16,3.98,2.4,36.52,83.4,10.96
2020-03-22,Mumbai,43.68,10.41,28.25,11.7,3.3,2.67,8.36,31.77,88.86,9.5
2020-03-23,Mumbai,10.0,6.6,0.0,3.88,1.81,2.12,0.0,31.91,76.34,6.49
2020-03-24,Mumbai,70.05,22.43,52.35,14.49,5.21,3.11,1.14,36.99,88.07,6.09
2020-03-25,Mumbai,78.99,31.01,50.87,17.02,6.72,4.14,10.2,30.65,72.61,5.58
2020-03-26,Mumbai,42.8,22.19,23.0,4.83,2.33,2.0,11.94,34.49,75.95,8.08
2020-03-27,Mumbai,35.92,23.15,17.53,1.85,1.87,1.92,7.06,37.98,74.69,5.15
2020-03-28,Mumbai,49.82,18.31,35.37,3.69,2.77,1.9,9.75,36.56,84.47,12.02
2020-03-29,Mumbai,49.03,18.08,19.92,3.81,0.25,1.99,4.35,37.35,80.05,6.53
2020-03-30,Mumbai,66.75,26.12,31.74,13.09,3.77,2.2,11.28,36.71,71.37,10.57
2020-03-31,Mumbai,52.63,17.34,28.59,8.46,5.38,3.08,6.12,33.72,82.06,7.64
2020-04-01,Mumbai,39.93,25.0,28.65,3.22,2.24,2.04,9.99,39.23,78.02,5.2
2020-04-02,Mumbai,32.07,7.52,21.26,11.72,3.64,0.01,0.94,33.13,75.89,6.84
2020-04-03,Mumbai,64.87,27.79,44.38,13.01,6.24,1.29,3.55,34.52,80.73,10.58
2020-04-04,Mumbai,60.93,24.59,36.96,9.85,4.36,3.13,11.81,34.74,79.83,7.9
2020-04-05,Mumbai,67.91,33.65,31.88,15.51,3.08,2.74,11.13,38.07,72.94,4.72
2020-04-06,Mumbai,37.56,16.41,41.29,9.37,2.51,0.0,4.83,36.05,78.02,5.45
2020-04-07,Mumbai,79.76,32.7,40.32,17.58,9.41,4.65,9.93,32.97,79.8,12.92
2020-04-08,Mumbai,26.14,14.8,17.31,6.69,3.18,1.7,7.06,36.48,84.16,8.48
2020-04-09,Mumbai,63.07,23.96,33.46,7.46,1.84,2.24,3.8,33.39,87.63,7.53
2020-04-10,Mumbai,23.92,10.78,16.54,8.35,0.76,0.97,2.45,38.3,86.49,9.42
2020-04-11,Mumbai,40.87,22.51,25.94,5.61,5.63,2.53,1.96,37.85,78.68,7.01
2020-04-12,Mumbai,76.31,34.99,45.07,12.61,7.43,3.03,10.7,38.88,74.88,9.35
2020-04-13,Mumbai,65.55,22.07,47.5,12.87,4.54,5.49,12.29,36.92,82.85,10.95
2020-04-14,Mumbai,45.09,13.06,28.61,7.91,2.81,2.72,10.34,33.49,79.25,5.54
2020-04-15,Mumbai,45.71,9.35,33.66,6.78,3.75,1.3,4.74,38.01,79.45,8.09
2020-04-16,Mumbai,55.23,23.13,23.25,10.16,1.91,1.82,2.43,34.15,77.6,8.0
2020-04-17,Mumbai,61.68,20.15,45.05,11.75,4.59,2.61,5.08,33.7,72.27,5.12
2020-04-18,Mumbai,73.0,33.5,46.21,15.85,5.24,3.29,7.13,33.63,75.87,8.81
2020-04-19,Mumbai,47.65,19.21,24.51,10.9,7.61,3.55,7.95,36.82,88.36,10.28
2020-04-20,Mumbai,30.61,9.32,21.5,6.47,0.46,1.25,8.07,29.01,72.72,7.47
2020-04-21,Mumbai,57.44,24.74,23.6,8.24,6.9,2.94,10.65,32.65,74.81,10.55
2020-04-22,Mumbai,48.53,21.26,19.64,4.88,7.01,1.5,9.56,32.93,78.72,8.88
2020-04-23,Mumbai,36.21,3.98,10.03,5.69,1.45,2.81,0.0,36.0,71.73,6.94
2020-04-24,Mumbai,60.53,18.89,51.54,5.06,4.6,1.3,13.66,35.45,79.17,12.42
2020-04-25,Mumbai,53.22,22.03,33.69,8.38,5.39,2.17,5.53,36.61,79.74,7.66
2020-04-26,Mumbai,61.39,17.55,48.82,7.22,6.89,3.25,2.19,37.86,79.48,12.01
2020-04-27,Mumbai,43.76,16.59,31.89,1.28,2.5,0.91,3.75,35.45,75.04,10.59
2020-04-28,Mumbai,64.87,21.66,46.0,13.66,7.22,2.9,0.0,35.7,77.29,5.06
2020-04-29,Mumbai,38.22,12.51,34.41,2.32,3.99,2.13,3.16,35.81,85.92,7.11
2020-04-30,Mumbai,45.98,17.18,32.57,9.65,3.42,1.99,0.0,31.47,71.9,10.05
2020-05-01,Mumbai,55.19,20.86,30.85,8.25,2.67,4.31,11.82,38.57,80.85,7.91
2020-05-02,Mumbai,85.41,42.24,45.8,10.2,5.63,4.79,7.2,33.17,69.25,9.44
2020-05-03,Mumbai,71.52,21.02,35.45,14.38,8.08,3.95,9.68,31.95,73.22,6.91
2020-05-04,Mumbai,76.38,22.98,47.84,11.6,4.24,5.39,11.59,35.53,74.47,8.0
2020-05-05,Mumbai,81.96,35.92,50.4,17.1,6.15,3.59,12.37,29.57,81.34,4.1
2020-05-06,Mumbai,115.24,49.29,63.96,18.72,11.03,5.92,9.03,30.57,72.88,2.31
2020-05-07,Mumbai,62.34,30.57,38.28,5.94,7.9,2.42,8.48,30.69,66.24,3.91
2020-05-08,Mumbai,83.54,31.17,57.31,13.57,6.96,2.17,15.11,33.74,75.53,11.4
2020-05-09,Mumbai,77.96,37.42,56.01,10.95,4.23,4.89,3.9,38.8,76.06,4.82
2020-05-10,Mumbai,78.26,25.14,36.73,12.16,6.25,2.68,7.97,28.75,78.66,7.84
2020-05-11,Mumbai,90.49,34.3,43.99,12.67,6.41,4.84,11.53,35.13,73.07,2.42
2020-05-12,Mumbai,58.16,28.22,27.41,5.4,4.57,3.21,4.86,31.02,73.32,12.25
2020-05-13,Mumbai,57.55,23.01,26.78,5.76,4.1,3.12,8.84,32.9,70.84,6.73
2020-05-14,Mumbai,70.42,31.84,33.08,9.17,6.83,4.4,7.68,31.18,68.21,9.58
2020-05-15,Mumbai,63.48,31.99,58.61,10.68,4.98,2.25,0.1,32.83,86.34,11.81
2020-05-16,Mumbai,71.61,34.23,44.93,11.82,0.88,4.34,6.28,30.07,72.74,6.93
2020-05-17,Mumbai,90.9,32.77,54.65,11.96,7.47,3.06,10.05,28.77,70.9,8.43
2020-05-18,Mumbai,60.92,16.35,29.97,10.85,2.05,4.82,12.13,30.45,69.93,8.61
2020-05-19,Mumbai,64.17,18.43,22.49,8.25,4.87,3.3,5.24,35.63,66.14,4.59
2020-05-20,Mumbai,72.01,31.24,33.91,7.2,6.01,2.55,8.11,29.58,69.05,1.69
2020-05-21,Mumbai,66.64,27.35,30.0,9.49,4.31,3.13,7.4,32.13,69.46,11.73
2020-05-22,Mumbai,42.03,7.57,23.4,8.81,4.32,1.13,1.81,28.4,75.84,5.78
2020-05-23,Mumbai,62.72,26.36,39.75,16.51,5.64,2.32,1.69,30.46,71.98,1.37
2020-05-24,Mumbai,82.43,29.4,51.83,10.77,8.53,2.56,12.6,33.89,77.09,3.3
2020-05-25,Mumbai,94.38,39.33,51.28,9.94,6.72,3.81,15.01,32.56,66.27,5.83
2020-05-26,Mumbai,56.21,20.58,33.15,11.45,5.88,2.86,5.7,25.56,78.22,6.66
2020-05-27,Mumbai,56.86,30.52,35.69,14.61,5.76,1.41,4.37,30.23,67.11,6.87
2020-05-28,Mumbai,75.43,23.34,45.31,12.03,4.03,5.71,9.31,28.15,63.04,8.18
2020-05-29,Mumbai,44.58,16.53,33.01,6.26,1.18,3.9,7.09,29.69,71.73,9.42
2020-05-30,Mumbai,69.79,20.77,43.13,9.12,6.6,2.75,5.96,35.3,76.77,1.89
2020-05-31,Mumbai,51.18,26.25,30.12,5.55,2.08,1.61,3.42,26.78,63.55,4.88
2020-06-01,Mumbai,98.51,41.02,59.51,16.44,7.75,3.62,13.8,27.0,73.26,4.5
2020-06-02,Mumbai,67.21,23.45,37.43,12.1,5.73,3.38,15.61,24.35,64.53,4.76
2020-06-03,Mumbai,104.31,32.87,56.83,17.71,7.16,4.88,5.63,27.32,67.11,9.93
2020-06-04,Mumbai,97.01,30.43,54.56,17.81,6.87,2.73,16.76,31.76,73.47,2.77
2020-06-05,Mumbai,71.4,36.12,36.65,9.18,4.31,4.52,7.85,30.85,69.19,7.71
2020-06-06,Mumbai,65.81,21.59,53.98,5.48,6.09,3.67,12.51,33.41,67.81,9.59
2020-06-07,Mumbai,79.79,40.74,47.35,8.77,5.61,2.68,11.06,32.29,67.58,3.14
2020-06-08,Mumbai,81.93,37.88,34.95,7.65,6.2,4.35,11.52,28.74,76.67,8.2
2020-06-09,Mumbai,89.51,40.98,60.0,9.55,6.82,6.6,8.72,26.75,68.41,6.59
2020-06-10,Mumbai,73.49,25.43,40.23,15.32,5.61,2.35,2.77,35.24,66.12,9.3
2020-06-11,Mumbai,97.16,35.01,60.86,18.95,6.47,5.32,6.04,34.52,68.25,6.76
2020-06-12,Mumbai,90.77,34.82,50.38,12.24,2.37,4.44,10.33,29.76,63.97,5.69
2020-06-13,Mumbai,82.52,32.97,36.61,12.81,2.88,5.25,12.64,25.35,69.57,8.33
2020-06-14,Mumbai,77.78,26.07,30.49,12.62,4.63,4.98,9.39,25.87,74.92,9.73
2020-06-15,Mumbai,86.54,16.34,48.03,8.83,5.32,4.18,11.8,28.59,70.99,9.91
2020-06-16,Mumbai,77.9,34.04,48.35,15.55,5.6,3.6,1.73,30.81,64.89,16.8
2020-06-17,Mumbai,91.89,34.73,55.84,15.42,5.15,4.95,11.16,26.56,70.8,5.29
2020-06-18,Mumbai,93.15,38.63,67.53,11.85,6.86,7.0,13.08,25.78,68.62,6.3
2020-06-19,Mumbai,96.65,30.84,68.97,11.19,12.64,4.34,20.13,23.03,69.4,9.5
2020-06-20,Mumbai,120.08,52.22,79.79,16.52,6.99,5.95,15.3,25.55,65.32,8.99
2020-06-21,Mumbai,92.46,32.44,58.64,13.07,6.0,5.41,7.99,25.43,63.96,12.12
2020-06-22,Mumbai,110.39,45.12,70.46,15.67,8.67,5.47,14.42,25.74,69.96,6.88
2020-06-23,Mumbai,99.63,31.32,81.72,13.96,10.6,6.39,15.74,25.86,64.35,4.18
2020-06-24,Mumbai,93.49,47.35,49.28,13.26,7.68,4.57,8.59,30.47,67.33,8.97
2020-06-25,Mumbai,96.15,36.46,66.2,13.03,10.83,4.92,16.46,25.78,62.59,11.68
2020-06-26,Mumbai,97.93,50.14,71.24,17.32,9.01,4.39,12.93,23.21,63.77,9.32
2020-06-27,Mumbai,103.89,31.75,62.64,16.83,8.14,5.55,7.1,23.45,66.72,8.0
2020-06-28,Mumbai,86.18,36.17,47.34,12.99,2.29,5.15,17.57,22.41,56.5,9.32
2020-06-29,Mumbai,79.47,39.16,47.66,8.23,5.94,2.94,6.86,24.52,56.21,5.67
2020-06-30,Mumbai,112.14,45.23,69.01,12.55,9.76,5.23,16.34,27.6,57.79,9.84
2020-07-01,Mumbai,116.68,42.49,80.6,15.1,10.04,5.65,9.93,27.79,57.1,2.9
2020-07-02,Mumbai,115.27,31.7,62.16,21.42,11.74,5.05,12.34,23.52,53.16,5.15
2020-07-03,Mumbai,107.3,47.82,68.41,16.91,5.91,5.47,3.66,27.27,60.78,3.96
2020-07-04,Mumbai,117.36,55.03,56.05,19.19,10.5,4.63,13.93,19.66,44.91,4.8
2020-07-05,Mumbai,117.43,43.89,75.61,17.82,9.58,4.86,11.97,21.61,52.67,6.22
2020-07-06,Mumbai,119.42,48.14,67.07,16.94,10.94,5.47,8.99,25.92,59.78,8.99
2020-07-07,Mumbai,95.59,41.37,61.01,14.43,12.43,3.49,9.13,26.96,58.82,10.27
2020-07-08,Mumbai,92.91,38.01,66.74,10.91,10.12,5.82,6.31,25.78,57.55,6.18
2020-07-09,Mumbai,104.41,32.32,54.56,17.79,9.98,5.01,15.8,26.55,58.2,5.83
2020-07-10,Mumbai,110.85,46.54,70.41,18.65,10.6,4.18,11.26,17.85,60.82,7.36
2020-07-11,Mumbai,108.35,45.49,53.21,20.46,6.28,6.19,13.47,22.8,55.39,6.09
2020-07-12,Mumbai,84.7,40.36,50.92,8.9,6.01,4.36,13.75,21.39,53.72,8.07
2020-07-13,Mumbai,139.54,60.18,72.77,22.45,10.23,6.65,24.75,22.44,59.84,10.16
2020-07-14,Mumbai,110.47,38.29,51.52,19.03,6.67,3.86,17.36,19.81,51.87,13.92
2020-07-15,Mumbai,118.03,38.91,60.77,16.32,8.96,5.01,9.53,27.23,56.71,9.76
2020-07-16,Mumbai,134.96,53.3,83.29,23.04,8.8,7.01,18.98,27.16,64.8,8.21
2020-07-17,Mumbai,81.97,38.48,27.82,16.95,5.11,3.86,11.6,21.9,55.71,12.76
2020-07-18,Mumbai,110.32,42.21,57.49,21.99,9.88,7.44,16.69,18.23,57.62,5.05
2020-07-19,Mumbai,113.03,45.25,67.21,12.1,7.42,7.86,14.52,21.51,63.13,6.81
2020-07-20,Mumbai,114.63,45.4,76.7,15.99,7.68,3.48,10.01,19.03,54.53,6.17
2020-07-21,Mumbai,117.91,57.95,62.28,21.89,9.87,6.7,17.13,15.05,53.35,7.21
2020-07-22,Mumbai,143.05,51.55,89.51,26.61,6.1,6.62,12.18,21.76,51.46,6.18
2020-07-23,Mumbai,132.27,56.35,92.45,27.82,9.1,4.79,18.11,26.21,56.83,12.82
2020-07-24,Mumbai,137.36,53.81,77.54,20.95,10.33,7.53,20.36,24.37,55.0,8.74
2020-07-25,Mumbai,124.51,53.77,59.0,19.31,10.07,6.44,14.59,22.36,49.26,11.39
2020-07-26,Mumbai,103.62,43.82,63.38,13.45,9.92,5.39,9.41,20.74,54.96,9.65
2020-07-27,Mumbai,94.21,40.12,57.27,17.21,10.01,5.45,8.96,17.58,48.78,13.86
2020-07-28,Mumbai,103.26,42.71,78.97,15.13,7.74,5.09,12.02,18.27,45.45,9.5
2020-07-29,Mumbai,132.39,58.23,98.99,18.56,9.89,5.85,20.39,22.89,46.5,5.29
2020-07-30,Mumbai,128.25,56.06,80.02,21.51,8.49,4.54,11.89,22.35,61.13,6.71
2020-07-31,Mumbai,125.4,61.54,81.88,14.63,10.46,7.13,5.35,22.07,56.14,9.2
2020-08-01,Mumbai,123.79,49.21,72.89,17.88,7.55,5.5,13.19,20.33,47.19,5.39
2020-08-02,Mumbai,160.26,67.9,99.12,22.42,13.83,7.56,19.48,22.76,46.66,4.48
2020-08-03,Mumbai,118.49,46.67,60.19,16.94,8.92,3.46,16.34,19.14,55.29,8.65
2020-08-04,Mumbai,145.5,61.88,96.82,21.43,11.64,5.7,22.42,19.11,44.07,10.22
2020-08-05,Mumbai,132.35,42.04,75.97,22.58,9.71,5.9,14.22,13.37,52.39,7.63
2020-08-06,Mumbai,132.13,51.49,77.13,19.86,11.88,6.55,10.41,20.99,51.02,8.62
2020-08-07,Mumbai,151.42,65.94,91.09,26.05,14.93,8.15,15.18,18.73,54.44,3.51
2020-08-08,Mumbai,156.42,60.61,91.11,20.87,14.26,8.2,15.93,20.8,47.18,5.33
2020-08-09,Mumbai,131.59,49.07,82.44,22.56,9.55,7.12,22.12,15.07,49.47,10.49
2020-08-10,Mumbai,147.87,58.67,98.63,28.78,12.52,7.16,21.65,21.24,34.83,7.99
2020-08-11,Mumbai,142.02,54.84,88.39,20.72,11.19,6.24,19.98,23.54,42.92,3.81
2020-08-12,Mumbai,137.35,55.04,82.18,24.12,8.53,6.33,7.89,22.57,48.15,6.61
2020-08-13,Mumbai,140.97,49.78,74.74,22.39,9.06,7.15,25.09,17.28,41.83,9.15
2020-08-14,Mumbai,128.24,45.17,90.7,23.45,9.93,5.51,13.69,17.31,48.3,11.12
2020-08-15,Mumbai,134.61,48.66,88.85,22.04,9.75,5.64,16.62,14.89,51.25,4.63
2020-08-16,Mumbai,131.13,55.19,78.03,17.99,10.28,7.64,10.97,16.71,42.13,7.88
2020-08-17,Mumbai,153.98,58.17,78.25,19.93,15.59,7.95,19.33,16.98,45.39,6.71
2020-08-18,Mumbai,139.65,58.49,84.6,17.43,11.68,4.52,18.41,13.48,44.93,4.42
2020-08-19,Mumbai,122.22,48.9,77.96,22.84,6.69,7.09,15.19,16.24,48.97,7.29
2020-08-20,Mumbai,131.42,56.16,70.91,17.81,12.4,8.06,15.63,9.11,43.95,8.1
2020-08-21,Mumbai,94.87,36.78,59.61,12.8,9.27,3.58,16.33,22.01,40.16,5.26
2020-08-22,Mumbai,136.01,56.46,72.11,18.92,13.09,7.54,24.24,17.76,41.45,8.15
2020-08-23,Mumbai,144.55,57.07,85.64,21.61,9.7,7.51,11.71,14.99,43.69,1.22
2020-08-24,Mumbai,142.49,60.84,69.07,23.38,8.81,6.72,19.17,23.63,44.66,2.05
2020-08-25,Mumbai,174.77,74.68,103.0,26.42,15.1,6.51,21.0,15.71,49.98,10.18
2020-08-26,Mumbai,154.21,53.55,102.63,24.48,9.24,7.77,22.64,13.19,50.56,3.46
2020-08-27,Mumbai,154.05,57.67,84.89,27.24,11.34,6.54,20.27,18.72,46.81,7.19
2020-08-28,Mumbai,121.95,50.05,67.97,23.32,12.04,7.18,17.81,18.2,37.06,9.9
2020-08-29,Mumbai,141.61,57.22,95.07,23.66,12.43,5.4,16.64,14.87,44.36,6.75
2020-08-30,Mumbai,140.26,54.72,87.83,19.74,11.46,5.49,13.5,18.42,36.76,11.74
2020-08-31,Mumbai,136.23,59.36,79.59,29.43,13.38,5.86,19.33,16.57,38.85,4.79
2020-09-01,Mumbai,136.47,59.56,77.1,20.16,9.08,6.08,15.87,17.45,29.62,8.05
2020-09-02,Mumbai,121.78,44.98,84.29,27.1,9.02,4.37,15.08,15.58,52.26,13.0
2020-09-03,Mumbai,130.19,56.4,73.42,21.56,10.94,6.75,9.39,19.3,42.78,7.7
2020-09-04,Mumbai,162.84,62.14,91.36,25.38,9.53,8.93,15.32,9.87,51.19,5.43
2020-09-05,Mumbai,147.98,55.58,97.87,27.76,8.77,6.44,14.23,18.77,50.13,4.76
2020-09-06,Mumbai,142.91,64.24,80.08,22.45,8.89,7.02,16.71,14.95,43.71,4.98
2020-09-07,Mumbai,150.8,55.9,93.98,26.65,12.02,8.04,21.13,18.32,36.88,5.67
2020-09-08,Mumbai,168.75,64.05,116.68,26.84,14.43,8.8,14.97,21.57,43.91,10.17
2020-09-09,Mumbai,151.64,51.83,97.22,21.68,9.49,6.63,13.14,11.85,41.69,6.84
2020-09-10,Mumbai,160.01,65.67,109.41,23.61,8.31,7.76,23.97,15.37,48.91,9.36
2020-09-11,Mumbai,139.52,46.62,84.59,21.82,13.32,8.8,20.37,16.89,44.53,7.5
2020-09-12,Mumbai,143.24,49.98,86.28,22.58,9.05,8.49,21.21,11.4,47.86,7.08
2020-09-13,Mumbai,158.11,59.35,103.5,23.56,16.45,7.05,12.05,14.62,44.87,5.22
2020-09-14,Mumbai,181.47,65.94,110.71,22.83,15.13,8.73,23.75,11.26,47.32,7.45
2020-09-15,Mumbai,174.78,73.73,112.55,22.74,15.75,7.31,15.49,21.26,46.29,14.22
2020-09-16,Mumbai,162.32,63.08,98.21,25.93,12.96,7.37,15.89,15.96,35.31,4.72
2020-09-17,Mumbai,156.08,64.4,92.89,26.22,11.64,7.22,20.42,12.84,37.27,6.14
2020-09-18,Mumbai,175.04,68.97,119.2,22.13,16.59,9.49,27.27,24.65,47.64,10.78
2020-09-19,Mumbai,166.14,59.89,90.19,26.0,9.9,8.92,11.4,18.66,38.8,8.38
2020-09-20,Mumbai,120.0,44.26,56.81,21.7,12.27,5.65,17.05,14.0,41.78,10.28
2020-09-21,Mumbai,138.77,58.28,93.99,22.37,11.16,6.18,14.74,17.57,32.77,11.32
2020-09-22,Mumbai,159.81,62.52,89.33,20.67,14.13,7.98,25.53,11.32,37.34,7.72
2020-09-23,Mumbai,128.07,47.47,76.89,20.17,11.21,7.91,10.15,16.1,36.94,9.29
2020-09-24,Mumbai,141.54,58.77,77.03,18.53,12.35,7.1,16.11,17.04,43.79,6.41
2020-09-25,Mumbai,144.62,53.59,76.68,21.79,8.72,7.33,22.22,13.99,37.42,13.99
2020-09-26,Mumbai,151.37,68.1,84.71,23.12,12.77,7.77,25.42,15.3,41.25,10.07
2020-09-27,Mumbai,150.98,66.34,98.09,24.26,8.96,7.06,21.4,15.77,44.17,13.66
2020-09-28,Mumbai,151.03,54.53,99.72,21.66,13.95,7.51,26.63,15.4,36.82,9.26
2020-09-29,Mumbai,167.8,68.74,109.78,26.51,18.37,8.28,19.74,13.19,40.44,8.69
2020-09-30,Mumbai,151.48,62.0,91.42,20.89,10.35,7.2,22.74,19.07,39.62,5.18
2020-10-01,Mumbai,149.71,59.48,106.56,25.45,13.08,8.45,24.13,11.54,38.04,6.41
2020-10-02,Mumbai,135.25,57.04,82.43,22.56,9.81,8.13,15.95,17.09,45.98,11.35
2020-10-03,Mumbai,170.85,70.14,109.06,30.85,14.7,7.81,22.83,14.9,28.27,9.39
2020-10-04,Mumbai,145.39,58.74,96.48,19.56,8.62,7.44,18.97,15.3,40.13,4.79
2020-10-05,Mumbai,139.12,54.95,80.69,24.09,11.89,6.68,23.59,14.22,42.84,7.5
2020-10-06,Mumbai,158.57,71.58,95.84,24.14,12.41,8.13,23.83,17.58,40.22,13.1
2020-10-07,Mumbai,143.81,61.89,82.78,17.43,10.67,7.6,19.65,19.14,34.64,6.68
2020-10-08,Mumbai,147.34,53.05,77.69,20.22,12.52,8.14,13.89,12.65,31.26,8.64
2020-10-09,Mumbai,159.01,59.94,108.71,25.08,12.38,7.31,13.1,11.0,37.09,5.9
2020-10-10,Mumbai,150.13,55.06,93.09,24.06,11.09,9.44,11.03,15.3,39.16,6.35
2020-10-11,Mumbai,189.58,72.34,113.69,27.76,14.38,8.18,16.28,14.29,38.3,7.41
2020-10-12,Mumbai,153.64,60.91,88.01,22.41,10.58,9.21,15.24,14.07,36.75,5.78
2020-10-13,Mumbai,163.88,65.68,97.51,23.2,12.54,7.47,21.27,21.39,36.07,9.18
2020-10-14,Mumbai,125.32,50.35,80.54,20.89,10.44,6.23,13.3,12.96,40.03,4.15
2020-10-15,Mumbai,141.35,53.57,93.67,21.5,13.09,8.54,16.25,15.92,39.09,5.56
2020-10-16,Mumbai,137.76,50.34,89.4,21.29,14.71,7.86,13.61,17.86,39.16,11.65
2020-10-17,Mumbai,139.54,53.38,75.31,18.54,9.67,6.14,14.45,17.96,49.76,4.01
2020-10-18,Mumbai,159.86,70.26,92.1,25.02,9.48,8.52,11.16,16.38,42.16,8.57
2020-10-19,Mumbai,168.93,63.9,105.75,26.51,13.09,9.12,19.89,17.08,40.35,8.65
2020-10-20,Mumbai,158.31,66.2,91.8,20.04,13.22,9.1,20.19,16.5,40.88,10.22
2020-10-21,Mumbai,149.47,58.86,86.05,25.74,10.9,8.36,22.36,17.3,34.96,8.08
2020-10-22,Mumbai,143.13,56.24,81.91,21.9,12.99,6.7,16.49,14.94,47.14,7.23
2020-10-23,Mumbai,169.0,61.43,88.81,26.44,12.0,9.12,14.96,14.11,34.8,9.3
2020-10-24,Mumbai,183.06,76.47,112.54,24.2,13.15,9.39,15.22,15.07,49.17,7.46
2020-10-25,Mumbai,153.69,54.03,87.36,21.16,16.58,9.35,21.37,14.83,47.72,4.6
2020-10-26,Mumbai,165.42,71.55,106.68,24.36,15.51,7.82,14.79,18.86,41.43,9.81
2020-10-27,Mumbai,156.13,71.56,87.9,22.99,15.63,8.48,15.94,13.14,39.37,5.78
2020-10-28,Mumbai,161.95,65.97,97.8,25.13,11.27,8.03,11.21,16.52,48.04,3.73
2020-10-29,Mumbai,132.78,55.53,74.78,22.32,10.94,7.04,16.19,20.14,44.06,5.88
2020-10-30,Mumbai,142.53,57.51,82.57,21.87,10.56,6.45,17.9,16.41,47.8,6.76
2020-10-31,Mumbai,155.38,52.25,90.32,18.43,13.26,6.1,14.69,15.24,50.37,4.78
2020-11-01,Mumbai,167.23,66.95,104.98,29.54,14.93,9.46,23.52,12.78,44.62,10.55
2020-11-02,Mumbai,136.34,49.75,77.17,18.04,12.45,6.75,15.08,12.66,42.67,6.3
2020-11-03,Mumbai,117.67,48.29,61.46,18.18,8.54,4.63,8.81,13.06,42.16,8.36
2020-11-04,Mumbai,140.24,57.45,86.61,18.76,13.34,6.57,18.63,16.2,45.25,7.36
2020-11-05,Mumbai,162.41,66.93,97.38,26.8,11.36,6.35,15.6,19.99,42.8,8.28
2020-11-06,Mumbai,123.02,43.94,74.34,15.38,8.09,5.75,16.54,18.54,46.66,3.24
2020-11-07,Mumbai,128.63,51.42,75.61,14.7,10.32,6.18,17.48,17.23,41.23,10.78
2020-11-08,Mumbai,148.13,48.14,88.36,16.93,10.03,7.93,12.68,12.82,56.09,3.92
2020-11-09,Mumbai,143.54,65.67,84.74,19.96,12.62,8.51,12.64,15.67,48.63,8.86
2020-11-10,Mumbai,153.67,66.98,96.32,28.47,12.65,7.91,19.73,16.88,48.85,8.71
2020-11-11,Mumbai,125.78,54.25,83.03,20.15,11.07,5.28,12.89,19.95,51.95,2.18
2020-11-12,Mumbai,138.79,52.68,83.47,18.18,9.46,7.41,22.98,11.43,44.21,9.39
2020-11-13,Mumbai,161.04,68.32,99.18,29.44,12.94,9.36,16.74,17.82,39.23,10.7
2020-11-14,Mumbai,124.65,49.26,77.65,17.76,11.14,6.63,10.98,14.95,45.39,9.98
2020-11-15,Mumbai,164.12,74.96,100.89,27.64,9.9,10.22,22.12,17.73,44.94,4.68
2020-11-16,Mumbai,125.36,46.04,90.5,15.84,8.01,5.57,10.25,18.05,51.46,6.17
2020-11-17,Mumbai,153.51,54.54,94.44,22.86,14.29,7.22,17.38,17.68,46.7,6.82
2020-11-18,Mumbai,134.57,51.05,65.94,18.49,12.2,7.58,14.26,22.15,46.37,3.99
2020-11-19,Mumbai,122.37,40.69,83.17,17.24,7.36,3.86,13.1,19.6,43.28,4.84
2020-11-20,Mumbai,131.46,49.84,88.82,15.54,9.23,7.78,17.75,19.05,43.79,8.09
2020-11-21,Mumbai,146.45,55.89,80.99,18.73,13.28,7.26,18.83,19.1,49.5,7.24
2020-11-22,Mumbai,137.52,52.6,75.99,16.39,8.76,6.51,10.09,14.63,52.77,8.67
2020-11-23,Mumbai,153.74,59.24,110.42,18.12,14.25,7.58,21.59,19.24,38.47,8.29
2020-11-24,Mumbai,157.83,64.81,77.16,29.51,13.25,8.56,14.28,21.12,53.55,8.76
2020-11-25,Mumbai,117.87,47.1,63.58,17.03,8.41,6.47,10.75,20.89,44.19,7.21
2020-11-26,Mumbai,116.09,49.52,64.02,19.37,10.39,5.53,18.58,19.57,54.18,13.38
2020-11-27,Mumbai,114.67,44.66,73.96,15.29,7.11,5.54,8.31,16.66,51.91,6.46
2020-11-28,Mumbai,120.05,51.57,74.43,23.56,10.65,7.12,16.01,20.55,55.06,10.01
2020-11-29,Mumbai,149.39,60.81,91.28,24.02,10.61,6.76,23.63,25.36,44.89,5.99
2020-11-30,Mumbai,140.52,61.92,88.58,23.11,13.03,6.79,18.18,20.67,45.53,8.95
2020-12-01,Mumbai,123.21,55.47,71.25,18.94,10.27,5.88,17.49,18.02,56.79,9.88
2020-12-02,Mumbai,130.49,47.51,91.88,20.08,8.99,7.63,17.64,14.9,47.8,8.84
2020-12-03,Mumbai,150.98,49.6,91.27,23.12,9.71,7.82,18.15,16.79,55.33,10.51
2020-12-04,Mumbai,157.79,61.67,93.09,25.85,12.22,5.96,20.88,18.08,49.09,12.37
2020-12-05,Mumbai,132.31,52.25,79.4,21.38,11.6,5.7,15.64,20.78,52.7,8.87
2020-12-06,Mumbai,87.77,48.05,43.26,16.11,9.39,4.88,7.93,25.82,40.7,5.95
2020-12-07,Mumbai,131.35,58.4,75.85,24.49,7.48,5.46,13.64,22.24,50.86,6.53
2020-12-08,Mumbai,140.14,63.16,96.19,19.78,7.79,4.85,17.77,23.11,52.6,7.79
2020-12-09,Mumbai,128.72,47.46,82.47,24.34,5.86,6.36,11.56,16.83,46.96,9.14
2020-12-10,Mumbai,135.46,56.21,92.96,20.35,7.32,6.53,10.71,17.84,55.83,8.58
2020-12-11,Mumbai,129.13,54.59,74.62,21.74,9.5,7.57,16.87,21.0,54.31,7.95
2020-12-12,Mumbai,104.46,49.77,64.64,15.66,7.88,6.07,15.37,20.97,47.8,5.29
2020-12-13,Mumbai,108.89,42.64,76.13,15.58,7.52,3.68,19.12,23.66,57.88,10.89
2020-12-14,Mumbai,116.57,45.8,70.62,21.95,9.68,6.42,17.47,24.04,53.59,7.9
2020-12-15,Mumbai,136.56,58.51,88.14,23.99,12.03,7.42,14.6,20.54,58.46,6.28
2020-12-16,Mumbai,108.28,43.21,76.0,19.9,9.27,5.12,12.5,25.05,54.71,6.33
2020-12-17,Mumbai,125.79,56.4,76.93,17.14,11.02,7.26,11.06,22.01,53.99,9.36
2020-12-18,Mumbai,122.69,52.24,69.2,13.93,11.88,5.01,15.81,22.38,56.37,12.95
2020-12-19,Mumbai,141.11,71.63,71.6,24.12,10.98,8.1,20.76,27.18,57.32,5.33
2020-12-20,Mumbai,115.87,50.98,70.46,16.68,8.32,6.8,20.32,19.53,59.35,6.88
2020-12-21,Mumbai,89.34,28.4,54.79,10.9,3.99,3.69,6.61,21.35,49.94,6.81
2020-12-22,Mumbai,124.54,46.25,77.73,20.46,10.48,5.99,13.89,20.95,52.85,10.11
2020-12-23,Mumbai,146.07,49.63,87.0,20.94,12.88,5.88,17.58,24.66,47.73,4.78
2020-12-24,Mumbai,123.86,49.08,78.43,19.13,11.03,5.11,8.51,24.05,51.45,5.4
2020-12-25,Mumbai,100.52,44.87,61.82,13.37,6.65,5.65,12.91,20.33,48.2,13.65
2020-12-26,Mumbai,95.27,32.0,61.38,18.82,7.92,4.16,5.73,19.82,60.16,12.35
2020-12-27,Mumbai,96.37,36.57,53.37,16.55,6.34,5.09,11.73,23.08,58.55,13.29
2020-12-28,Mumbai,139.87,58.97,92.66,18.22,13.38,7.63,10.79,26.1,56.4,3.36
2020-12-29,Mumbai,104.07,42.28,66.76,16.07,8.11,4.87,22.35,21.11,63.68,8.05
2020-12-30,Mumbai,98.2,35.01,58.53,10.55,6.67,4.86,5.58,26.35,54.84,3.64
2020-12-31,Mumbai,104.92,36.57,80.36,9.8,9.27,4.49,11.19,26.81,62.77,5.96
2021-01-01,Mumbai,101.71,33.89,66.0,16.91,7.57,5.53,10.42,22.69,60.36,9.56
2021-01-02,Mumbai,129.13,53.2,81.55,17.09,13.49,6.11,15.02,21.39,59.72,9.6
2021-01-03,Mumbai,89.56,39.64,66.23,14.99,7.72,4.03,8.1,28.43,65.79,4.77
2021-01-04,Mumbai,121.65,52.28,78.19,14.91,10.81,5.03,4.88,25.21,62.67,7.65
2021-01-05,Mumbai,104.93,56.31,65.99,16.18,9.25,4.81,16.31,26.94,63.3,6.13
2021-01-06,Mumbai,120.37,40.33,68.21,18.9,8.74,6.31,13.51,27.32,57.18,8.58
2021-01-07,Mumbai,125.17,46.86,62.8,18.28,13.09,4.8,15.5,28.59,73.9,6.52
2021-01-08,Mumbai,101.87,37.59,51.79,18.7,6.41,4.72,4.83,29.02,68.54,10.54
2021-01-09,Mumbai,95.04,29.99,61.88,9.24,7.72,4.96,12.65,28.15,63.05,2.11
2021-01-10,Mumbai,99.93,42.65,60.74,12.28,4.86,6.54,16.92,28.83,60.04,0.45
2021-01-11,Mumbai,96.69,42.5,60.95,13.38,9.98,5.68,12.31,26.99,64.02,10.04
2021-01-12,Mumbai,72.43,24.68,46.87,8.1,8.47,4.15,5.94,27.29,59.83,12.51
2021-01-13,Mumbai,119.75,56.01,77.42,22.63,9.88,6.75,19.27,27.2,64.79,10.8
2021-01-14,Mumbai,99.33,42.97,53.56,8.34,7.6,2.87,7.96,24.76,61.93,10.46
2021-01-15,Mumbai,77.39,36.14,50.5,13.51,7.5,1.37,9.33,22.16,67.65,1.72
2021-01-16,Mumbai,63.01,24.3,42.19,6.1,6.96,3.66,9.08,29.81,63.64,8.46
2021-01-17,Mumbai,58.3,23.37,34.88,6.73,2.18,2.58,5.43,25.67,70.03,4.48
2021-01-18,Mumbai,103.97,40.73,71.71,18.32,10.75,4.61,15.61,24.86,64.72,7.45
2021-01-19,Mumbai,82.33,30.05,46.5,10.87,4.62,4.97,9.15,28.82,67.24,8.16
2021-01-20,Mumbai,84.0,34.06,47.96,16.86,8.24,4.22,8.29,28.02,68.84,12.5
2021-01-21,Mumbai,97.36,32.08,63.69,17.98,4.82,4.69,7.42,29.83,65.28,7.61
2021-01-22,Mumbai,81.51,30.55,54.67,12.91,6.98,4.24,12.07,27.91,75.9,4.3
2021-01-23,Mumbai,96.67,30.04,43.54,8.26,9.08,5.39,16.43,25.69,71.44,8.17
2021-01-24,Mumbai,89.13,36.49,58.49,11.1,12.31,5.79,8.57,25.74,67.59,8.55
2021-01-25,Mumbai,85.68,39.6,42.06,13.71,3.8,4.72,9.85,34.98,60.61,12.11
2021-01-26,Mumbai,62.59,16.52,26.94,4.36,5.51,1.96,2.12,29.94,70.91,8.12
2021-01-27,Mumbai,73.13,28.44,58.51,11.41,7.46,3.8,4.38,31.13,65.69,7.73
2021-01-28,Mumbai,93.72,39.02,40.7,9.23,9.32,4.02,8.78,30.13,67.34,9.25
2021-01-29,Mumbai,73.71,29.23,45.82,8.95,6.28,4.79,6.57,32.53,69.32,10.2
2021-01-30,Mumbai,101.29,41.16,60.51,16.24,10.53,5.3,14.07,28.83,77.73,9.92
2021-01-31,Mumbai,117.68,47.46,69.63,20.59,8.2,4.1,14.41,33.66,78.13,7.68
2021-02-01,Mumbai,91.61,36.86,59.13,12.95,8.36,4.5,15.04,32.4,74.52,7.38
2021-02-02,Mumbai,103.45,51.01,65.94,16.26,6.75,5.08,12.87,28.02,69.3,7.5
2021-02-03,Mumbai,91.17,36.75,40.6,13.27,6.54,4.54,15.08,36.68,74.44,4.3
2021-02-04,Mumbai,71.65,26.93,47.76,12.2,7.71,3.49,7.14,35.92,71.63,4.95
2021-02-05,Mumbai,81.98,40.17,37.22,1.81,8.1,5.01,11.49,26.9,71.32,7.17
2021-02-06,Mumbai,108.5,40.71,76.4,13.14,9.31,6.62,14.55,34.67,74.71,9.29
2021-02-07,Mumbai,69.78,29.75,46.78,9.31,2.98,4.44,13.02,31.84,69.43,3.33
2021-02-08,Mumbai,61.39,24.98,26.04,4.74,4.87,2.31,8.75,30.74,69.41,2.89
2021-02-09,Mumbai,59.32,19.46,29.06,5.22,4.09,1.82,6.46,32.08,68.58,9.28
2021-02-10,Mumbai,72.43,22.16,34.56,10.52,7.17,4.49,15.14,30.36,72.34,4.9
2021-02-11,Mumbai,60.01,17.73,37.83,6.67,7.27,1.54,9.15,28.6,69.13,9.62
2021-02-12,Mumbai,99.55,36.44,55.6,12.5,11.53,4.36,12.15,31.14,74.6,6.16
2021-02-13,Mumbai,77.07,29.82,49.4,8.97,8.34,5.04,11.67,32.08,58.79,9.27
2021-02-14,Mumbai,87.8,33.16,50.71,7.48,8.01,2.94,11.01,34.71,71.64,11.65
2021-02-15,Mumbai,68.16,23.53,45.7,6.31,7.51,4.28,10.05,30.94,67.22,6.83
2021-02-16,Mumbai,54.95,27.53,34.01,3.58,2.15,4.0,8.55,28.53,65.64,6.12
2021-02-17,Mumbai,51.85,11.48,29.86,15.13,0.95,2.41,11.47,34.6,73.96,7.56
2021-02-18,Mumbai,57.31,17.15,32.25,9.33,6.8,2.25,6.12,29.62,76.07,10.35
2021-02-19,Mumbai,75.6,33.39,36.0,11.78,4.69,4.79,8.43,28.02,74.07,9.38
2021-02-20,Mumbai,77.65,32.28,42.49,9.89,4.24,3.49,5.89,35.6,70.88,8.37
2021-02-21,Mumbai,78.37,31.62,54.59,15.02,7.66,4.27,5.21,29.6,71.38,10.26
2021-02-22,Mumbai,46.48,18.96,34.84,9.98,2.27,2.36,5.53,31.93,73.14,11.55
2021-02-23,Mumbai,68.31,27.58,41.09,7.84,6.81,2.41,10.02,34.46,73.96,8.95
2021-02-24,Mumbai,52.43,21.9,31.14,7.9,4.32,2.75,6.53,29.8,75.47,8.79
2021-02-25,Mumbai,73.37,29.83,51.65,12.87,4.13,3.5,7.56,33.2,76.41,9.83
2021-02-26,Mumbai,74.07,30.51,54.28,11.83,4.26,3.24,11.3,28.47,69.89,8.03
2021-02-27,Mumbai,48.85,24.29,39.76,6.68,6.03,2.51,0.0,33.38,73.72,10.75
2021-02-28,Mumbai,80.51,32.08,38.08,7.58,6.4,1.61,7.59,34.19,71.71,10.98
2021-03-01,Mumbai,100.64,46.21,52.25,14.2,10.04,5.03,6.5,33.16,72.91,11.32
2021-03-02,Mumbai,77.67,34.1,44.09,12.08,3.6,3.13,15.53,33.84,82.0,8.7
2021-03-03,Mumbai,62.3,31.49,21.39,8.78,8.27,4.07,12.78,33.74,74.83,4.92
2021-03-04,Mumbai,59.61,18.36,42.22,10.48,4.64,3.49,7.72,36.73,82.44,4.8
2021-03-05,Mumbai,60.84,25.71,23.16,9.53,6.08,1.73,5.64,33.95,79.01,7.16
2021-03-06,Mumbai,52.21,15.02,30.89,2.87,3.71,2.17,5.73,32.32,70.45,6.9
2021-03-07,Mumbai,67.06,31.48,50.32,17.38,8.75,2.16,6.41,34.0,77.71,8.21
2021-03-08,Mumbai,45.86,30.38,18.86,4.74,6.96,1.68,7.08,37.25,80.72,8.58
2021-03-09,Mumbai,34.27,18.4,13.42,3.65,3.81,0.0,9.78,35.12,79.18,3.11
2021-03-10,Mumbai,65.6,19.81,36.17,12.26,1.09,4.07,6.43,33.61,79.82,8.81
2021-03-11,Mumbai,62.33,21.37,42.4,2.39,4.09,3.27,6.1,28.86,82.47,4.25
2021-03-12,Mumbai,53.16,20.93,33.12,8.03,6.59,2.6,8.09,34.23,81.86,12.18
2021-03-13,Mumbai,42.22,17.58,31.59,10.7,6.09,1.73,9.21,35.2,84.5,9.71
2021-03-14,Mumbai,65.55,27.6,42.8,10.6,5.83,3.12,6.86,39.8,81.41,6.28
2021-03-15,Mumbai,46.12,17.06,36.12,4.71,0.73,0.9,0.0,30.67,73.22,12.16
2021-03-16,Mumbai,58.66,23.23,32.29,4.47,4.41,1.2,5.56,40.8,82.54,7.37
2021-03-17,Mumbai,87.01,38.29,48.03,10.65,10.37,3.21,9.02,35.58,74.63,9.95
2021-03-18,Mumbai,70.1,26.51,47.37,12.27,5.12,5.22,5.75,38.75,85.28,13.31
2021-03-19,Mumbai,39.62,16.72,17.46,12.17,2.5,1.17,4.0,31.8,82.11,6.18
2021-03-20,Mumbai,40.86,14.91,32.26,8.0,3.3,2.21,4.95,33.49,79.54,9.47
2021-03-21,Mumbai,62.11,24.21,40.63,6.81,3.76,2.37,5.19,38.67,83.26,4.77
2021-03-22,Mumbai,39.07,17.81,20.32,3.81,0.15,2.93,0.0,34.69,74.96,10.33
2021-03-23,Mumbai,29.55,10.15,16.65,4.13,2.97,1.49,3.37,33.32,71.87,4.64
2021-03-24,Mumbai,67.45,30.57,38.02,8.13,2.58,1.65,5.28,37.56,77.01,9.2
2021-03-25,Mumbai,64.18,22.66,43.62,8.57,2.67,2.94,15.04,40.29,82.28,7.59
2021-03-26,Mumbai,66.05,27.94,42.16,9.79,6.17,3.51,6.66,31.36,77.58,10.4
2021-03-27,Mumbai,63.17,25.11,40.3,8.63,2.93,2.92,3.49,31.7,85.95,6.74
2021-03-28,Mumbai,58.19,19.57,47.86,11.17,3.91,3.34,6.04,32.9,82.32,7.03
2021-03-29,Mumbai,49.21,20.06,37.69,10.11,2.84,2.95,1.39,36.34,80.71,9.14
2021-03-30,Mumbai,66.86,25.26,56.79,7.33,7.29,2.31,10.04,36.72,80.26,6.51
2021-03-31,Mumbai,82.06,33.53,51.37,17.68,4.82,3.55,10.99,34.23,79.5,11.21
2021-04-01,Mumbai,51.6,6.54,26.18,2.51,1.74,4.98,8.58,37.85,79.6,10.28
2021-04-02,Mumbai,43.83,8.7,34.61,4.12,2.44,2.7,6.53,35.25,73.18,8.3
2021-04-03,Mumbai,42.16,21.67,21.03,10.27,1.63,2.11,11.2,32.95,85.26,13.92
2021-04-04,Mumbai,46.24,19.35,23.52,4.62,6.31,3.59,11.35,34.89,85.17,7.85
2021-04-05,Mumbai,62.34,20.52,46.4,14.25,2.95,2.08,7.64,37.85,74.29,8.68
2021-04-06,Mumbai,27.29,7.96,21.98,1.7,3.73,1.21,0.0,35.16,70.24,6.32
2021-04-07,Mumbai,66.07,28.12,25.47,2.2,0.61,4.63,7.62,33.35,84.63,6.79
2021-04-08,Mumbai,69.26,29.04,41.76,8.98,6.13,4.24,7.57,33.55,78.15,1.11
2021-04-09,Mumbai,32.75,14.52,9.98,6.8,2.44,1.74,6.73,32.13,81.67,8.8
2021-04-10,Mumbai,45.18,17.15,19.68,8.56,5.02,2.37,1.14,33.3,79.47,10.07
2021-04-11,Mumbai,61.22,16.57,32.22,7.97,4.73,1.76,6.48,33.93,74.53,7.65
2021-04-12,Mumbai,58.04,20.51,38.79,6.05,4.82,2.09,4.57,35.72,80.83,6.75
2021-04-13,Mumbai,68.17,25.92,29.28,14.43,6.83,4.06,1.8,33.01,77.92,2.21
2021-04-14,Mumbai,58.46,27.83,46.71,14.96,2.59,3.04,12.31,34.0,76.69,2.4
2021-04-15,Mumbai,79.77,37.57,47.71,9.78,6.95,4.14,10.24,34.07,87.55,7.6
2021-04-16,Mumbai,56.21,30.58,38.24,9.48,4.27,3.78,7.2,31.88,74.53,9.27
2021-04-17,Mumbai,46.52,14.07,27.41,10.15,4.33,1.6,11.22,36.28,84.36,1.2
2021-04-18,Mumbai,45.57,19.88,34.08,11.94,0.72,3.48,12.05,28.54,81.57,9.85
2021-04-19,Mumbai,72.83,27.5,39.78,12.93,4.6,3.42,11.99,39.8,81.76,8.4
2021-04-20,Mumbai,62.53,22.43,29.43,12.71,4.7,4.28,6.18,32.54,81.07,7.77
2021-04-21,Mumbai,71.89,22.73,57.67,8.9,7.61,4.44,3.59,31.42,77.35,5.4
2021-04-22,Mumbai,71.89,37.39,41.53,13.45,6.78,3.86,8.79,38.08,74.61,13.18
2021-04-23,Mumbai,32.73,6.65,25.89,0.69,1.99,1.73,1.98,33.76,71.68,5.04
2021-04-24,Mumbai,46.26,21.0,28.0,4.87,6.35,1.09,4.11,32.73,81.56,8.14
2021-04-25,Mumbai,48.41,18.82,14.29,9.86,3.44,2.54,2.82,31.46,85.85,2.68
2021-04-26,Mumbai,51.85,15.47,42.95,9.7,3.5,3.84,8.01,34.8,79.34,9.4
2021-04-27,Mumbai,58.17,25.8,52.47,8.14,4.33,1.67,6.77,39.62,82.99,6.37
2021-04-28,Mumbai,79.86,32.09,37.54,9.07,6.69,3.5,5.4,35.43,77.51,3.3
2021-04-29,Mumbai,83.25,22.93,45.39,7.72,2.92,5.29,9.6,33.08,76.82,4.59
2021-04-30,Mumbai,61.31,26.58,35.74,6.92,3.69,1.84,5.73,33.08,75.44,8.17
2021-05-01,Mumbai,62.37,24.55,39.27,12.18,6.18,4.07,4.09,32.19,80.7,10.01
2021-05-02,Mumbai,56.0,19.01,38.49,5.57,5.44,2.77,1.18,32.33,88.17,8.61
2021-05-03,Mumbai,68.38,38.85,29.48,12.51,0.4,3.42,10.73,36.06,73.09,11.12
2021-05-04,Mumbai,70.56,25.55,41.02,9.28,3.37,5.1,8.66,36.71,82.13,5.1
2021-05-05,Mumbai,80.1,38.12,52.09,8.89,7.31,2.98,16.04,35.8,76.36,11.79
2021-05-06,Mumbai,80.48,24.28,42.29,11.31,10.91,2.95,2.83,28.93,81.06,6.22
2021-05-07,Mumbai,34.48,13.0,26.79,4.7,3.17,2.26,2.42,32.67,77.54,10.6
2021-05-08,Mumbai,67.25,22.94,16.18,12.13,7.24,3.56,9.14,31.37,78.63,10.56
2021-05-09,Mumbai,90.83,36.62,74.43,8.93,7.59,3.37,14.42,28.22,69.25,6.1
2021-05-10,Mumbai,64.05,26.95,33.66,7.85,4.76,2.96,13.64,34.91,74.09,14.29
2021-05-11,Mumbai,88.26,37.76,45.21,14.01,8.13,3.73,6.38,33.01,73.7,12.44
2021-05-12,Mumbai,67.15,30.57,35.16,11.35,7.91,1.96,3.97,32.61,75.46,7.84
2021-05-13,Mumbai,74.95,28.43,42.36,12.4,8.26,3.27,18.75,38.41,81.7,9.87
2021-05-14,Mumbai,55.87,32.39,31.2,5.88,3.42,1.79,7.19,33.31,75.83,7.96
2021-05-15,Mumbai,57.03,23.48,48.11,10.42,6.41,3.04,0.38,26.85,85.01,6.4
2021-05-16,Mumbai,85.02,30.92,52.98,14.4,8.16,6.03,16.21,29.74,79.2,6.85
2021-05-17,Mumbai,87.99,34.51,44.04,8.12,6.98,3.44,14.27,31.21,75.65,12.1
2021-05-18,Mumbai,75.79,22.89,39.68,11.91,6.69,4.89,12.56,32.22,75.38,8.99
2021-05-19,Mumbai,57.63,15.7,33.33,9.39,5.53,1.96,1.84,31.1,83.45,5.54
2021-05-20,Mumbai,77.35,36.81,59.09,11.74,4.83,4.38,10.06,29.1,70.07,9.36
2021-05-21,Mumbai,96.22,43.16,55.15,14.23,9.03,4.64,10.35,29.29,69.24,16.01
2021-05-22,Mumbai,104.18,40.69,73.43,20.68,7.97,5.58,12.91,26.58,65.08,8.15
2021-05-23,Mumbai,73.97,27.46,59.52,10.39,9.82,3.22,16.53,32.81,75.39,6.46
2021-05-24,Mumbai,54.52,24.69,46.25,7.74,3.68,2.48,13.02,33.72,79.54,8.94
2021-05-25,Mumbai,92.72,37.29,59.03,17.12,6.92,6.0,12.59,23.8,76.45,4.18
2021-05-26,Mumbai,76.69,34.97,53.23,12.49,7.22,4.93,7.22,33.26,77.57,13.28
2021-05-27,Mumbai,95.7,32.75,60.69,11.47,5.65,5.14,11.79,34.17,69.74,7.6
2021-05-28,Mumbai,86.5,35.66,45.0,10.81,9.15,3.78,15.11,32.42,63.45,9.59
2021-05-29,Mumbai,69.77,30.52,45.24,10.04,3.7,4.83,7.97,27.8,73.19,5.77
2021-05-30,Mumbai,84.64,29.11,47.78,10.7,4.95,5.04,9.7,34.06,66.34,2.82
2021-05-31,Mumbai,104.14,42.4,77.33,17.21,14.76,5.54,13.44,23.69,72.46,8.51
2021-06-01,Mumbai,83.04,31.18,48.73,12.25,6.28,6.24,8.48,30.52,68.01,10.35
2021-06-02,Mumbai,70.52,29.09,40.08,4.8,6.13,3.22,8.22,26.32,76.89,10.57
2021-06-03,Mumbai,62.99,32.35,46.97,11.23,2.75,4.99,3.85,28.91,72.96,10.27
2021-06-04,Mumbai,76.02,33.27,42.41,9.58,11.15,3.76,8.48,27.42,70.34,8.59
2021-06-05,Mumbai,82.24,32.82,52.4,17.63,5.39,4.16,7.28,30.29,65.97,6.42
2021-06-06,Mumbai,101.49,33.3,61.68,16.51,11.84,5.54,10.38,25.17,62.39,4.11
2021-06-07,Mumbai,73.18,38.66,46.21,9.23,3.93,2.8,6.34,33.04,68.04,3.66
2021-06-08,Mumbai,114.11,57.2,59.34,15.34,11.75,6.12,11.81,25.24,63.04,5.28
2021-06-09,Mumbai,71.56,28.66,44.46,10.29,5.65,2.53,9.76,32.62,66.74,7.45
2021-06-10,Mumbai,127.41,51.38,85.39,16.43,13.09,6.79,15.4,32.26,61.32,9.57
2021-06-11,Mumbai,119.14,49.81,64.0,19.25,10.1,5.78,17.75,26.74,68.26,7.6
2021-06-12,Mumbai,96.21,35.41,61.75,13.81,4.75,3.01,14.7,24.63,67.99,8.16
2021-06-13,Mumbai,70.21,26.24,57.78,11.07,7.13,3.8,7.5,28.07,73.55,11.26
2021-06-14,Mumbai,94.93,47.73,58.73,11.61,6.71,3.56,14.46,26.21,50.66,15.39
2021-06-15,Mumbai,90.81,33.47,49.87,18.64,4.85,5.68,8.55,23.83,74.13,10.77
2021-06-16,Mumbai,78.34,35.94,49.95,13.55,3.8,4.03,5.69,23.47,67.33,11.47
2021-06-17,Mumbai,102.67,39.15,59.91,11.99,8.23,5.89,15.49,29.11,61.85,6.05
2021-06-18,Mumbai,86.81,38.7,58.58,12.51,6.09,5.51,8.98,29.54,63.92,4.86
2021-06-19,Mumbai,89.3,43.78,54.54,11.26,4.36,3.18,9.22,32.91,61.35,12.34
2021-06-20,Mumbai,97.83,38.48,49.25,13.26,5.26,4.04,8.2,21.26,71.5,8.63
2021-06-21,Mumbai,93.13,33.82,57.65,11.46,2.11,7.61,11.93,25.03,53.93,3.52
2021-06-22,Mumbai,133.79,61.79,92.29,22.33,8.47,8.2,17.85,28.59,65.49,3.48
2021-06-23,Mumbai,95.45,32.19,53.19,16.25,4.88,4.6,10.75,28.84,66.29,4.97
2021-06-24,Mumbai,110.98,51.62,57.28,19.92,7.78,5.71,14.22,26.88,65.95,9.17
2021-06-25,Mumbai,107.42,46.89,68.17,12.32,9.13,4.81,8.45,25.25,63.15,8.75
2021-06-26,Mumbai,111.4,49.84,77.3,17.72,9.95,5.67,16.44,27.41,61.62,14.46
2021-06-27,Mumbai,113.43,42.64,79.69,12.95,10.7,7.11,5.98,26.19,65.12,8.76
2021-06-28,Mumbai,121.09,50.33,73.74,14.88,14.42,5.55,16.27,23.66,49.82,5.23
2021-06-29,Mumbai,112.75,37.86,76.38,15.09,7.99,4.57,13.91,23.28,65.82,8.91
2021-06-30,Mumbai,113.0,42.34,74.6,16.97,9.08,4.19,13.28,26.22,67.18,5.74
2021-07-01,Mumbai,111.39,55.95,71.29,12.15,7.22,6.99,18.34,25.14,60.92,4.51
2021-07-02,Mumbai,109.31,50.33,57.69,18.93,11.45,5.51,16.99,30.46,61.17,7.47
2021-07-03,Mumbai,98.59,39.1,53.21,12.49,8.77,4.77,13.14,20.27,59.02,11.09
2021-07-04,Mumbai,112.24,39.3,67.48,11.27,6.37,6.42,12.23,30.04,61.3,9.59
2021-07-05,Mumbai,117.65,41.68,67.51,15.45,7.28,6.55,17.58,25.59,54.66,8.99
2021-07-06,Mumbai,120.94,38.81,83.15,14.25,7.43,6.16,15.33,24.01,52.9,11.4
2021-07-07,Mumbai,118.49,38.97,59.23,17.45,6.95,7.15,9.51,28.73,63.28,11.71
2021-07-08,Mumbai,113.17,54.7,68.55,13.94,8.85,5.09,10.74,24.34,56.21,5.74
2021-07-09,Mumbai,116.68,45.45,74.4,20.37,6.13,5.53,13.44,20.16,56.83,8.44
2021-07-10,Mumbai,110.11,46.64,66.68,13.87,12.83,6.33,15.42,26.56,58.31,11.86
2021-07-11,Mumbai,123.98,49.88,74.4,20.5,13.07,7.71,17.25,24.92,60.22,10.96
2021-07-12,Mumbai,116.83,53.23,68.21,21.48,10.03,6.49,19.55,25.44,60.98,6.83
2021-07-13,Mumbai,123.72,56.98,79.8,18.94,12.1,8.77,10.17,20.62,69.49,9.28
2021-07-14,Mumbai,136.89,55.71,81.21,24.16,16.17,6.18,16.04,21.81,59.39,11.67
2021-07-15,Mumbai,112.09,52.94,73.39,24.37,7.82,4.77,19.33,23.07,48.51,7.05
2021-07-16,Mumbai,132.54,54.29,74.35,16.84,10.19,5.56,18.45,16.7,55.51,9.56
2021-07-17,Mumbai,124.94,49.52,83.71,14.63,8.59,5.92,17.84,23.02,65.44,5.58
2021-07-18,Mumbai,155.61,55.27,107.68,19.05,13.81,6.8,10.4,21.07,58.89,4.33
2021-07-19,Mumbai,122.89,52.04,79.84,14.62,9.38,7.72,17.35,21.25,56.14,5.94
2021-07-20,Mumbai,137.4,60.53,91.35,20.97,11.45,5.87,11.08,20.74,53.3,11.19
2021-07-21,Mumbai,128.04,55.83,78.3,22.78,8.36,7.48,12.2,25.42,53.35,2.01
2021-07-22,Mumbai,107.82,46.78,71.17,14.8,7.88,5.23,5.24,14.45,59.6,5.53
2021-07-23,Mumbai,121.66,57.94,83.96,22.95,8.43,4.47,10.25,20.04,40.9,6.57
2021-07-24,Mumbai,143.49,56.39,75.74,18.4,11.04,7.53,13.66,22.1,53.13,8.14
2021-07-25,Mumbai,124.61,46.58,64.1,23.78,11.23,7.24,14.62,20.57,54.58,2.5
2021-07-26,Mumbai,98.6,33.87,52.78,13.43,6.13,5.26,12.16,25.09,64.18,4.21
2021-07-27,Mumbai,132.24,53.63,80.51,19.79,8.41,5.69,16.83,17.91,52.3,7.26
2021-07-28,Mumbai,117.12,47.56,62.65,18.04,7.61,6.02,19.41,21.38,52.8,10.45
2021-07-29,Mumbai,136.27,47.49,95.51,17.27,12.66,7.56,12.74,23.47,53.37,13.67
2021-07-30,Mumbai,158.35,64.3,94.14,22.21,9.18,7.6,17.9,21.07,43.46,7.28
2021-07-31,Mumbai,147.4,61.84,93.84,16.53,13.2,7.12,16.95,13.04,57.74,8.53
2021-08-01,Mumbai,159.67,56.21,98.8,24.98,15.22,7.67,19.21,18.06,52.96,5.65
2021-08-02,Mumbai,128.96,47.12,76.83,15.67,13.52,8.38,13.66,15.68,51.36,6.55
2021-08-03,Mumbai,135.99,60.27,75.3,22.03,11.11,6.12,17.28,22.33,49.82,8.29
2021-08-04,Mumbai,123.22,44.92,83.08,21.62,9.04,6.04,20.44,16.15,52.12,6.32
2021-08-05,Mumbai,129.36,60.63,78.12,23.18,8.83,5.22,14.59,20.19,46.25,10.27
2021-08-06,Mumbai,126.45,49.53,59.22,20.63,8.35,5.96,21.39,24.58,45.65,9.73
2021-08-07,Mumbai,121.47,45.83,70.59,16.4,6.27,6.17,15.73,17.11,53.68,6.69
2021-08-08,Mumbai,162.27,61.72,101.57,19.71,14.79,7.71,23.43,22.85,51.17,5.56
2021-08-09,Mumbai,111.1,38.19,55.19,19.97,8.62,4.96,12.8,22.09,51.59,9.32
2021-08-10,Mumbai,163.73,68.68,99.68,25.47,13.54,8.19,22.66,19.8,43.02,9.59
2021-08-11,Mumbai,162.55,66.26,102.42,24.07,14.63,8.07,22.4,17.21,45.22,9.81
2021-08-12,Mumbai,152.03,59.16,108.87,24.5,12.21,8.42,16.32,21.22,51.37,11.76
2021-08-13,Mumbai,128.49,49.19,67.31,17.44,9.72,8.09,24.2,19.35,46.69,6.95
2021-08-14,Mumbai,122.13,52.97,90.78,23.68,12.05,7.23,17.98,18.05,42.7,7.94
2021-08-15,Mumbai,138.28,57.42,71.34,20.28,9.41,7.93,14.39,19.05,42.63,12.79
2021-08-16,Mumbai,156.52,54.1,97.72,19.65,11.5,8.03,19.8,18.63,46.65,6.07
2021-08-17,Mumbai,147.81,58.3,88.94,22.76,11.69,8.12,18.11,18.43,43.73,4.84
2021-08-18,Mumbai,132.73,53.86,89.29,21.24,8.98,7.45,14.59,19.85,43.56,9.06
2021-08-19,Mumbai,166.2,63.89,95.78,20.23,14.32,8.68,21.65,18.41,41.36,10.9
2021-08-20,Mumbai,174.84,74.9,98.6,27.82,15.74,8.27,19.8,19.08,37.4,4.73
2021-08-21,Mumbai,146.76,53.75,73.68,25.27,7.76,7.68,20.86,16.48,41.38,8.7
2021-08-22,Mumbai,152.36,60.95,99.45,14.97,10.35,8.18,18.49,19.51,45.81,7.6
2021-08-23,Mumbai,128.65,49.95,95.79,23.9,11.28,6.51,17.59,19.62,46.38,5.75
2021-08-24,Mumbai,145.61,67.17,89.34,27.88,12.02,7.04,23.01,17.94,44.74,4.4
2021-08-25,Mumbai,160.02,67.31,92.07,22.66,11.82,8.44,13.06,16.3,48.77,4.26
2021-08-26,Mumbai,158.21,64.15,89.87,22.52,15.97,6.26,22.05,15.4,41.03,4.67
2021-08-27,Mumbai,145.78,62.08,85.94,20.91,11.88,7.12,9.49,15.26,47.95,3.48
2021-08-28,Mumbai,149.78,54.46,86.46,20.29,11.93,6.4,16.42,16.5,46.53,11.73
2021-08-29,Mumbai,147.67,57.76,103.71,21.6,13.47,9.32,18.28,12.43,43.55,6.17
2021-08-30,Mumbai,150.68,58.9,106.29,18.93,12.66,6.66,16.85,18.69,44.5,7.32
2021-08-31,Mumbai,161.67,61.42,99.53,29.37,11.13,9.99,24.2,20.48,44.28,11.51
2021-09-01,Mumbai,126.25,45.46,70.41,21.24,10.69,6.16,5.14,14.98,36.7,9.48
2021-09-02,Mumbai,155.09,61.08,88.02,31.19,14.48,8.81,27.42,18.61,38.54,5.34
2021-09-03,Mumbai,161.87,69.57,80.65,24.05,8.61,8.19,22.84,16.96,46.93,13.89
2021-09-04,Mumbai,148.47,58.67,111.55,22.91,13.78,6.81,24.29,19.17,49.44,8.16
2021-09-05,Mumbai,150.24,53.82,93.83,17.44,11.35,7.7,27.54,16.92,42.63,7.81
2021-09-06,Mumbai,151.05,53.71,91.32,22.97,10.15,6.37,16.2,16.09,39.5,4.85
2021-09-07,Mumbai,150.99,61.84,94.91,23.01,10.95,8.14,17.36,12.26,46.83,9.06
2021-09-08,Mumbai,158.62,62.85,82.61,21.56,16.73,6.42,18.03,15.71,43.12,3.51
2021-09-09,Mumbai,160.81,65.2,83.0,24.41,11.56,7.17,22.64,14.99,43.75,9.52
2021-09-10,Mumbai,127.7,57.43,66.95,21.91,10.25,6.01,10.73,17.45,36.65,9.55
2021-09-11,Mumbai,169.31,77.36,109.43,29.57,12.11,9.23,15.74,14.87,49.85,6.18
2021-09-12,Mumbai,155.47,67.74,101.41,26.54,9.9,8.3,18.03,18.78,32.76,9.1
2021-09-13,Mumbai,189.1,76.77,97.54,25.71,11.47,8.73,24.89,16.05,41.77,4.88
2021-09-14,Mumbai,142.5,62.6,85.35,21.48,13.28,6.13,18.01,16.68,38.1,9.96
2021-09-15,Mumbai,147.62,61.44,87.76,21.75,12.86,8.17,17.97,18.73,44.02,2.63
2021-09-16,Mumbai,157.83,56.11,104.16,22.93,12.96,9.03,18.91,15.43,36.3,9.11
2021-09-17,Mumbai,167.3,69.85,95.76,22.33,18.64,8.27,17.34,17.4,40.3,4.74
2021-09-18,Mumbai,132.06,55.24,72.41,24.54,11.55,6.33,16.28,17.95,41.41,14.37
2021-09-19,Mumbai,149.08,65.31,93.35,19.55,11.63,7.93,14.6,19.08,35.54,6.09
2021-09-20,Mumbai,170.58,65.42,108.3,23.17,10.05,9.62,18.69,11.97,36.57,13.15
2021-09-21,Mumbai,147.66,55.78,87.61,20.81,9.35,6.64,12.51,18.01,40.79,15.45
2021-09-22,Mumbai,182.58,69.49,102.68,31.99,16.72,9.51,17.46,20.35,39.87,6.71
2021-09-23,Mumbai,155.37,67.86,93.04,19.81,12.51,6.99,6.61,12.44,37.54,4.53
2021-09-24,Mumbai,148.81,62.4,83.07,23.76,9.44,8.35,12.75,8.04,46.32,5.43
2021-09-25,Mumbai,171.57,77.41,107.46,28.11,15.82,8.69,21.08,18.89,40.65,5.82
2021-09-26,Mumbai,186.63,77.58,95.07,31.95,17.61,10.53,27.03,14.78,39.53,4.31
2021-09-27,Mumbai,168.84,76.28,97.42,26.35,14.02,7.1,13.28,15.04,37.77,7.73
2021-09-28,Mumbai,181.57,77.96,110.74,29.51,15.42,8.76,17.78,15.81,40.44,10.75
2021-09-29,Mumbai,187.87,74.39,110.34,27.49,13.19,10.84,27.1,11.37,44.03,2.46
2021-09-30,Mumbai,148.93,64.5,83.79,23.42,8.06,6.25,19.75,12.9,35.8,12.19
2021-10-01,Mumbai,176.86,81.8,113.61,23.25,17.68,7.28,20.0,15.16,49.62,10.74
2021-10-02,Mumbai,139.94,53.66,76.4,24.0,10.13,7.21,11.31,16.71,42.45,4.28
2021-10-03,Mumbai,169.16,72.82,105.93,27.59,12.78,8.64,20.55,14.56,40.87,11.77
2021-10-04,Mumbai,161.69,70.05,87.56,27.21,15.32,7.93,21.44,16.5,35.78,6.85
2021-10-05,Mumbai,181.37,76.3,104.86,30.13,17.12,10.21,29.68,14.75,40.94,8.96
2021-10-06,Mumbai,180.26,71.8,112.49,21.91,14.83,7.64,17.78,17.24,39.09,10.09
2021-10-07,Mumbai,171.16,67.36,111.55,24.96,9.78,8.78,11.86,10.7,35.7,4.98
2021-10-08,Mumbai,167.01,64.08,91.87,20.83,16.44,7.67,11.12,14.0,34.53,5.35
2021-10-09,Mumbai,170.06,71.58,98.45,22.05,14.5,9.65,22.55,7.74,34.63,8.14
2021-10-10,Mumbai,163.25,64.08,95.33,21.54,10.25,10.17,19.7,17.05,40.28,8.14
2021-10-11,Mumbai,161.29,64.2,87.81,19.65,13.68,8.25,23.11,17.36,36.27,11.4
2021-10-12,Mumbai,183.7,77.31,115.75,34.3,18.78,9.88,24.31,18.43,37.45,6.29
2021-10-13,Mumbai,185.36,77.51,104.36,29.58,15.14,8.41,22.35,19.14,40.85,8.26
2021-10-14,Mumbai,159.62,65.49,99.45,22.95,13.47,6.93,15.96,13.25,42.87,8.48
2021-10-15,Mumbai,165.13,65.38,104.6,25.91,12.63,7.22,16.54,10.9,41.3,5.41
2021-10-16,Mumbai,162.59,62.56,96.53,27.52,14.86,8.07,24.57,9.31,50.07,10.08
2021-10-17,Mumbai,136.98,55.31,75.06,19.23,12.18,7.48,19.11,13.2,36.13,8.59
2021-10-18,Mumbai,155.89,66.2,93.56,27.83,12.54,7.79,21.39,19.1,34.13,4.65
2021-10-19,Mumbai,184.69,72.31,136.08,26.92,14.53,9.85,26.07,16.0,46.8,4.42
2021-10-20,Mumbai,149.19,55.85,98.82,22.41,9.41,6.14,14.66,15.55,43.42,7.01
2021-10-21,Mumbai,191.89,78.68,111.64,32.46,20.45,9.2,24.95,16.8,41.9,9.96
2021-10-22,Mumbai,177.47,73.38,102.72,30.57,14.6,8.49,31.07,15.31,42.6,8.53
2021-10-23,Mumbai,165.62,65.6,102.96,22.31,14.44,6.52,14.68,21.2,35.17,2.12
2021-10-24,Mumbai,167.7,60.92,114.54,19.78,11.5,6.93,19.03,14.48,39.18,13.57
2021-10-25,Mumbai,145.21,52.09,86.31,22.8,9.66,7.75,15.83,16.98,41.18,1.85
2021-10-26,Mumbai,154.65,68.39,109.36,22.67,10.58,9.24,26.12,15.42,40.77,7.76
2021-10-27,Mumbai,179.9,63.59,105.61,32.13,14.05,7.96,23.58,14.0,41.68,4.19
2021-10-28,Mumbai,148.7,54.3,95.12,22.65,10.34,7.55,15.42,13.73,47.98,10.35
2021-10-29,Mumbai,173.46,69.28,105.23,25.99,14.85,7.87,24.27,17.22,41.0,6.54
2021-10-30,Mumbai,136.5,58.81,80.7,18.38,10.15,7.59,9.94,15.17,47.84,7.5
2021-10-31,Mumbai,138.78,56.88,91.96,23.49,10.22,6.81,20.27,19.14,42.21,7.84
2021-11-01,Mumbai,184.86,75.28,121.85,30.93,16.18,8.16,21.08,15.75,49.92,7.28
2021-11-02,Mumbai,155.73,68.56,88.87,21.89,13.42,9.35,17.84,8.81,35.18,8.89
2021-11-03,Mumbai,147.39,51.58,81.51,22.15,6.89,6.99,13.03,12.1,39.18,4.79
2021-11-04,Mumbai,175.46,72.53,114.85,25.23,12.84,8.36,16.62,12.82,35.15,4.01
2021-11-05,Mumbai,173.24,77.46,98.42,17.16,12.69,7.07,21.03,16.64,43.85,7.88
2021-11-06,Mumbai,167.89,65.29,89.09,24.96,15.47,10.21,19.19,16.5,46.27,12.48
2021-11-07,Mumbai,145.04,55.58,92.56,19.29,12.26,8.22,12.24,15.41,48.75,9.85
2021-11-08,Mumbai,148.78,64.69,96.06,21.29,16.3,7.58,5.63,16.24,41.84,10.39
2021-11-09,Mumbai,157.25,60.64,103.14,25.26,10.58,7.72,15.77,17.75,40.49,8.22
2021-11-10,Mumbai,162.47,63.63,96.26,30.52,12.28,6.19,23.56,20.33,34.72,5.9
2021-11-11,Mumbai,143.89,59.73,90.53,21.57,11.55,6.26,7.67,23.57,39.99,8.53
2021-11-12,Mumbai,153.53,60.62,99.3,23.37,12.59,5.04,15.09,19.76,48.33,5.15
2021-11-13,Mumbai,154.42,53.88,93.67,14.44,10.06,9.48,24.31,19.11,46.83,2.15
2021-11-14,Mumbai,169.14,63.95,99.12,23.21,12.83,9.76,18.13,16.74,49.22,3.74
2021-11-15,Mumbai,160.58,60.03,90.45,24.25,12.16,7.72,16.61,14.67,48.81,6.99
2021-11-16,Mumbai,126.07,53.52,66.75,16.91,9.64,6.18,18.15,16.71,49.74,9.12
2021-11-17,Mumbai,144.87,57.41,79.31,24.0,9.74,7.22,17.17,17.51,44.31,5.53
2021-11-18,Mumbai,133.53,45.33,91.35,18.55,10.43,6.54,20.41,24.06,47.31,7.53
2021-11-19,Mumbai,155.36,56.53,81.67,17.98,10.84,5.68,22.96,19.65,45.51,11.33
2021-11-20,Mumbai,160.06,58.67,89.48,18.21,14.35,7.19,19.27,21.52,53.88,7.91
2021-11-21,Mumbai,147.09,60.76,81.03,27.11,11.44,7.44,16.02,22.24,48.29,10.28
2021-11-22,Mumbai,140.9,58.13,82.78,23.92,11.96,6.08,12.95,19.23,52.1,12.92
2021-11-23,Mumbai,145.3,49.23,87.39,23.26,12.22,8.27,20.06,15.96,42.76,8.94
2021-11-24,Mumbai,146.73,63.64,89.19,17.28,9.64,8.03,16.21,19.41,53.43,4.39
2021-11-25,Mumbai,133.32,51.26,75.81,21.06,12.21,5.19,15.98,21.8,39.11,7.81
2021-11-26,Mumbai,123.95,43.5,69.24,11.08,12.7,5.84,11.65,20.32,43.45,4.59
2021-11-27,Mumbai,110.79,51.87,80.94,14.84,11.0,5.9,7.64,16.69,56.71,3.72
2021-11-28,Mumbai,159.85,75.34,91.34,28.72,12.18,8.79,24.76,23.79,46.32,5.43
2021-11-29,Mumbai,147.58,58.62,78.14,22.85,10.16,8.46,15.43,14.54,56.54,8.55
2021-11-30,Mumbai,144.85,58.09,95.67,24.34,10.06,6.79,12.93,15.52,52.72,9.18
2021-12-01,Mumbai,157.67,66.87,104.85,25.97,14.34,5.81,17.69,22.96,44.28,8.28
2021-12-02,Mumbai,119.12,50.25,75.02,18.98,10.73,6.14,8.44,21.73,51.85,3.65
2021-12-03,Mumbai,111.18,51.37,70.98,12.54,7.26,5.0,11.08,21.24,45.85,11.38
2021-12-04,Mumbai,142.23,62.12,90.3,21.47,13.25,6.84,14.17,24.09,52.62,5.95
2021-12-05,Mumbai,140.12,53.96,78.18,27.08,11.22,7.16,19.7,17.03,56.83,6.18
2021-12-06,Mumbai,108.99,52.75,62.89,19.46,3.73,4.27,11.9,14.74,54.66,8.94
2021-12-07,Mumbai,139.59,50.88,83.62,23.36,6.96,5.71,15.41,21.06,51.68,10.67
2021-12-08,Mumbai,127.42,53.35,82.02,14.94,10.48,6.06,21.14,21.67,48.94,10.56
2021-12-09,Mumbai,120.54,51.03,65.75,17.04,8.98,7.25,15.28,23.48,50.14,9.0
2021-12-10,Mumbai,126.86,57.26,73.23,19.37,7.42,5.58,13.89,18.28,59.54,5.49
2021-12-11,Mumbai,94.45,41.72,58.17,14.26,10.53,2.46,10.55,18.38,43.44,4.42
2021-12-12,Mumbai,121.41,48.65,67.04,20.9,9.29,5.75,13.29,21.49,51.48,5.45
2021-12-13,Mumbai,118.92,52.51,66.36,16.69,10.37,6.26,10.7,24.22,56.59,8.53
2021-12-14,Mumbai,137.04,52.66,78.97,19.95,8.5,6.81,20.01,24.74,52.33,11.19
2021-12-15,Mumbai,125.5,59.73,72.77,20.9,5.51,5.02,15.43,19.26,64.76,9.79
2021-12-16,Mumbai,136.65,59.49,81.76,17.49,9.89,7.09,13.85,24.46,58.45,8.01
2021-12-17,Mumbai,88.01,26.08,66.52,12.56,12.46,5.05,9.72,23.96,45.13,11.08
2021-12-18,Mumbai,112.85,57.97,51.0,16.07,8.82,6.52,21.97,23.93,66.27,8.51
2021-12-19,Mumbai,132.96,55.44,82.4,23.6,9.79,7.47,11.03,22.1,52.71,8.26
2021-12-20,Mumbai,119.16,46.08,80.55,15.24,6.07,4.6,18.28,20.21,58.22,7.12
2021-12-21,Mumbai,135.65,58.38,79.54,28.64,14.65,6.47,14.47,32.68,51.18,7.83
2021-12-22,Mumbai,95.07,38.14,57.02,9.04,8.6,3.78,17.15,19.09,57.21,1.35
2021-12-23,Mumbai,132.27,42.14,72.65,17.75,13.51,6.57,21.04,22.49,60.28,5.82
2021-12-24,Mumbai,110.88,40.39,51.96,17.64,9.39,6.32,14.17,29.88,58.48,10.98
2021-12-25,Mumbai,108.59,41.82,57.89,18.44,8.51,6.26,14.44,21.59,63.31,5.39
2021-12-26,Mumbai,133.66,56.59,90.45,18.9,13.01,7.08,19.45,21.63,59.35,3.78
2021-12-27,Mumbai,135.39,62.71,65.12,19.24,8.97,7.44,23.94,26.28,73.43,3.87
2021-12-28,Mumbai,132.64,46.55,72.44,20.26,8.56,5.88,18.4,20.77,53.3,6.8
2021-12-29,Mumbai,146.86,57.22,96.2,19.33,10.31,7.92,20.83,28.94,61.66,8.39
2021-12-30,Mumbai,134.44,56.65,78.53,19.34,7.21,7.62,16.98,27.16,45.58,7.86
2021-12-31,Mumbai,102.67,36.79,73.61,17.24,8.68,4.7,13.91,22.22,59.5,6.26
2022-01-01,Mumbai,115.88,57.69,81.29,20.57,6.29,6.66,14.66,28.84,61.96,7.98
2022-01-02,Mumbai,107.52,44.18,50.06,13.83,9.35,6.52,10.7,25.22,52.68,12.38
2022-01-03,Mumbai,142.52,62.57,90.73,22.6,14.51,6.32,13.45,28.7,66.0,4.42
2022-01-04,Mumbai,127.81,48.47,90.2,20.41,11.8,5.23,17.96,21.43,51.48,10.18
2022-01-05,Mumbai,107.57,50.2,62.51,14.5,12.03,5.18,12.65,30.94,59.95,6.04
2022-01-06,Mumbai,122.73,53.17,67.95,17.98,7.18,6.32,15.0,28.94,66.35,9.65
2022-01-07,Mumbai,90.25,38.07,53.56,15.37,5.0,2.16,15.48,28.22,61.77,11.22
2022-01-08,Mumbai,111.65,41.0,61.35,14.22,10.07,4.0,10.33,27.24,56.72,6.02
2022-01-09,Mumbai,93.0,26.14,60.64,11.89,5.24,3.35,9.49,21.8,72.8,0.85
2022-01-10,Mumbai,80.91,30.11,49.4,9.81,6.9,3.25,15.83,23.36,51.67,4.1
2022-01-11,Mumbai,117.18,48.8,69.36,19.83,10.38,5.22,12.1,25.73,73.19,10.07
2022-01-12,Mumbai,118.21,56.74,77.65,17.54,7.42,6.11,13.94,26.77,63.06,1.84
2022-01-13,Mumbai,110.62,50.55,65.97,12.35,9.81,4.68,15.52,29.86,69.54,7.52
2022-01-14,Mumbai,100.2,38.01,55.12,12.86,7.98,4.8,8.72,23.96,64.23,6.7
2022-01-15,Mumbai,83.14,27.55,56.53,17.79,8.58,3.44,9.78,32.17,59.24,10.35
2022-01-16,Mumbai,83.9,26.32,63.81,11.29,11.17,5.92,9.64,25.56,66.41,7.46
2022-01-17,Mumbai,85.98,32.38,38.32,11.35,4.66,4.85,14.28,30.11,67.48,5.44
2022-01-18,Mumbai,96.21,39.51,64.07,12.67,7.93,4.66,18.19,30.6,69.14,2.85
2022-01-19,Mumbai,115.06,46.89,67.8,16.77,6.08,4.67,13.54,31.56,63.47,6.8
2022-01-20,Mumbai,114.03,54.52,66.04,16.72,8.89,4.36,15.97,26.42,66.6,9.33
2022-01-21,Mumbai,72.61,38.76,33.02,13.49,7.55,2.99,11.11,33.47,63.25,8.72
2022-01-22,Mumbai,86.16,36.49,55.97,15.23,7.23,4.82,6.69,29.19,65.01,4.31
2022-01-23,Mumbai,84.97,31.44,53.14,14.05,4.26,3.31,13.1,30.38,72.15,12.1
2022-01-24,Mumbai,57.03,25.5,30.9,8.9,7.88,5.62,8.7,30.62,71.66,8.07
2022-01-25,Mumbai,102.73,46.91,69.7,16.47,7.58,3.62,15.26,29.81,64.66,4.61
2022-01-26,Mumbai,89.79,39.22,41.06,14.37,8.87,5.04,9.21,25.58,71.59,11.6
2022-01-27,Mumbai,91.03,33.55,58.67,18.4,7.96,4.15,15.09,27.27,62.47,10.44
2022-01-28,Mumbai,112.17,42.84,64.77,14.94,8.03,7.01,20.11,35.02,74.72,9.4
2022-01-29,Mumbai,92.57,29.87,54.04,20.36,6.53,6.14,11.33,21.75,72.78,11.8
2022-01-30,Mumbai,84.05,33.38,60.29,7.6,3.95,4.41,11.99,34.01,73.07,4.42
2022-01-31,Mumbai,98.37,40.41,63.83,9.13,7.78,4.58,9.19,31.58,64.43,9.25
2022-02-01,Mumbai,104.95,44.78,71.64,12.37,5.39,5.53,11.45,38.94,72.76,8.17
2022-02-02,Mumbai,92.81,36.26,45.94,15.61,7.27,4.56,11.51,31.04,62.06,10.51
2022-02-03,Mumbai,98.0,34.97,57.69,18.56,11.4,3.2,11.88,31.34,63.51,10.41
2022-02-04,Mumbai,84.78,34.49,52.42,9.96,7.61,5.08,10.68,29.13,69.15,8.66
2022-02-05,Mumbai,85.05,34.26,58.27,11.32,4.37,4.61,8.3,33.16,71.65,9.96
2022-02-06,Mumbai,87.3,29.85,53.53,11.0,4.54,3.5,8.3,34.68,69.04,4.19
2022-02-07,Mumbai,73.64,30.11,44.42,9.57,5.57,4.66,11.52,32.84,66.25,16.66
2022-02-08,Mumbai,75.76,35.56,49.59,7.87,7.96,3.29,8.31,26.18,66.23,9.32
2022-02-09,Mumbai,104.3,46.75,68.06,17.6,8.21,4.81,13.67,33.82,72.73,11.63
2022-02-10,Mumbai,113.11,44.17,60.02,16.94,9.26,5.57,18.7,33.9,65.82,12.6
2022-02-11,Mumbai,106.24,28.79,80.95,15.07,8.12,5.25,14.29,31.62,72.57,11.93
2022-02-12,Mumbai,61.89,27.58,29.46,11.51,6.0,2.55,10.6,31.27,72.38,7.25
2022-02-13,Mumbai,59.83,11.79,31.68,11.11,4.74,1.71,11.04,30.97,67.63,14.62
2022-02-14,Mumbai,62.67,19.8,44.64,7.09,5.28,2.23,2.56,33.56,76.02,11.43
2022-02-15,Mumbai,81.95,32.61,66.93,13.1,7.69,2.74,7.38,33.68,73.81,8.56
2022-02-16,Mumbai,37.23,10.81,23.31,5.94,0.62,2.5,0.0,32.79,83.3,10.04
2022-02-17,Mumbai,69.96,31.35,34.79,15.8,8.35,2.65,6.5,36.12,83.69,4.21
2022-02-18,Mumbai,99.34,34.72,58.45,8.39,7.99,6.15,6.17,32.85,72.03,12.92
2022-02-19,Mumbai,92.42,34.12,67.6,12.07,8.94,4.87,10.54,30.21,76.78,6.68
2022-02-20,Mumbai,69.51,24.36,53.49,12.07,6.85,3.08,7.6,31.95,77.07,9.93
2022-02-21,Mumbai,70.12,27.9,35.73,12.8,5.68,2.07,0.0,33.7,71.46,9.29
2022-02-22,Mumbai,84.62,29.97,51.84,11.56,10.27,5.18,15.54,32.98,79.93,8.27
2022-02-23,Mumbai,89.64,43.2,53.2,9.25,3.17,6.15,12.67,34.65,83.48,3.04
2022-02-24,Mumbai,67.13,25.06,38.39,12.3,3.98,2.15,3.21,36.56,72.52,6.34
2022-02-25,Mumbai,71.13,31.62,37.09,5.55,2.53,3.5,10.52,32.61,78.58,3.16
2022-02-26,Mumbai,65.69,18.55,57.45,13.55,6.79,2.62,6.93,33.31,83.2,9.21
2022-02-27,Mumbai,53.76,24.13,30.91,10.44,4.91,2.73,3.48,33.07,71.41,7.88
2022-02-28,Mumbai,69.99,28.44,22.76,9.81,3.25,4.0,10.95,32.22,79.74,9.77
2022-03-01,Mumbai,68.42,26.22,53.33,8.09,8.42,3.2,4.84,32.53,71.68,10.35
2022-03-02,Mumbai,53.54,13.4,43.24,5.22,5.96,2.7,7.51,31.9,79.11,8.4
2022-03-03,Mumbai,81.74,25.41,41.34,10.64,5.03,5.34,9.84,31.42,75.06,6.49
2022-03-04,Mumbai,78.91,30.12,38.74,9.39,7.85,4.13,8.86,33.85,77.45,7.37
2022-03-05,Mumbai,81.72,35.27,52.58,7.54,6.27,2.58,12.35,36.22,74.79,7.65
2022-03-06,Mumbai,59.4,13.2,43.42,11.04,7.05,4.46,2.23,36.66,85.39,3.52
2022-03-07,Mumbai,40.82,15.47,21.58,8.69,0.0,3.86,4.45,36.82,77.84,9.48
2022-03-08,Mumbai,77.24,19.29,43.27,14.13,6.76,2.23,9.51,31.69,73.76,3.44
2022-03-09,Mumbai,59.95,27.07,44.87,15.35,1.85,3.76,10.53,32.47,73.83,4.74
2022-03-10,Mumbai,56.24,19.86,35.37,12.52,6.71,1.2,3.59,38.17,74.9,7.83
2022-03-11,Mumbai,50.45,11.65,39.5,1.83,0.75,3.57,13.73,33.47,78.44,10.72
2022-03-12,Mumbai,64.9,27.41,35.95,8.28,2.06,3.48,7.42,33.09,73.79,5.3
2022-03-13,Mumbai,92.42,40.06,62.51,12.88,6.53,3.77,14.84,34.55,80.75,9.08
2022-03-14,Mumbai,60.93,22.83,27.23,6.15,7.13,2.32,5.67,31.11,72.94,5.69
2022-03-15,Mumbai,51.92,29.21,36.42,6.21,6.32,2.44,11.65,41.2,84.27,8.28
2022-03-16,Mumbai,77.82,34.63,46.81,6.17,4.92,2.94,6.63,39.99,84.83,9.32
2022-03-17,Mumbai,70.43,32.23,27.12,12.75,7.51,1.28,11.51,30.39,69.46,11.98
2022-03-18,Mumbai,35.85,9.3,15.78,8.35,2.26,1.61,3.49,35.74,78.27,8.34
2022-03-19,Mumbai,77.39,28.44,49.25,12.55,9.99,3.49,8.55,35.46,84.3,4.73
2022-03-20,Mumbai,99.21,40.2,39.47,14.07,10.08,4.23,12.61,33.19,75.26,10.91
2022-03-21,Mumbai,28.13,6.02,19.22,5.14,0.55,1.56,0.0,36.38,73.05,6.98
2022-03-22,Mumbai,48.46,18.12,37.98,7.69,5.79,2.98,8.01,33.85,84.79,6.93
2022-03-23,Mumbai,24.14,1.01,12.77,4.98,0.0,0.32,0.0,37.23,88.11,7.37
2022-03-24,Mumbai,65.63,28.91,43.42,14.51,3.95,3.06,6.51,35.13,92.32,8.09
2022-03-25,Mumbai,81.52,28.34,39.68,15.99,4.8,4.74,7.06,31.12,82.87,6.11
2022-03-26,Mumbai,68.17,29.4,44.9,11.86,4.92,4.09,4.49,27.58,83.42,8.5
2022-03-27,Mumbai,87.4,31.91,40.67,7.0,7.1,6.02,9.93,33.88,79.8,14.54
2022-03-28,Mumbai,78.93,35.33,39.89,11.92,6.98,2.89,12.51,32.52,72.39,8.23
2022-03-29,Mumbai,91.97,36.38,55.17,11.5,6.11,5.73,12.8,32.11,70.22,5.26
2022-03-30,Mumbai,83.82,34.31,45.24,10.44,5.53,4.12,13.2,34.99,80.29,7.33
2022-03-31,Mumbai,60.37,21.65,43.37,11.28,8.92,3.63,5.25,32.28,84.76,5.56
2022-04-01,Mumbai,67.42,31.02,34.37,11.16,3.27,4.15,3.16,35.82,79.01,8.31
2022-04-02,Mumbai,53.41,19.39,28.69,8.48,2.27,1.66,4.98,33.81,74.97,10.77
2022-04-03,Mumbai,63.02,23.54,36.0,5.47,9.19,5.58,4.44,38.67,79.53,12.81
2022-04-04,Mumbai,67.46,28.67,41.28,2.62,3.64,3.39,8.89,31.34,76.33,9.66
2022-04-05,Mumbai,65.33,19.22,40.27,13.51,6.0,3.6,0.0,32.51,90.23,6.2
2022-04-06,Mumbai,86.82,41.05,47.21,12.19,7.98,4.44,11.94,32.51,74.25,5.34
2022-04-07,Mumbai,61.83,22.07,35.27,12.39,5.12,3.58,7.99,31.6,79.99,8.39
2022-04-08,Mumbai,52.92,24.97,23.2,1.82,4.59,3.0,5.63,35.02,84.26,6.62
2022-04-09,Mumbai,53.98,20.2,33.02,4.44,4.01,2.64,13.03,34.02,80.82,10.76
2022-04-10,Mumbai,76.99,26.61,57.2,16.84,6.1,3.31,15.75,37.27,80.18,12.28
2022-04-11,Mumbai,46.28,25.12,25.08,7.69,4.86,2.34,0.0,32.04,72.93,9.48
2022-04-12,Mumbai,64.48,19.87,40.22,15.17,8.01,1.39,2.62,32.5,73.81,3.04
2022-04-13,Mumbai,87.59,34.98,58.2,16.0,6.06,4.11,11.93,34.47,83.65,9.29
2022-04-14,Mumbai,72.27,27.03,28.51,15.34,4.41,3.97,1.01,34.73,80.02,8.45
2022-04-15,Mumbai,66.98,41.86,35.14,12.51,6.4,2.67,11.26,34.23,83.82,13.88
2022-04-16,Mumbai,67.78,27.87,38.42,13.32,8.22,2.51,6.32,36.71,78.7,5.14
2022-04-17,Mumbai,53.12,23.95,37.25,6.97,4.37,2.08,1.99,33.14,79.64,3.57
2022-04-18,Mumbai,55.97,20.27,34.28,11.98,3.85,1.55,5.88,32.89,81.94,6.99
2022-04-19,Mumbai,66.17,12.91,69.23,10.35,5.47,1.77,2.08,34.26,80.75,10.11
2022-04-20,Mumbai,73.45,30.57,34.58,3.5,5.68,3.14,3.76,36.97,71.09,9.85
2022-04-21,Mumbai,83.9,26.51,51.42,15.39,6.04,5.89,17.74,35.14,81.56,11.18
2022-04-22,Mumbai,71.38,31.28,46.33,9.14,2.34,2.18,18.1,35.34,77.51,11.79
2022-04-23,Mumbai,90.62,32.5,59.03,13.82,8.17,4.19,7.02,31.84,74.7,7.99
2022-04-24,Mumbai,94.74,30.12,46.87,14.62,7.32,4.93,11.19,41.8,79.12,6.86
2022-04-25,Mumbai,82.95,33.69,57.93,12.29,8.01,4.54,8.79,34.51,86.35,8.73
2022-04-26,Mumbai,89.76,30.98,51.3,7.12,7.46,5.8,5.41,34.56,83.14,11.27
2022-04-27,Mumbai,56.91,29.16,19.2,10.05,1.54,1.85,10.11,34.51,81.7,5.21
2022-04-28,Mumbai,54.93,29.34,38.46,10.91,2.23,3.92,5.33,32.12,81.04,9.75
2022-04-29,Mumbai,80.35,27.9,64.66,17.5,7.64,4.45,10.96,29.23,78.33,8.3
2022-04-30,Mumbai,52.88,18.27,29.25,0.79,2.04,3.57,13.27,30.97,78.51,11.3
2022-05-01,Mumbai,69.08,25.03,46.86,10.26,7.91,2.17,3.87,34.56,77.92,7.83
2022-05-02,Mumbai,85.45,37.06,43.83,8.71,5.84,3.88,9.12,37.44,81.11,9.6
2022-05-03,Mumbai,95.54,39.33,53.85,11.77,5.25,4.08,11.29,30.08,77.93,7.42
2022-05-04,Mumbai,71.0,26.42,51.89,3.27,4.91,1.2,9.47,35.74,70.15,4.33
2022-05-05,Mumbai,65.55,17.73,39.84,8.81,4.69,2.91,3.97,36.75,78.08,4.45
2022-05-06,Mumbai,80.61,28.74,41.39,16.31,7.87,3.9,16.5,37.62,75.37,6.77
2022-05-07,Mumbai,60.21,22.27,28.5,14.23,2.8,3.88,9.99,32.25,85.38,3.32
2022-05-08,Mumbai,74.24,29.3,40.63,14.02,6.65,1.98,13.87,34.52,70.95,6.95
2022-05-09,Mumbai,77.25,24.4,44.98,12.04,5.51,3.41,2.82,33.97,66.3,8.09
2022-05-10,Mumbai,77.5,22.0,46.9,11.61,7.01,4.74,13.49,28.03,75.42,14.03
2022-05-11,Mumbai,79.8,32.52,41.23,11.73,5.62,2.81,13.05,34.5,68.83,7.72
2022-05-12,Mumbai,66.53,23.78,27.1,5.73,2.79,3.27,6.15,29.76,73.32,10.24
2022-05-13,Mumbai,68.72,29.27,49.25,9.62,8.7,3.78,6.29,32.81,68.81,7.08
2022-05-14,Mumbai,69.01,29.75,46.3,9.12,10.99,3.28,1.57,36.05,77.86,8.7
2022-05-15,Mumbai,56.52,20.28,37.06,13.34,4.92,1.36,0.0,33.45,69.66,7.7
2022-05-16,Mumbai,86.56,30.58,44.89,10.69,5.58,5.1,12.68,28.55,68.99,9.14
2022-05-17,Mumbai,95.48,43.45,65.59,11.31,9.62,3.0,10.65,33.52,63.72,14.28
2022-05-18,Mumbai,94.64,44.49,61.96,11.3,7.44,5.52,6.87,31.39,78.42,3.52
2022-05-19,Mumbai,79.4,33.42,33.6,9.08,5.34,4.48,6.73,32.18,70.18,6.41
2022-05-20,Mumbai,71.83,34.99,33.9,13.05,5.74,3.02,3.75,28.24,69.67,7.55
2022-05-21,Mumbai,95.83,41.35,55.09,13.67,7.5,5.27,14.08,27.39,71.69,11.68
2022-05-22,Mumbai,94.92,31.39,57.55,13.73,6.46,6.34,11.54,35.95,72.87,9.38
2022-05-23,Mumbai,89.28,32.83,49.04,14.62,8.0,5.06,12.22,27.28,68.54,10.55
2022-05-24,Mumbai,112.88,35.36,70.07,16.6,10.73,6.06,10.89,29.02,69.69,9.74
2022-05-25,Mumbai,87.02,23.3,53.47,10.4,7.34,4.7,3.79,30.34,72.81,8.26
2022-05-26,Mumbai,84.28,33.1,40.8,9.44,3.99,4.77,9.65,30.72,63.23,7.9
2022-05-27,Mumbai,82.85,36.31,34.98,10.82,3.49,3.72,6.34,31.88,72.32,11.87
2022-05-28,Mumbai,66.17,26.2,42.41,8.25,3.09,4.14,12.91,32.71,71.85,5.08
2022-05-29,Mumbai,100.24,45.8,64.78,21.11,5.71,5.87,14.22,29.43,77.72,9.21
2022-05-30,Mumbai,89.48,31.11,52.74,10.58,6.22,5.18,14.69,30.97,66.86,9.14
2022-05-31,Mumbai,99.47,43.4,43.9,15.27,7.58,5.93,13.48,31.61,67.91,8.0
2022-06-01,Mumbai,120.21,52.8,71.6,18.55,6.54,5.94,6.38,28.46,70.34,10.3
2022-06-02,Mumbai,87.49,30.0,55.48,17.53,5.72,2.83,11.66,26.29,65.63,10.77
2022-06-03,Mumbai,59.05,33.01,27.43,6.65,3.84,2.4,14.82,28.12,67.48,12.85
2022-06-04,Mumbai,102.12,43.73,69.16,12.6,7.11,4.07,15.46,33.23,66.12,6.91
2022-06-05,Mumbai,98.2,37.68,46.54,12.71,9.4,4.03,12.16,25.48,68.09,6.31
2022-06-06,Mumbai,85.5,28.09,57.62,15.37,4.9,4.06,10.44,23.81,61.51,11.86
2022-06-07,Mumbai,103.25,35.97,72.02,11.45,9.58,4.85,11.71,34.66,61.92,9.78
2022-06-08,Mumbai,109.89,46.72,92.77,13.25,7.54,6.31,12.39,27.55,72.66,7.2
2022-06-09,Mumbai,84.72,29.43,56.64,13.83,6.15,3.88,6.51,30.95,65.75,5.69
2022-06-10,Mumbai,95.21,31.66,60.27,12.76,3.59,3.56,10.49,28.0,66.02,6.85
2022-06-11,Mumbai,122.71,41.71,66.63,21.96,11.89,6.71,16.68,31.17,61.31,8.1
2022-06-12,Mumbai,90.57,30.62,45.52,14.69,9.14,4.33,17.46,28.93,62.7,4.74
2022-06-13,Mumbai,103.22,46.38,62.96,17.51,2.94,5.41,10.34,23.95,65.95,11.28
2022-06-14,Mumbai,63.7,36.81,40.16,7.43,3.56,4.15,3.66,29.83,67.4,8.55
2022-06-15,Mumbai,81.68,24.83,46.15,7.88,5.36,5.0,14.73,28.44,62.75,12.76
2022-06-16,Mumbai,107.12,39.93,55.19,18.16,9.49,4.81,13.26,28.96,66.29,9.38
2022-06-17,Mumbai,124.03,47.08,78.63,18.66,8.98,5.96,14.49,23.13,61.76,8.19
2022-06-18,Mumbai,86.03,27.66,46.66,20.06,4.62,3.92,6.99,26.95,60.53,7.27
2022-06-19,Mumbai,108.44,39.78,73.51,16.51,6.67,6.26,9.18,22.44,64.26,13.72
2022-06-20,Mumbai,102.55,31.88,50.88,17.64,6.92,5.74,8.96,27.39,72.66,4.42
2022-06-21,Mumbai,123.35,54.46,79.45,14.03,10.99,6.24,15.17,27.81,61.84,8.21
2022-06-22,Mumbai,91.65,37.87,60.96,9.17,9.91,3.43,14.04,26.87,56.85,9.58
2022-06-23,Mumbai,117.24,42.17,78.9,15.45,6.39,7.4,14.79,29.06,58.66,2.32
2022-06-24,Mumbai,101.86,49.12,61.06,16.75,9.46,4.76,13.13,31.07,62.41,10.83
2022-06-25,Mumbai,115.88,36.4,78.52,12.82,11.29,6.18,13.52,25.82,60.97,5.54
2022-06-26,Mumbai,114.45,44.75,86.33,21.07,7.41,5.99,14.12,25.52,56.88,9.34
2022-06-27,Mumbai,110.51,48.44,59.64,22.44,11.89,6.07,8.33,26.98,62.96,9.54
2022-06-28,Mumbai,122.34,56.89,71.99,24.49,10.6,5.83,24.28,28.09,58.93,8.25
2022-06-29,Mumbai,116.7,49.86,68.82,17.91,7.7,4.15,14.43,25.85,63.5,6.27
2022-06-30,Mumbai,114.94,39.27,61.24,20.41,7.86,5.3,12.54,23.4,57.05,5.39
2022-07-01,Mumbai,112.46,51.99,72.92,20.61,11.9,3.27,14.87,23.33,65.76,5.78
2022-07-02,Mumbai,119.85,42.67,60.44,17.07,11.42,6.25,9.57,31.37,63.08,10.33
2022-07-03,Mumbai,122.9,55.59,60.62,15.7,11.48,5.33,13.65,24.51,53.1,6.92
2022-07-04,Mumbai,105.61,46.82,69.2,19.18,10.47,5.69,13.98,25.33,56.0,4.91
2022-07-05,Mumbai,116.09,42.99,67.04,15.45,10.11,6.01,15.17,25.45,64.77,7.97
2022-07-06,Mumbai,106.38,47.59,67.96,19.35,11.74,5.9,13.18,24.52,56.1,6.49
2022-07-07,Mumbai,122.49,53.51,65.78,23.22,9.5,8.99,11.93,24.81,56.35,5.62
2022-07-08,Mumbai,115.08,51.35,60.2,15.23,10.38,6.5,8.24,25.63,58.41,5.25
2022-07-09,Mumbai,136.4,50.62,65.57,25.61,12.94,5.53,19.56,21.99,62.0,6.51
2022-07-10,Mumbai,135.8,52.5,79.17,18.4,13.66,7.69,16.74,26.62,48.95,4.31
2022-07-11,Mumbai,112.74,47.47,73.53,17.75,5.25,4.57,15.2,30.65,62.83,12.73
2022-07-12,Mumbai,127.41,52.66,79.11,16.01,12.1,6.3,18.06,23.29,57.8,7.74
2022-07-13,Mumbai,137.89,56.28,90.74,16.89,8.05,7.32,22.31,28.11,49.94,6.79
2022-07-14,Mumbai,126.55,43.22,71.52,22.35,10.1,5.95,17.37,20.48,63.69,8.02
2022-07-15,Mumbai,119.11,45.64,76.16,20.68,12.72,5.75,18.64,23.0,52.34,5.67
2022-07-16,Mumbai,114.51,40.32,62.77,20.52,10.57,4.48,6.76,19.19,51.18,7.09
2022-07-17,Mumbai,144.56,63.69,82.35,26.73,8.2,6.88,20.49,24.9,53.05,11.01
2022-07-18,Mumbai,146.13,62.51,82.22,22.86,13.1,6.7,24.31,19.69,55.12,4.25
2022-07-19,Mumbai,130.32,52.64,69.65,18.67,7.25,7.32,17.06,25.3,52.33,11.4
2022-07-20,Mumbai,145.77,58.5,88.37,28.21,10.69,8.52,19.41,20.15,47.16,4.9
2022-07-21,Mumbai,90.63,41.91,68.25,13.87,7.54,5.31,11.17,25.01,54.87,8.41
2022-07-22,Mumbai,155.85,58.85,85.95,13.9,14.94,7.65,17.1,15.69,49.89,5.68
2022-07-23,Mumbai,134.41,49.79,83.31,20.53,8.03,5.42,10.93,26.81,60.23,5.44
2022-07-24,Mumbai,139.71,46.0,84.85,21.1,11.81,7.73,18.57,17.87,53.92,10.56
2022-07-25,Mumbai,133.59,49.82,82.55,18.38,14.68,5.35,20.65,16.05,61.09,4.58
2022-07-26,Mumbai,160.14,65.01,83.05,19.97,14.61,9.04,20.17,23.13,57.04,5.95
2022-07-27,Mumbai,124.1,42.64,74.35,16.88,10.71,6.75,12.17,22.86,54.77,10.17
2022-07-28,Mumbai,162.92,63.13,103.99,26.0,14.31,9.82,20.86,18.77,45.64,11.38
2022-07-29,Mumbai,147.54,60.8,101.88,16.04,13.62,7.12,16.29,18.15,55.38,9.84
2022-07-30,Mumbai,151.72,54.98,92.35,24.88,12.49,8.69,17.05,13.53,51.51,8.54
2022-07-31,Mumbai,138.22,56.84,91.79,14.87,10.58,5.99,11.75,19.92,53.78,8.9
2022-08-01,Mumbai,124.3,46.28,73.42,21.43,11.31,5.66,12.45,14.84,47.83,2.79
2022-08-02,Mumbai,158.64,73.79,88.34,27.12,16.33,8.15,18.64,15.87,47.16,12.81
2022-08-03,Mumbai,150.11,61.8,90.29,26.45,13.4,7.36,18.88,17.39,46.58,7.38
2022-08-04,Mumbai,166.61,69.43,89.98,25.22,12.55,7.43,18.45,12.58,45.31,4.7
2022-08-05,Mumbai,144.01,56.21,68.17,22.17,13.34,7.08,19.28,17.87,41.04,8.01
2022-08-06,Mumbai,141.36,59.95,74.22,19.81,10.81,9.92,17.86,13.55,37.76,10.19
2022-08-07,Mumbai,169.19,80.1,99.27,24.36,14.4,7.66,10.13,22.23,45.18,11.15
2022-08-08,Mumbai,177.76,67.3,107.63,29.23,16.36,9.12,22.06,20.84,50.29,4.13
2022-08-09,Mumbai,149.92,53.61,73.08,24.79,11.2,8.32,19.61,15.84,47.09,6.64
2022-08-10,Mumbai,139.19,52.63,90.83,28.41,13.37,6.93,21.74,23.85,40.46,11.67
2022-08-11,Mumbai,163.32,69.18,107.5,26.94,12.61,10.2,20.96,17.28,49.69,10.92
2022-08-12,Mumbai,148.03,59.68,91.96,22.47,10.52,6.58,12.15,23.0,45.78,2.28
2022-08-13,Mumbai,161.49,66.58,99.9,18.62,11.25,7.2,16.41,21.96,45.89,6.72
2022-08-14,Mumbai,149.27,65.32,93.52,17.17,10.71,7.79,14.18,24.28,46.95,5.74
2022-08-15,Mumbai,177.26,65.29,113.78,24.65,14.94,7.71,21.55,16.16,44.56,5.61
2022-08-16,Mumbai,143.95,62.71,82.44,21.16,11.33,8.81,20.83,20.32,38.0,6.03
2022-08-17,Mumbai,162.27,70.85,88.0,24.59,10.85,7.15,26.2,19.98,50.56,10.35
2022-08-18,Mumbai,148.35,58.64,83.48,21.05,11.48,9.19,12.46,16.04,40.84,11.17
2022-08-19,Mumbai,152.06,70.09,93.71,23.98,12.35,8.04,21.34,18.86,47.67,10.33
2022-08-20,Mumbai,150.69,51.39,90.43,23.52,12.89,7.36,18.73,15.31,36.07,10.95
2022-08-21,Mumbai,168.53,61.74,99.84,23.03,16.66,8.35,18.98,19.6,55.5,9.22
2022-08-22,Mumbai,171.8,66.83,108.65,21.05,13.84,10.58,21.25,17.57,44.61,6.81
2022-08-23,Mumbai,166.95,68.35,106.37,24.05,8.37,8.81,28.57,16.01,36.93,10.03
2022-08-24,Mumbai,157.51,71.72,98.74,28.8,14.19,8.58,16.83,17.89,43.93,7.81
2022-08-25,Mumbai,161.77,63.44,98.86,20.38,14.56,7.21,18.41,17.93,39.23,2.1
2022-08-26,Mumbai,173.65,67.55,92.74,28.18,11.59,10.17,20.82,17.01,33.77,8.43
2022-08-27,Mumbai,174.64,69.45,94.39,26.46,13.18,8.52,21.06,15.32,44.71,7.74
2022-08-28,Mumbai,120.84,50.7,68.28,14.93,8.25,7.48,18.32,20.28,49.7,6.6
2022-08-29,Mumbai,157.6,64.52,95.17,25.62,12.03,7.97,19.2,18.14,46.37,8.28
2022-08-30,Mumbai,158.79,64.14,97.08,28.76,9.24,6.97,21.75,17.27,44.23,10.0
2022-08-31,Mumbai,172.66,70.13,99.12,27.78,13.85,8.19,23.48,18.32,43.81,13.15
2022-09-01,Mumbai,162.06,71.46,105.25,32.01,12.67,7.64,22.89,15.53,42.63,5.04
2022-09-02,Mumbai,174.29,72.75,92.8,25.85,13.91,8.28,13.89,10.91,38.67,9.62
2022-09-03,Mumbai,147.74,60.54,88.51,19.51,12.5,5.59,8.14,15.39,39.51,11.04
2022-09-04,Mumbai,168.23,68.08,114.15,23.59,14.43,8.16,25.71,15.43,46.36,4.77
2022-09-05,Mumbai,178.23,69.22,106.27,30.52,9.86,8.58,19.92,9.74,39.61,3.38
2022-09-06,Mumbai,142.99,45.54,83.7,20.56,10.95,7.4,13.64,21.27,41.62,11.86
2022-09-07,Mumbai,203.18,72.87,115.23,32.54,15.8,9.09,17.03,18.02,44.91,8.73
2022-09-08,Mumbai,183.7,71.0,101.31,27.4,12.07,8.43,27.09,10.2,44.9,12.48
2022-09-09,Mumbai,166.2,70.56,102.9,23.54,12.0,6.06,20.09,14.49,37.9,7.94
2022-09-10,Mumbai,154.08,61.94,87.36,27.95,13.79,8.6,18.08,17.16,36.78,10.0
2022-09-11,Mumbai,164.19,64.65,90.34,24.56,12.55,10.53,21.44,20.31,46.8,8.11
2022-09-12,Mumbai,168.38,65.13,87.1,22.64,14.8,8.12,21.71,9.43,43.3,11.29
2022-09-13,Mumbai,174.01,60.73,107.38,30.13,17.28,8.2,24.0,19.75,42.93,11.86
2022-09-14,Mumbai,190.19,75.9,117.27,26.66,14.89,9.94,20.04,14.74,44.63,14.16
2022-09-15,Mumbai,160.79,54.07,112.29,23.34,14.79,9.2,25.55,13.18,39.6,7.84
2022-09-16,Mumbai,176.62,68.86,116.52,26.26,10.89,8.2,14.88,14.64,44.0,6.04
2022-09-17,Mumbai,149.02,57.59,87.21,22.78,12.95,8.26,26.9,15.65,44.24,3.24
2022-09-18,Mumbai,162.42,63.07,95.29,21.31,11.92,8.01,17.47,23.05,43.04,14.0
2022-09-19,Mumbai,174.47,77.25,99.57,26.28,13.09,8.56,17.03,13.88,42.21,9.0
2022-09-20,Mumbai,179.38,73.02,107.15,29.49,13.84,10.36,14.13,17.14,42.78,5.98
2022-09-21,Mumbai,157.88,61.38,98.45,26.43,9.13,8.52,17.11,18.52,31.08,15.34
2022-09-22,Mumbai,162.72,60.66,109.07,24.2,11.38,8.4,23.64,10.46,43.73,7.96
2022-09-23,Mumbai,191.38,79.44,114.92,26.99,13.08,10.24,25.64,17.08,42.32,10.83
2022-09-24,Mumbai,187.03,81.84,97.21,21.03,18.4,8.01,18.1,14.2,31.87,6.86
2022-09-25,Mumbai,172.84,64.4,101.84,26.77,13.14,8.25,21.77,18.18,48.11,7.34
2022-09-26,Mumbai,136.26,63.63,88.77,16.74,8.38,6.24,22.13,13.53,30.61,7.31
2020-01-01,Chennai,50.29,13.52,37.5,4.36,6.05,2.52,3.8,29.8,59.66,6.91
2020-01-02,Chennai,63.33,29.88,26.16,1.92,7.38,2.33,11.06,25.31,54.52,9.82
2020-01-03,Chennai,69.51,25.75,33.09,7.27,2.1,3.88,4.6,25.24,59.78,5.18
2020-01-04,Chennai,79.72,24.28,68.1,11.81,10.02,5.15,8.28,26.06,61.79,13.53
2020-01-05,Chennai,92.0,40.95,48.74,14.86,8.97,3.42,13.02,29.72,57.09,5.84
2020-01-06,Chennai,86.21,40.29,48.89,9.99,8.66,4.89,10.72,29.23,67.7,7.75
2020-01-07,Chennai,57.28,32.78,47.03,2.64,2.52,0.61,5.57,22.4,57.99,11.27
2020-01-08,Chennai,68.55,18.65,42.17,10.65,5.32,3.56,0.0,23.77,70.12,4.41
2020-01-09,Chennai,74.44,38.11,33.41,6.59,4.05,4.85,6.75,27.41,63.11,7.84
2020-01-10,Chennai,68.53,33.78,47.29,6.85,4.93,5.17,9.5,22.02,55.9,10.67
2020-01-11,Chennai,67.6,30.55,33.19,12.38,8.61,4.84,14.53,28.38,62.54,6.79
2020-01-12,Chennai,44.97,17.9,19.97,5.67,6.15,0.64,0.0,29.37,62.01,2.22
2020-01-13,Chennai,52.69,20.77,29.98,6.61,5.59,1.3,6.38,26.42,64.29,2.8
2020-01-14,Chennai,63.12,22.63,38.03,11.09,8.74,3.96,9.42,31.03,62.92,12.66
2020-01-15,Chennai,21.95,14.38,9.6,9.06,2.65,3.29,3.85,25.7,60.94,6.93
2020-01-16,Chennai,77.14,28.0,56.46,11.48,2.94,4.07,9.76,26.15,66.45,7.87
2020-01-17,Chennai,46.13,21.62,32.28,8.01,1.09,4.43,0.0,27.33,59.97,9.19
2020-01-18,Chennai,76.22,31.18,44.38,15.99,8.31,3.48,12.36,32.58,71.28,7.59
2020-01-19,Chennai,74.1,21.69,47.06,13.12,4.39,3.73,8.56,32.21,75.37,11.53
2020-01-20,Chennai,56.16,22.04,42.88,10.37,4.34,4.9,3.79,30.02,70.62,7.14
2020-01-21,Chennai,78.53,34.21,54.68,12.51,7.23,4.03,12.61,27.69,65.19,8.06
2020-01-22,Chennai,73.88,35.47,30.35,8.35,10.46,3.97,7.24,30.92,63.15,1.69
2020-01-23,Chennai,57.32,24.7,28.55,8.9,5.24,3.01,0.04,28.78,69.62,3.8
2020-01-24,Chennai,54.85,14.34,24.36,10.47,0.39,3.57,8.15,28.08,60.31,5.61
2020-01-25,Chennai,76.86,34.66,56.17,8.44,8.43,4.53,9.2,26.8,65.12,13.47
2020-01-26,Chennai,63.12,26.14,48.51,10.19,4.14,3.74,16.21,27.24,72.91,8.57
2020-01-27,Chennai,74.55,22.57,32.96,9.83,6.66,4.61,2.66,31.29,68.06,8.01
2020-01-28,Chennai,22.29,11.86,27.35,4.26,0.0,0.93,6.08,32.14,72.29,6.47
2020-01-29,Chennai,58.86,16.7,40.03,5.19,6.09,3.64,5.19,29.3,70.26,6.16
2020-01-30,Chennai,32.98,6.28,19.48,5.14,5.36,0.87,8.23,26.35,62.85,7.1
2020-01-31,Chennai,55.52,17.51,22.45,14.16,3.54,5.09,2.68,24.81,76.33,5.82
2020-02-01,Chennai,65.89,27.05,28.69,9.77,2.53,3.22,6.01,30.78,73.3,8.72
2020-02-02,Chennai,80.56,34.48,47.46,10.78,7.38,3.92,9.37,31.43,65.3,12.29
2020-02-03,Chennai,39.69,14.63,24.81,5.82,4.48,2.32,4.56,34.73,54.74,11.73
2020-02-04,Chennai,45.17,22.67,12.42,9.56,5.73,2.82,0.0,32.57,76.08,6.28
2020-02-05,Chennai,50.93,22.58,27.73,10.3,3.45,1.97,5.95,26.64,70.64,9.09
2020-02-06,Chennai,37.06,19.17,24.23,1.26,5.67,3.29,4.9,28.55,68.96,7.39
2020-02-07,Chennai,65.68,27.67,36.97,7.28,7.3,3.54,3.67,31.82,72.7,5.85
2020-02-08,Chennai,49.28,25.69,30.65,6.74,3.78,2.91,5.63,30.84,77.5,3.74
2020-02-09,Chennai,51.51,14.35,37.12,14.97,5.87,4.44,4.44,29.31,74.72,10.86
2020-02-10,Chennai,58.33,16.77,33.29,8.67,3.31,2.35,10.37,32.76,76.7,9.01
2020-02-11,Chennai,47.31,14.56,31.77,4.24,3.16,1.33,3.23,31.76,70.69,5.35
2020-02-12,Chennai,35.5,19.89,20.34,3.74,0.67,0.0,3.37,27.48,76.79,8.09
2020-02-13,Chennai,46.19,26.27,29.5,4.75,0.0,3.12,0.35,30.52,81.86,9.83
2020-02-14,Chennai,33.68,15.42,27.77,7.77,5.86,1.08,2.54,29.1,73.58,7.6
2020-02-15,Chennai,47.55,10.24,23.3,11.45,4.29,3.09,5.22,26.33,73.35,11.13
2020-02-16,Chennai,60.29,18.19,42.15,3.94,4.86,3.56,5.99,39.53,71.77,6.26
2020-02-17,Chennai,27.13,11.88,10.24,0.0,0.0,2.11,2.04,37.34,72.27,10.13
2020-02-18,Chennai,21.2,11.04,9.07,0.54,0.0,1.61,7.34,27.58,72.86,6.0
2020-02-19,Chennai,44.37,20.5,23.99,10.62,2.78,0.98,3.45,31.39,77.57,6.88
2020-02-20,Chennai,31.57,14.83,12.62,3.85,0.96,0.73,8.89,30.44,73.43,11.13
2020-02-21,Chennai,43.03,20.96,38.94,7.9,2.24,4.21,7.49,32.23,75.68,8.54
2020-02-22,Chennai,46.83,17.55,17.09,11.9,3.7,2.53,13.93,30.75,78.88,5.62
2020-02-23,Chennai,10.0,5.61,7.61,3.87,3.22,0.0,6.87,37.37,74.57,7.98
2020-02-24,Chennai,51.36,18.07,28.37,4.09,5.66,0.52,3.37,32.88,82.53,6.36
2020-02-25,Chennai,22.98,11.33,13.14,6.28,2.59,1.98,0.55,30.07,78.07,6.54
2020-02-26,Chennai,39.71,16.04,26.36,9.68,4.75,1.3,0.19,38.34,68.52,6.64
2020-02-27,Chennai,29.69,15.1,30.92,3.88,2.43,0.61,4.07,29.86,72.87,10.29
2020-02-28,Chennai,30.85,10.17,25.85,4.17,0.0,2.71,0.0,31.6,75.81,11.02
2020-02-29,Chennai,64.1,23.01,31.05,10.1,4.7,2.74,8.56,29.89,68.39,14.42
2020-03-01,Chennai,43.05,17.74,27.22,4.11,5.24,1.62,0.0,31.89,75.77,7.49
2020-03-02,Chennai,51.42,19.57,25.69,5.49,3.52,0.93,0.0,33.97,77.92,10.64
2020-03-03,Chennai,39.71,14.61,14.28,0.14,1.4,2.41,10.53,33.92,71.45,5.36
2020-03-04,Chennai,46.36,14.3,24.57,10.32,6.11,2.15,6.3,31.45,69.13,13.37
2020-03-05,Chennai,42.94,5.56,11.08,11.83,3.47,1.02,7.88,36.24,71.18,6.4
2020-03-06,Chennai,40.14,20.44,17.55,6.87,6.06,0.0,3.45,34.78,69.03,6.41
2020-03-07,Chennai,52.58,26.25,25.91,3.43,6.47,3.07,6.03,33.77,83.28,8.88
2020-03-08,Chennai,37.98,18.42,17.25,0.0,4.28,3.0,3.66,36.8,76.61,7.73
2020-03-09,Chennai,69.59,36.6,39.42,9.39,1.83,4.17,5.51,34.65,76.84,6.66
2020-03-10,Chennai,49.41,19.18,29.32,10.94,6.99,3.12,11.02,36.84,81.02,12.37
2020-03-11,Chennai,17.62,0.5,5.09,0.18,0.81,1.57,0.0,35.85,75.74,6.96
2020-03-12,Chennai,31.78,13.71,32.52,2.63,2.38,0.51,0.93,31.14,80.02,9.28
2020-03-13,Chennai,40.12,19.48,18.04,7.54,3.44,1.95,0.0,34.92,79.84,8.31
2020-03-14,Chennai,34.57,15.83,26.3,1.89,2.33,2.24,3.08,37.39,79.47,2.14
2020-03-15,Chennai,43.97,21.79,25.45,1.29,3.01,0.93,8.29,34.45,74.51,10.43
2020-03-16,Chennai,45.4,20.45,25.35,3.07,1.95,1.41,8.43,29.57,78.99,7.25
2020-03-17,Chennai,12.84,10.31,9.57,3.53,0.0,0.0,0.24,36.99,83.19,6.71
2020-03-18,Chennai,52.25,16.6,22.9,7.43,4.45,4.09,6.76,36.54,75.5,8.13
2020-03-19,Chennai,25.4,10.86,14.12,3.74,2.28,1.75,7.72,27.94,85.05,2.87
2020-03-20,Chennai,23.75,11.04,33.09,3.43,2.26,0.88,5.52,35.87,76.18,7.66
2020-03-21,Chennai,23.55,3.83,13.18,2.27,2.16,0.47,1.97,34.84,80.02,8.82
2020-03-22,Chennai,44.52,16.94,20.42,6.92,3.2,3.25,9.95,30.73,82.78,10.45
2020-03-23,Chennai,28.27,4.58,21.6,6.93,0.36,1.18,4.14,36.58,74.8,11.47
2020-03-24,Chennai,22.21,0.0,23.92,4.98,0.53,1.97,0.0,35.24,80.99,8.71
2020-03-25,Chennai,25.71,6.09,11.46,4.24,0.6,1.56,0.63,37.92,87.66,7.11
2020-03-26,Chennai,10.0,8.6,4.3,0.0,0.0,0.59,0.0,36.82,80.31,11.0
2020-03-27,Chennai,19.29,10.76,12.53,1.83,4.59,3.13,0.96,38.09,76.38,6.24
2020-03-28,Chennai,13.28,3.38,13.45,0.0,4.16,1.6,4.24,34.09,84.09,0.75
2020-03-29,Chennai,27.8,13.32,17.96,0.0,3.04,1.98,0.0,31.42,90.29,7.44
2020-03-30,Chennai,41.78,21.59,34.08,7.45,5.38,0.0,4.09,25.75,71.25,6.36
2020-03-31,Chennai,40.12,12.72,24.4,5.96,3.48,2.18,6.15,32.12,76.37,7.89
2020-04-01,Chennai,50.67,20.16,21.75,10.85,5.5,1.67,5.25,41.03,80.8,9.19
2020-04-02,Chennai,47.35,15.9,25.91,11.64,4.01,2.3,5.71,42.64,80.2,5.51
2020-04-03,Chennai,23.95,6.3,20.62,0.0,2.82,0.47,0.0,32.06,80.13,12.19
2020-04-04,Chennai,32.22,17.46,16.98,7.75,1.86,0.14,3.95,30.47,83.93,10.42
2020-04-05,Chennai,31.52,8.21,20.07,5.14,4.27,0.33,6.18,31.03,83.84,11.19
2020-04-06,Chennai,10.0,0.65,15.75,0.0,3.0,1.94,2.58,34.38,81.5,6.19
2020-04-07,Chennai,13.93,18.69,3.66,6.04,0.0,2.29,9.72,36.11,81.34,5.13
2020-04-08,Chennai,29.79,6.54,20.26,8.84,1.29,3.7,1.13,35.62,81.03,7.7
2020-04-09,Chennai,29.83,1.71,12.95,5.07,2.19,2.13,6.61,34.19,75.01,12.64
2020-04-10,Chennai,40.25,9.32,19.39,3.49,4.71,3.33,4.14,35.58,81.92,13.41
2020-04-11,Chennai,39.68,7.0,29.76,7.08,2.43,2.31,7.72,36.61,90.51,8.38
2020-04-12,Chennai,10.0,4.13,4.55,3.16,0.74,0.51,1.27,34.43,76.62,9.25
2020-04-13,Chennai,40.86,14.92,29.42,6.46,2.5,3.61,4.49,36.66,76.09,1.92
2020-04-14,Chennai,35.96,11.55,4.48,4.68,5.81,0.89,0.0,39.26,77.14,7.95
2020-04-15,Chennai,42.84,21.08,29.89,8.68,5.23,0.4,0.0,38.23,75.53,5.98
2020-04-16,Chennai,49.73,13.58,26.6,6.41,2.1,1.43,7.24,32.26,76.33,1.44
2020-04-17,Chennai,31.82,22.42,26.63,3.29,0.75,1.6,3.75,30.81,66.52,6.42
2020-04-18,Chennai,52.91,13.35,33.12,8.47,2.29,2.11,13.4,36.91,76.91,14.88
2020-04-19,Chennai,21.15,2.48,6.19,2.84,0.0,2.85,3.27,32.17,81.31,8.44
2020-04-20,Chennai,20.6,6.72,2.69,0.0,6.02,0.0,9.26,31.95,82.92,9.4
2020-04-21,Chennai,41.51,19.93,30.76,1.39,1.97,0.71,5.74,30.46,68.95,7.29
2020-04-22,Chennai,29.86,0.9,19.99,0.71,0.71,0.0,10.18,29.98,76.92,2.62
2020-04-23,Chennai,39.65,11.68,37.8,6.84,1.72,1.95,2.52,34.03,82.33,7.01
2020-04-24,Chennai,65.96,27.48,41.47,8.92,3.8,2.77,10.71,36.59,72.8,7.22
2020-04-25,Chennai,42.32,13.16,31.79,4.93,7.79,2.33,9.81,31.13,78.41,9.85
2020-04-26,Chennai,39.97,10.82,24.15,9.15,2.54,1.15,12.01,30.59,78.99,5.88
2020-04-27,Chennai,24.13,4.97,20.41,3.0,2.74,0.0,4.91,31.87,68.67,13.65
2020-04-28,Chennai,12.07,7.83,9.06,5.56,1.46,0.0,0.75,31.92,75.42,4.23
2020-04-29,Chennai,36.89,9.91,29.29,6.53,1.95,0.82,2.81,28.83,78.39,10.84
2020-04-30,Chennai,54.4,33.6,23.82,10.87,2.94,1.59,2.01,34.22,72.95,6.18
2020-05-01,Chennai,33.99,11.39,14.47,2.66,0.0,1.79,4.35,31.33,79.24,12.19
2020-05-02,Chennai,45.3,18.24,37.82,13.51,8.69,1.08,0.7,32.3,77.91,12.76
2020-05-03,Chennai,61.14,27.59,27.06,7.34,4.81,1.57,7.39,29.98,68.83,5.16
2020-05-04,Chennai,61.24,26.55,39.98,9.48,6.88,3.95,8.17,33.65,77.55,7.56
2020-05-05,Chennai,47.14,7.98,37.37,8.26,1.34,3.78,3.3,33.04,81.84,8.66
2020-05-06,Chennai,43.75,24.18,23.44,11.64,1.94,3.51,0.0,29.96,78.02,6.8
2020-05-07,Chennai,18.93,7.2,11.69,0.0,0.0,1.18,0.0,37.19,75.37,10.16
2020-05-08,Chennai,32.78,15.33,14.86,0.0,4.99,0.66,2.32,32.61,75.87,10.89
2020-05-09,Chennai,38.56,15.45,22.12,8.84,4.29,1.19,0.04,30.49,75.68,4.26
2020-05-10,Chennai,30.53,12.67,17.29,0.0,0.0,0.0,2.29,36.08,66.26,4.03
2020-05-11,Chennai,47.6,18.22,20.05,3.93,4.89,1.89,0.0,26.49,86.54,11.38
2020-05-12,Chennai,73.12,26.99,44.58,9.5,6.87,2.8,6.6,34.01,82.55,10.22
2020-05-13,Chennai,67.79,33.29,38.18,8.3,1.55,3.46,9.65,31.63,71.17,11.73
2020-05-14,Chennai,49.28,22.87,40.07,4.53,2.53,3.67,5.72,30.7,72.33,7.97
2020-05-15,Chennai,57.91,28.18,33.46,11.06,5.57,2.02,3.43,30.94,67.91,6.46
2020-05-16,Chennai,35.91,21.93,21.29,3.09,6.7,0.86,0.46,35.87,77.66,7.61
2020-05-17,Chennai,69.42,31.93,44.06,6.85,0.76,2.9,12.67,30.77,76.41,8.55
2020-05-18,Chennai,24.67,1.4,11.55,4.78,0.4,0.87,4.53,32.15,79.1,9.15
2020-05-19,Chennai,62.43,20.19,33.64,9.43,7.67,2.65,0.56,33.13,69.84,4.14
2020-05-20,Chennai,56.83,22.83,41.88,6.8,5.54,3.52,9.99,29.48,67.76,5.05
2020-05-21,Chennai,38.72,19.44,28.57,2.94,7.36,0.86,8.64,36.11,73.65,5.69
2020-05-22,Chennai,47.61,15.3,26.47,10.38,1.41,0.54,7.16,33.17,82.68,3.85
2020-05-23,Chennai,34.41,13.09,29.94,5.52,2.36,2.51,1.73,33.84,66.31,3.44
2020-05-24,Chennai,35.74,12.93,0.94,5.62,0.0,2.07,5.03,30.95,74.49,8.61
2020-05-25,Chennai,28.95,10.12,32.02,5.52,3.86,2.52,6.15,37.2,72.86,7.98
2020-05-26,Chennai,65.04,22.77,36.98,7.56,6.56,2.34,8.1,32.56,72.51,5.31
2020-05-27,Chennai,72.33,32.43,42.72,2.23,3.82,5.02,14.62,32.32,75.4,5.67
2020-05-28,Chennai,22.55,7.72,23.41,4.66,1.93,0.94,7.4,33.96,74.44,8.2
2020-05-29,Chennai,83.29,31.53,55.52,9.19,4.87,2.71,14.94,28.29,72.92,7.62
2020-05-30,Chennai,56.28,37.0,37.31,2.86,6.85,2.43,5.95,28.29,71.59,8.55
2020-05-31,Chennai,61.56,21.4,32.87,9.54,0.24,1.64,14.07,31.14,67.7,2.91
2020-06-01,Chennai,35.89,14.08,29.42,13.3,6.66,0.91,2.32,25.6,65.82,7.36
2020-06-02,Chennai,78.56,29.59,63.57,7.84,6.19,1.86,10.75,25.84,75.24,7.13
2020-06-03,Chennai,62.53,18.0,20.69,6.44,5.48,3.55,5.51,32.49,63.74,0.78
2020-06-04,Chennai,77.39,32.37,56.75,15.51,3.59,3.32,12.18,27.68,69.65,5.85
2020-06-05,Chennai,79.41,26.32,40.47,14.78,6.38,5.24,11.61,34.22,72.9,10.28
2020-06-06,Chennai,81.91,32.16,73.22,12.63,2.61,4.36,5.9,32.3,72.13,7.43
2020-06-07,Chennai,52.97,16.75,32.95,6.02,5.81,3.2,18.1,27.76,66.67,7.54
2020-06-08,Chennai,60.38,23.6,44.45,8.23,8.78,3.6,5.3,26.71,73.08,8.09
2020-06-09,Chennai,55.14,22.1,28.3,8.09,3.13,4.12,9.48,28.25,66.61,8.28
2020-06-10,Chennai,78.56,31.4,39.48,6.08,4.69,3.8,6.48,31.08,66.09,13.62
2020-06-11,Chennai,70.95,25.57,43.7,9.78,6.56,4.61,10.95,22.36,69.41,4.97
2020-06-12,Chennai,82.83,31.58,55.21,9.06,8.94,3.79,18.62,28.5,75.11,11.59
2020-06-13,Chennai,84.32,30.67,40.18,12.99,5.58,5.8,9.13,27.23,59.28,9.26
2020-06-14,Chennai,42.56,11.15,29.07,8.12,1.91,3.08,4.01,23.55,73.66,5.23
2020-06-15,Chennai,89.57,38.36,57.15,14.6,7.91,3.51,17.51,30.67,67.98,4.0
2020-06-16,Chennai,84.42,28.88,55.91,6.65,7.43,2.89,6.66,23.4,66.5,11.35
2020-06-17,Chennai,65.47,27.93,42.94,10.32,6.6,3.74,0.0,30.19,68.95,6.91
2020-06-18,Chennai,77.11,20.97,48.21,12.55,5.29,4.04,13.54,34.5,65.34,9.0
2020-06-19,Chennai,70.87,24.23,38.51,10.22,8.02,4.36,16.22,22.66,57.65,11.31
2020-06-20,Chennai,82.83,40.38,49.96,0.0,5.14,4.48,6.34,27.52,73.43,12.28
2020-06-21,Chennai,68.88,31.6,40.81,8.85,7.03,3.47,8.5,22.14,60.02,10.26
2020-06-22,Chennai,82.5,27.5,51.63,13.61,7.54,4.69,12.41,24.76,55.92,5.38
2020-06-23,Chennai,77.2,34.53,36.71,8.46,4.08,2.01,4.68,29.46,59.33,2.75
2020-06-24,Chennai,70.58,25.67,46.43,5.09,7.55,2.09,6.89,25.06,59.77,7.81
2020-06-25,Chennai,80.79,36.21,48.15,10.3,7.38,4.25,7.02,26.24,58.47,5.4
2020-06-26,Chennai,119.41,51.79,75.22,20.22,10.82,5.08,18.33,25.05,66.54,7.62
2020-06-27,Chennai,69.41,29.33,44.39,12.85,2.28,1.89,11.02,26.84,57.67,9.09
2020-06-28,Chennai,76.82,23.69,72.21,15.46,7.39,3.92,6.74,21.67,60.64,5.42
2020-06-29,Chennai,71.43,24.56,31.52,11.46,4.96,4.11,10.4,26.12,74.16,10.47
2020-06-30,Chennai,73.88,23.25,48.0,10.92,3.23,2.27,10.68,27.35,55.29,10.91
2020-07-01,Chennai,95.45,39.6,66.83,17.59,7.32,6.41,6.96,32.26,55.78,7.86
2020-07-02,Chennai,94.83,35.1,53.88,22.99,6.66,5.59,10.44,27.72,57.11,8.77
2020-07-03,Chennai,84.88,37.1,45.16,21.01,8.15,4.02,7.4,25.02,53.4,13.35
2020-07-04,Chennai,101.25,42.65,60.04,18.32,6.66,3.91,11.63,24.95,61.79,3.57
2020-07-05,Chennai,98.63,37.17,34.51,11.25,9.32,5.89,7.27,23.42,58.92,11.23
2020-07-06,Chennai,85.17,41.72,52.33,11.99,3.93,4.37,18.52,28.1,59.33,8.91
2020-07-07,Chennai,65.48,22.75,36.43,10.26,5.54,4.28,11.71,25.62,53.11,5.12
2020-07-08,Chennai,101.81,36.28,62.97,9.19,8.13,6.5,14.88,22.83,54.28,10.42
2020-07-09,Chennai,92.78,38.64,53.7,12.15,7.58,4.34,14.27,27.44,50.59,4.32
2020-07-10,Chennai,91.44,43.32,56.19,10.32,9.28,4.91,19.79,22.84,62.63,3.65
2020-07-11,Chennai,84.99,40.98,58.55,17.56,9.02,4.15,5.51,21.57,47.94,5.24
2020-07-12,Chennai,104.02,43.74,62.03,14.93,6.74,3.43,13.21,24.34,51.45,6.4
2020-07-13,Chennai,98.94,47.29,68.64,10.39,7.75,6.4,11.01,22.23,61.53,10.96
2020-07-14,Chennai,91.02,41.09,52.52,15.64,10.27,4.5,9.31,26.56,65.96,14.35
2020-07-15,Chennai,77.05,28.95,44.04,8.47,6.4,2.78,7.14,24.8,57.34,2.57
2020-07-16,Chennai,112.31,52.78,58.69,13.96,6.51,4.95,9.89,19.91,42.74,8.39
2020-07-17,Chennai,106.22,43.65,81.69,17.39,7.5,4.11,12.36,23.71,52.21,8.18
2020-07-18,Chennai,101.82,50.22,58.02,9.61,9.89,5.41,5.38,23.48,49.41,9.32
2020-07-19,Chennai,58.98,33.13,33.97,12.1,2.26,1.43,15.15,22.96,57.25,11.46
2020-07-20,Chennai,99.11,37.0,66.07,16.89,5.34,6.47,17.12,18.02,54.74,7.31
2020-07-21,Chennai,96.89,45.85,46.85,25.34,7.4,5.58,17.18,21.12,52.84,6.49
2020-07-22,Chennai,92.06,32.4,57.41,13.4,6.35,4.15,13.35,19.15,51.85,10.7
2020-07-23,Chennai,113.48,46.63,59.69,16.95,9.95,6.66,10.6,19.71,49.29,6.06
2020-07-24,Chennai,113.71,47.51,72.98,20.21,8.91,4.28,16.32,21.7,52.75,4.15
2020-07-25,Chennai,110.35,43.16,56.66,18.0,7.97,5.0,7.09,24.15,50.84,8.26
2020-07-26,Chennai,120.18,44.39,58.9,16.43,8.87,6.3,13.0,18.75,44.3,8.15
2020-07-27,Chennai,90.08,32.05,64.61,13.96,8.33,4.25,11.61,18.08,45.61,8.05
2020-07-28,Chennai,99.4,42.61,44.07,13.41,11.64,5.45,18.08,18.69,48.9,10.9
2020-07-29,Chennai,108.12,46.36,64.12,12.43,10.96,7.92,6.69,24.65,48.54,7.0
2020-07-30,Chennai,98.45,40.73,49.42,14.66,4.65,5.4,20.75,18.37,49.73,7.64
2020-07-31,Chennai,119.46,52.72,74.92,20.68,8.54,6.41,0.86,22.14,44.19,7.02
2020-08-01,Chennai,101.49,44.32,48.6,18.49,7.87,6.53,8.57,14.55,49.83,9.76
2020-08-02,Chennai,129.56,55.18,68.65,14.56,9.74,6.99,17.41,24.56,47.81,2.47
2020-08-03,Chennai,96.87,44.73,59.68,15.38,9.28,6.11,11.53,23.22,52.15,6.03
2020-08-04,Chennai,143.56,56.26,91.07,19.41,13.26,7.34,18.75,23.87,50.88,8.21
2020-08-05,Chennai,142.76,56.69,84.58,22.35,14.15,6.53,14.38,23.26,45.98,8.65
2020-08-06,Chennai,111.63,41.69,53.54,17.34,11.16,5.52,7.47,19.59,44.74,0.14
2020-08-07,Chennai,130.96,51.98,82.72,23.18,13.99,7.2,19.45,15.27,56.35,11.8
2020-08-08,Chennai,108.47,41.55,70.54,18.01,11.62,5.27,10.03,17.51,52.45,2.24
2020-08-09,Chennai,130.38,37.17,85.38,20.38,10.47,5.21,8.81,16.94,49.5,6.24
2020-08-10,Chennai,113.24,49.8,60.31,15.43,10.47,5.29,12.28,16.78,43.28,9.06
2020-08-11,Chennai,97.28,41.33,60.19,12.74,7.38,6.46,5.99,24.24,47.66,7.46
2020-08-12,Chennai,64.25,30.47,22.01,13.78,8.86,4.3,0.0,20.74,55.13,12.63
2020-08-13,Chennai,113.87,38.51,76.45,22.47,9.17,4.24,16.98,21.48,45.94,4.43
2020-08-14,Chennai,122.74,54.01,67.5,19.6,12.94,4.48,18.36,17.57,45.48,9.54
2020-08-15,Chennai,139.16,51.81,74.1,15.52,13.6,6.59,18.98,16.61,40.33,9.96
2020-08-16,Chennai,120.39,49.8,70.34,18.96,7.71,7.08,19.62,20.22,44.03,8.18
2020-08-17,Chennai,135.51,62.05,91.55,26.31,9.28,5.91,16.8,19.04,44.94,6.83
2020-08-18,Chennai,114.27,52.04,67.84,13.49,6.94,5.96,25.72,14.78,43.83,15.21
2020-08-19,Chennai,116.62,44.23,73.62,23.12,7.43,5.52,12.06,13.03,53.02,6.24
2020-08-20,Chennai,138.08,50.85,79.29,23.5,11.27,6.11,18.21,19.91,44.83,7.3
2020-08-21,Chennai,85.88,39.43,50.1,17.71,5.36,3.51,6.69,16.64,44.73,4.02
2020-08-22,Chennai,123.62,49.93,78.69,14.15,8.85,6.75,10.48,16.3,49.94,13.39
2020-08-23,Chennai,117.98,49.39,69.44,16.19,11.26,7.03,9.53,19.87,41.25,5.42
2020-08-24,Chennai,144.94,57.21,94.9,22.67,12.16,7.6,19.26,16.7,47.24,6.02
2020-08-25,Chennai,117.14,50.11,77.14,19.67,10.87,6.32,18.75,10.12,48.14,13.93
2020-08-26,Chennai,133.34,50.22,74.13,23.86,8.81,6.0,16.68,14.44,48.04,5.63
2020-08-27,Chennai,139.92,57.77,86.23,25.98,13.52,6.47,11.73,19.25,40.21,6.99
2020-08-28,Chennai,104.21,36.38,67.96,13.69,8.27,5.19,13.24,18.63,42.07,5.78
2020-08-29,Chennai,124.99,40.7,75.82,18.28,8.58,6.31,18.42,19.88,35.42,6.92
2020-08-30,Chennai,121.08,53.24,85.42,15.71,12.44,4.7,19.12,15.61,50.73,6.61
2020-08-31,Chennai,142.21,55.34,84.26,16.72,7.85,7.62,21.02,18.19,36.47,9.44
2020-09-01,Chennai,138.59,50.49,86.42,24.18,11.82,8.4,16.03,15.63,42.9,3.97
2020-09-02,Chennai,125.4,48.15,72.72,17.96,10.57,4.79,10.47,19.6,32.36,9.85
2020-09-03,Chennai,113.61,43.58,69.45,21.72,8.83,6.31,13.87,15.79,41.07,10.1
2020-09-04,Chennai,145.3,54.46,78.13,22.02,12.01,5.44,17.39,12.36,45.22,2.59
2020-09-05,Chennai,129.11,61.27,74.76,16.77,9.76,7.01,19.06,15.14,34.74,4.36
2020-09-06,Chennai,106.23,43.93,71.64,19.29,8.83,6.28,20.4,19.46,46.4,5.58
2020-09-07,Chennai,107.89,47.97,68.43,18.14,11.15,5.75,12.54,12.61,40.17,8.64
2020-09-08,Chennai,137.8,56.51,84.63,23.55,12.75,6.83,13.15,16.91,52.75,8.96
2020-09-09,Chennai,112.44,43.5,71.75,18.65,10.16,6.99,15.04,19.67,42.54,12.54
2020-09-10,Chennai,159.8,69.95,103.25,26.34,17.39,9.07,15.78,16.37,39.94,14.19
2020-09-11,Chennai,118.16,53.52,87.15,15.44,11.66,4.54,7.81,14.38,48.71,5.02
2020-09-12,Chennai,132.51,52.92,89.02,22.42,15.03,6.63,14.14,12.23,39.19,4.69
2020-09-13,Chennai,135.19,45.09,96.82,20.43,16.0,5.92,14.51,13.14,37.72,10.62
2020-09-14,Chennai,122.14,51.69,80.28,22.35,11.99,5.1,12.56,15.78,59.46,10.32
2020-09-15,Chennai,99.74,40.43,65.23,13.15,8.5,5.94,11.85,13.1,40.34,7.04
2020-09-16,Chennai,136.44,47.79,77.29,16.29,8.44,5.68,20.19,19.79,32.96,12.74
2020-09-17,Chennai,122.51,43.37,79.48,19.15,11.07,4.96,7.45,12.87,42.69,13.87
2020-09-18,Chennai,135.77,49.16,80.67,18.12,10.83,4.86,22.28,15.31,45.07,7.3
2020-09-19,Chennai,132.39,53.91,88.46,20.25,10.93,5.83,13.75,12.17,36.72,11.75
2020-09-20,Chennai,138.36,64.39,73.04,21.94,10.43,8.31,17.14,15.15,36.62,3.4
2020-09-21,Chennai,158.01,67.01,97.63,24.83,11.44,7.75,22.12,18.09,34.39,6.1
2020-09-22,Chennai,126.54,43.67,77.53,21.63,9.57,5.66,13.84,22.03,46.19,10.19
2020-09-23,Chennai,127.84,52.74,76.6,16.46,8.1,5.82,11.53,13.27,39.67,7.92
2020-09-24,Chennai,110.02,40.9,69.97,15.94,9.23,4.76,15.97,13.46,48.18,7.33
2020-09-25,Chennai,132.19,52.4,84.06,22.26,12.41,8.38,18.51,14.85,37.45,7.6
2020-09-26,Chennai,141.36,63.96,73.72,18.75,10.87,6.24,15.33,20.45,38.58,9.23
2020-09-27,Chennai,128.04,42.93,68.01,22.0,13.58,6.62,14.14,16.51,27.05,8.69
2020-09-28,Chennai,141.61,51.41,91.32,14.66,10.07,7.04,13.95,13.88,44.54,7.93
2020-09-29,Chennai,132.75,48.45,87.18,20.67,11.21,5.75,5.74,12.29,34.97,6.16
2020-09-30,Chennai,115.92,42.16,70.45,20.03,11.43,6.63,10.32,15.18,47.83,3.25
2020-10-01,Chennai,140.16,62.8,76.13,21.91,12.04,7.2,25.73,14.1,31.8,9.07
2020-10-02,Chennai,132.4,52.11,83.88,22.51,10.52,7.06,16.47,20.38,38.15,5.94
2020-10-03,Chennai,137.32,59.33,74.96,21.78,10.65,6.76,26.23,18.71,45.12,9.59
2020-10-04,Chennai,126.96,47.33,78.27,20.79,10.55,6.44,13.65,15.84,37.4,10.11
2020-10-05,Chennai,125.6,40.16,86.23,14.9,7.91,6.69,17.23,21.26,41.53,7.88
2020-10-06,Chennai,137.74,56.05,95.37,27.93,10.65,7.43,16.23,14.76,49.48,5.22
2020-10-07,Chennai,131.85,41.07,81.65,23.38,10.99,7.09,18.83,15.39,42.9,9.62
2020-10-08,Chennai,161.1,54.65,97.57,19.45,12.81,7.56,23.47,15.81,42.52,7.43
2020-10-09,Chennai,147.12,64.11,75.49,19.38,14.34,6.92,9.07,19.46,45.59,10.13
2020-10-10,Chennai,143.2,57.75,99.21,25.26,14.55,7.86,17.68,13.93,33.91,9.51
2020-10-11,Chennai,132.24,55.82,76.55,21.68,9.91,7.48,12.34,11.99,39.11,10.49
2020-10-12,Chennai,104.37,35.96,71.02,10.73,7.86,3.81,2.09,16.29,39.48,3.81
2020-10-13,Chennai,122.5,46.42,77.03,17.27,9.4,5.73,12.37,13.44,37.32,5.74
2020-10-14,Chennai,124.74,44.81,71.8,16.79,7.84,7.0,19.9,15.26,40.85,5.92
2020-10-15,Chennai,130.14,57.39,91.99,19.03,9.37,6.85,16.13,13.8,42.95,10.81
2020-10-16,Chennai,133.57,49.5,100.48,15.44,8.98,6.91,25.02,13.65,35.36,9.65
2020-10-17,Chennai,143.7,56.24,91.54,21.34,9.78,9.53,5.43,20.85,45.44,5.76
2020-10-18,Chennai,137.73,64.45,71.67,23.68,6.85,5.74,11.93,13.19,40.93,5.52
2020-10-19,Chennai,150.78,50.13,94.18,22.76,12.88,7.71,21.91,15.26,46.04,5.67
2020-10-20,Chennai,128.46,47.79,88.09,23.34,11.42,5.53,11.54,19.53,47.45,7.81
2020-10-21,Chennai,136.73,66.4,85.71,17.19,10.39,6.84,16.75,19.35,36.42,4.01
2020-10-22,Chennai,137.75,58.11,78.59,27.93,12.91,6.36,21.38,17.85,44.49,7.63
2020-10-23,Chennai,135.98,56.5,64.77,24.35,4.01,6.36,9.94,14.22,41.08,4.41
2020-10-24,Chennai,151.22,46.61,92.39,28.94,11.39,8.52,24.16,10.09,39.29,4.17
2020-10-25,Chennai,143.72,53.46,99.85,22.23,13.08,7.14,12.4,17.89,47.98,8.95
2020-10-26,Chennai,111.54,47.06,57.05,18.85,11.62,5.98,6.2,20.84,37.14,9.16
2020-10-27,Chennai,129.27,56.47,86.2,13.99,10.58,6.51,21.27,17.38,49.25,9.62
2020-10-28,Chennai,130.41,51.79,79.8,24.13,7.84,7.43,13.14,13.55,47.28,5.35
2020-10-29,Chennai,162.52,66.89,93.6,17.31,13.96,8.25,11.86,14.06,33.28,10.2
2020-10-30,Chennai,124.91,56.9,81.74,21.7,8.96,6.79,14.95,16.8,47.27,11.53
2020-10-31,Chennai,114.72,43.94,57.57,16.65,8.74,6.02,17.1,10.58,39.3,5.11
2020-11-01,Chennai,135.61,60.5,79.7,18.8,11.93,6.19,16.21,21.85,51.76,6.78
2020-11-02,Chennai,136.07,53.51,76.69,14.63,12.96,9.22,14.55,14.05,41.64,8.26
2020-11-03,Chennai,127.06,45.15,72.57,22.1,10.42,7.62,16.71,13.33,40.31,8.75
2020-11-04,Chennai,124.41,44.15,64.63,15.09,10.98,5.85,19.66,14.0,31.09,7.61
2020-11-05,Chennai,141.49,64.83,85.17,17.11,8.07,8.27,13.75,21.41,46.84,5.69
2020-11-06,Chennai,113.97,51.42,60.99,12.75,7.38,6.47,18.23,15.7,34.43,3.33
2020-11-07,Chennai,121.17,43.13,62.35,18.97,13.57,6.85,10.03,14.9,41.48,9.17
2020-11-08,Chennai,117.96,55.04,67.03,22.31,13.64,5.55,12.65,16.01,44.49,6.93
2020-11-09,Chennai,141.68,61.09,72.62,19.65,11.99,7.95,25.78,13.33,41.13,1.2
2020-11-10,Chennai,129.03,46.06,63.27,17.79,9.87,6.92,14.29,18.72,45.18,4.9
2020-11-11,Chennai,108.24,34.86,69.61,21.18,13.73,6.35,18.82,18.8,46.34,8.33
2020-11-12,Chennai,109.2,43.15,70.38,14.82,8.44,4.28,15.0,14.65,45.23,9.5
2020-11-13,Chennai,151.21,63.41,96.9,22.04,13.07,7.07,10.26,19.24,46.78,11.04
2020-11-14,Chennai,138.79,55.39,70.45,20.54,12.88,7.42,16.07,12.77,40.4,9.43
2020-11-15,Chennai,134.59,45.51,78.21,20.3,13.07,7.34,20.0,18.79,41.54,6.16
2020-11-16,Chennai,121.56,43.96,77.66,16.15,8.94,6.1,21.15,19.98,42.15,8.46
2020-11-17,Chennai,143.4,65.62,90.96,16.72,9.64,6.18,22.97,21.9,43.13,6.06
2020-11-18,Chennai,103.61,41.67,62.76,12.65,7.79,3.73,17.52,12.97,37.65,9.31
2020-11-19,Chennai,130.84,46.15,74.49,19.81,11.82,6.32,22.82,18.38,52.72,8.84
2020-11-20,Chennai,112.26,55.56,75.82,16.97,10.24,5.35,12.39,14.6,42.99,14.18
2020-11-21,Chennai,114.54,39.8,63.48,16.9,9.04,6.11,11.87,19.98,53.0,11.8
2020-11-22,Chennai,128.51,50.07,82.0,15.84,8.84,5.25,15.24,16.2,39.96,6.84
2020-11-23,Chennai,114.81,37.28,79.5,15.55,11.16,5.25,9.0,22.44,48.27,13.66
2020-11-24,Chennai,109.78,41.58,62.31,19.48,10.81,5.64,26.51,18.21,41.76,4.99
2020-11-25,Chennai,108.19,41.9,77.07,15.67,11.79,5.84,17.32,20.35,50.28,10.26
2020-11-26,Chennai,85.14,31.22,46.64,13.82,10.69,2.72,2.1,18.54,53.82,8.15
2020-11-27,Chennai,125.69,44.43,76.05,13.65,11.31,5.98,14.75,20.76,49.98,6.38
2020-11-28,Chennai,98.44,44.54,65.44,9.44,7.41,3.84,6.74,21.23,47.14,7.57
2020-11-29,Chennai,140.71,52.93,87.39,23.14,15.6,6.85,11.09,18.25,53.77,5.68
2020-11-30,Chennai,107.8,35.71,58.67,14.57,6.46,5.61,12.62,22.28,47.6,9.67
2020-12-01,Chennai,131.03,49.95,69.58,18.03,7.25,8.34,16.29,17.68,48.24,0.65
2020-12-02,Chennai,83.52,40.58,60.81,12.85,7.32,2.91,5.24,15.12,49.62,11.18
2020-12-03,Chennai,120.89,46.44,75.32,21.07,6.42,7.89,19.14,21.91,55.35,10.91
2020-12-04,Chennai,124.0,51.06,85.83,17.24,10.84,7.52,4.12,21.83,54.66,2.87
2020-12-05,Chennai,127.97,52.6,70.43,20.39,10.05,5.45,19.8,19.42,52.69,11.94
2020-12-06,Chennai,84.74,29.31,50.91,11.22,6.23,6.39,12.0,21.77,54.28,9.29
2020-12-07,Chennai,96.35,29.41,76.19,10.06,11.17,5.44,12.29,20.07,65.0,9.81
2020-12-08,Chennai,114.77,46.0,64.58,15.25,9.28,4.81,16.49,19.21,57.31,10.95
2020-12-09,Chennai,107.57,42.75,69.19,18.03,5.68,7.11,11.89,23.39,56.22,0.53
2020-12-10,Chennai,108.96,40.3,72.1,16.53,10.1,5.54,17.99,21.81,60.05,5.06
2020-12-11,Chennai,98.37,38.71,54.28,15.92,7.31,4.69,8.99,20.24,53.2,1.94
2020-12-12,Chennai,126.25,38.99,76.22,10.63,9.71,5.94,17.32,19.77,61.42,10.54
2020-12-13,Chennai,141.31,48.96,82.51,25.78,9.91,7.01,22.57,20.33,59.52,5.27
2020-12-14,Chennai,102.94,26.74,71.59,16.76,9.24,4.05,8.3,25.57,55.45,7.65
2020-12-15,Chennai,107.38,44.06,76.5,18.28,7.64,3.97,15.24,19.51,48.65,11.95
2020-12-16,Chennai,100.61,44.61,63.45,11.38,11.63,6.06,10.86,20.9,55.29,6.56
2020-12-17,Chennai,118.21,58.35,67.84,14.53,12.63,5.34,17.33,24.64,54.93,5.08
2020-12-18,Chennai,110.57,43.99,56.98,16.51,10.39,7.25,8.92,22.03,52.94,8.82
2020-12-19,Chennai,81.32,24.92,41.36,7.12,3.63,3.41,16.44,23.99,56.22,12.04
2020-12-20,Chennai,87.3,36.84,56.2,11.68,5.71,3.05,8.07,22.28,57.96,7.89
2020-12-21,Chennai,80.53,30.38,41.02,13.28,5.45,4.38,2.01,24.3,60.31,9.86
2020-12-22,Chennai,135.26,53.12,88.48,16.47,10.64,6.57,20.38,17.4,51.62,13.24
2020-12-23,Chennai,103.53,29.26,68.64,13.43,8.79,6.59,13.6,27.93,54.79,6.92
2020-12-24,Chennai,84.24,37.63,47.03,14.43,9.11,5.08,3.79,22.77,59.01,7.27
2020-12-25,Chennai,82.2,33.28,51.68,10.75,6.19,2.93,7.95,19.39,58.52,7.42
2020-12-26,Chennai,103.58,36.85,76.43,14.8,8.86,4.54,10.77,25.11,56.62,8.01
2020-12-27,Chennai,104.23,45.73,58.4,11.64,5.29,6.65,16.23,26.28,56.44,4.0
2020-12-28,Chennai,101.79,39.31,60.33,11.87,5.2,3.36,14.84,20.87,60.51,6.81
2020-12-29,Chennai,82.6,35.99,52.25,11.69,6.87,4.02,7.45,27.6,57.2,7.74
2020-12-30,Chennai,92.73,30.02,57.83,12.08,6.46,3.8,10.63,18.81,63.07,7.88
2020-12-31,Chennai,88.96,33.25,40.99,14.64,5.85,5.75,12.62,29.6,60.68,11.23
2021-01-01,Chennai,72.42,31.28,39.84,11.42,4.13,5.69,8.29,25.25,62.29,4.74
2021-01-02,Chennai,71.72,35.3,34.83,7.0,5.4,2.31,14.85,24.65,44.58,8.6
2021-01-03,Chennai,90.96,39.15,51.2,9.58,7.07,4.07,7.01,22.32,61.81,10.71
2021-01-04,Chennai,86.89,37.06,38.31,14.88,8.5,5.74,6.63,25.52,64.21,6.42
2021-01-05,Chennai,91.4,39.32,54.65,11.17,5.79,5.82,6.98,22.36,63.44,7.91
2021-01-06,Chennai,94.13,31.09,52.32,11.67,6.25,7.23,10.09,23.39,72.17,10.66
2021-01-07,Chennai,103.92,45.19,55.69,19.16,9.95,5.34,5.61,26.14,71.05,8.66
2021-01-08,Chennai,68.96,25.7,39.55,9.87,3.92,3.41,14.05,30.36,58.97,11.83
2021-01-09,Chennai,89.22,39.49,58.6,14.68,5.28,4.06,14.04,22.92,57.88,8.92
2021-01-10,Chennai,90.17,32.12,60.7,11.26,7.7,4.84,8.89,25.99,60.03,7.94
2021-01-11,Chennai,73.43,24.56,42.27,13.26,3.6,3.18,10.88,20.65,73.04,11.14
2021-01-12,Chennai,79.11,23.95,30.63,11.96,4.09,4.92,11.07,27.42,61.25,12.8
2021-01-13,Chennai,72.17,32.63,48.12,14.42,3.74,4.89,7.6,28.22,63.66,2.37
2021-01-14,Chennai,107.28,47.7,49.77,13.19,7.68,3.41,8.47,28.12,63.04,7.21
2021-01-15,Chennai,76.41,25.99,46.21,10.49,2.83,3.62,4.2,30.25,63.15,15.56
2021-01-16,Chennai,80.79,37.15,47.43,13.86,2.28,5.0,6.41,27.99,61.8,6.14
2021-01-17,Chennai,69.26,26.8,42.17,10.31,5.54,1.84,17.64,28.58,67.96,6.98
2021-01-18,Chennai,65.22,21.72,40.34,10.65,7.82,5.34,13.73,22.75,63.8,9.01
2021-01-19,Chennai,52.09,18.83,30.9,1.38,6.0,0.73,0.0,25.17,65.94,3.13
2021-01-20,Chennai,87.32,29.63,61.58,12.76,7.85,3.13,10.26,27.97,62.77,7.85
2021-01-21,Chennai,81.56,23.16,52.45,11.04,6.01,4.93,11.52,27.58,61.49,11.99
2021-01-22,Chennai,64.74,19.19,43.88,4.92,7.01,4.25,0.12,30.05,69.23,10.11
2021-01-23,Chennai,54.97,23.81,25.28,7.59,7.73,1.64,7.89,32.31,62.76,3.75
2021-01-24,Chennai,70.4,21.83,45.4,6.74,5.36,4.89,8.24,26.68,68.66,7.79
2021-01-25,Chennai,59.47,26.05,48.64,10.11,8.83,3.43,4.07,36.04,67.72,4.84
2021-01-26,Chennai,62.85,36.76,31.85,7.11,3.93,3.31,11.27,21.38,73.29,6.34
2021-01-27,Chennai,46.48,16.53,41.61,7.61,4.61,2.28,8.63,34.34,56.59,11.25
2021-01-28,Chennai,67.94,34.91,44.77,8.16,3.13,5.76,4.53,34.19,71.22,14.14
2021-01-29,Chennai,67.5,25.41,27.64,10.13,2.43,6.05,10.62,32.12,73.47,5.92
2021-01-30,Chennai,79.63,31.19,48.66,17.78,4.06,3.25,8.1,27.92,62.58,0.11
2021-01-31,Chennai,60.23,14.96,44.93,9.01,6.49,2.43,6.83,34.93,77.94,10.83
2021-02-01,Chennai,56.77,23.72,38.2,9.63,4.21,2.43,11.3,26.35,77.91,7.17
2021-02-02,Chennai,37.71,8.51,18.26,3.03,1.87,1.29,1.99,29.46,70.44,10.29
2021-02-03,Chennai,76.87,29.52,48.73,11.55,7.23,3.89,6.64,27.77,72.1,11.82
2021-02-04,Chennai,73.06,28.08,38.23,10.19,4.72,2.99,2.99,29.93,72.51,4.75
2021-02-05,Chennai,59.41,19.37,28.06,4.75,2.84,2.77,1.76,30.4,68.1,5.21
2021-02-06,Chennai,38.37,17.23,17.9,4.34,5.67,1.0,10.87,29.9,66.21,6.34
2021-02-07,Chennai,39.42,16.11,33.69,8.31,3.28,3.23,0.0,31.83,73.72,8.97
2021-02-08,Chennai,48.77,11.46,21.13,6.82,6.13,4.35,3.19,27.29,76.52,15.84
2021-02-09,Chennai,70.81,33.86,36.5,19.2,7.04,2.75,16.23,28.74,69.6,10.18
2021-02-10,Chennai,60.04,23.89,36.32,9.12,7.03,0.68,8.34,30.62,69.21,5.73
2021-02-11,Chennai,32.66,0.0,13.21,8.77,4.28,1.44,0.0,34.08,79.78,11.1
2021-02-12,Chennai,60.5,19.36,29.38,14.04,2.42,3.5,0.15,30.84,76.41,7.91
2021-02-13,Chennai,41.24,19.12,14.93,3.73,4.26,2.76,5.83,34.71,65.46,6.6
2021-02-14,Chennai,45.39,27.27,37.5,8.71,3.32,3.3,7.16,27.44,78.97,5.4
2021-02-15,Chennai,67.21,30.68,27.4,14.88,4.83,2.25,5.31,31.11,74.2,11.95
2021-02-16,Chennai,63.54,25.77,20.76,5.84,10.6,3.31,11.43,31.31,69.45,6.56
2021-02-17,Chennai,67.89,27.8,37.05,15.94,4.2,2.34,11.38,35.15,74.86,6.19
2021-02-18,Chennai,50.58,10.73,40.12,10.19,3.17,2.59,5.16,37.36,69.75,6.14
2021-02-19,Chennai,63.63,21.87,40.66,9.71,5.49,2.3,13.58,31.22,81.1,17.42
2021-02-20,Chennai,41.06,12.06,27.37,5.76,7.35,1.77,5.92,33.37,74.89,10.27
2021-02-21,Chennai,45.46,18.65,31.13,7.46,2.43,2.0,7.68,34.46,81.83,13.58
2021-02-22,Chennai,43.92,14.96,27.43,6.01,1.3,2.76,8.38,29.68,73.95,6.58
2021-02-23,Chennai,48.67,11.93,28.91,3.86,4.21,2.7,7.41,34.34,83.68,5.57
2021-02-24,Chennai,28.53,7.62,22.36,3.88,4.53,1.99,11.1,32.84,68.82,9.02
2021-02-25,Chennai,43.97,17.23,30.66,8.58,2.45,1.19,4.69,26.07,76.83,6.78
2021-02-26,Chennai,68.66,31.77,25.31,10.32,8.64,4.11,12.16,34.33,68.32,8.5
2021-02-27,Chennai,30.04,14.06,9.4,4.13,0.0,1.17,1.86,37.61,73.8,7.2
2021-02-28,Chennai,26.05,10.02,10.91,6.07,0.0,2.44,3.08,37.4,63.26,0.69
2021-03-01,Chennai,26.83,9.27,20.15,2.36,3.31,2.32,5.88,33.9,77.65,6.16
2021-03-02,Chennai,85.08,33.75,42.85,10.41,7.83,3.79,7.26,35.02,79.25,7.35
2021-03-03,Chennai,51.72,19.94,34.36,10.66,4.54,1.39,5.32,32.54,72.25,9.49
2021-03-04,Chennai,40.3,19.0,29.99,3.07,3.54,2.01,6.07,34.23,77.62,7.6
2021-03-05,Chennai,45.01,23.54,20.11,6.23,5.76,1.44,2.36,36.12,70.72,9.98
2021-03-06,Chennai,47.03,16.37,31.5,3.39,6.13,1.13,8.54,30.47,87.03,7.79
2021-03-07,Chennai,33.66,23.22,13.65,3.72,5.11,0.26,1.24,35.56,73.05,9.57
2021-03-08,Chennai,35.18,14.92,9.0,8.18,0.29,2.53,4.73,32.78,72.76,8.99
2021-03-09,Chennai,40.25,11.74,33.81,9.77,6.5,2.29,3.21,33.32,76.57,8.74
2021-03-10,Chennai,31.43,14.76,28.71,4.78,0.0,1.16,10.0,29.61,82.25,6.83
2021-03-11,Chennai,36.05,10.0,24.8,10.09,3.57,1.54,0.0,34.04,72.02,7.07
2021-03-12,Chennai,47.02,18.49,9.33,11.22,1.28,2.17,7.78,38.32,74.84,0.47
2021-03-13,Chennai,26.5,15.99,5.91,5.05,2.96,0.0,0.0,33.07,65.99,3.99
2021-03-14,Chennai,80.36,32.76,47.51,12.96,7.33,2.34,4.5,36.79,86.64,5.1
2021-03-15,Chennai,52.27,22.2,37.82,8.55,3.68,1.97,14.21,34.85,81.07,8.97
2021-03-16,Chennai,21.69,4.61,13.42,2.29,1.06,1.4,0.0,31.0,81.74,6.41
2021-03-17,Chennai,10.0,2.27,0.0,4.39,1.85,1.21,2.75,30.11,80.46,6.17
2021-03-18,Chennai,30.02,7.2,22.01,9.48,5.39,2.12,3.48,34.05,74.88,7.19
2021-03-19,Chennai,50.42,24.71,44.84,5.11,0.04,1.99,9.67,40.96,86.03,11.86
2021-03-20,Chennai,47.34,14.69,21.84,3.13,2.46,3.28,12.18,35.82,78.28,4.8
2021-03-21,Chennai,38.17,14.71,24.53,1.34,4.9,1.48,8.03,34.78,81.11,5.89
2021-03-22,Chennai,30.67,10.55,23.54,4.21,0.24,1.65,5.22,38.96,85.45,7.81
2021-03-23,Chennai,26.01,7.67,13.78,2.33,3.09,2.34,8.08,33.64,77.19,6.74
2021-03-24,Chennai,33.42,3.71,10.43,4.91,3.43,2.16,0.89,33.43,78.45,6.86
2021-03-25,Chennai,24.18,13.11,4.04,0.18,1.34,0.0,0.0,30.44,78.63,9.89
2021-03-26,Chennai,33.31,16.58,32.69,5.3,3.14,1.41,3.19,41.18,81.19,9.04
2021-03-27,Chennai,59.19,17.95,38.8,10.85,6.96,3.59,6.6,34.45,79.56,8.32
2021-03-28,Chennai,27.61,17.38,25.14,6.4,6.27,0.0,1.47,34.94,76.59,5.21
2021-03-29,Chennai,48.3,10.73,26.49,9.93,5.41,1.66,6.68,39.06,72.37,7.52
2021-03-30,Chennai,50.57,21.66,30.42,10.14,1.05,1.52,8.8,29.89,84.04,9.35
2021-03-31,Chennai,22.92,12.88,10.0,4.97,0.0,0.73,2.9,32.3,81.09,4.57
2021-04-01,Chennai,26.47,11.93,29.82,0.2,2.07,0.0,0.0,37.11,77.85,10.23
2021-04-02,Chennai,55.18,23.85,32.59,5.19,5.79,3.06,0.51,32.11,66.15,3.9
2021-04-03,Chennai,25.3,8.55,6.73,1.3,4.8,2.29,0.26,37.38,86.07,9.86
2021-04-04,Chennai,38.37,16.84,31.81,8.06,0.64,1.73,2.4,38.45,77.08,5.74
2021-04-05,Chennai,69.9,33.09,44.02,16.82,3.87,2.98,12.88,31.14,86.56,4.38
2021-04-06,Chennai,54.08,24.68,17.71,8.25,1.59,4.63,2.2,32.48,82.61,6.2
2021-04-07,Chennai,40.76,19.81,18.77,3.75,3.21,0.82,6.48,37.58,82.67,9.93
2021-04-08,Chennai,52.21,11.26,27.63,7.15,7.09,2.03,0.0,31.92,76.56,1.53
2021-04-09,Chennai,38.89,20.4,10.77,7.17,0.93,3.45,3.56,33.47,82.46,4.98
2021-04-10,Chennai,55.14,24.93,29.23,6.49,4.24,1.67,5.85,35.91,68.23,11.27
2021-04-11,Chennai,10.0,8.08,0.0,0.0,2.48,1.26,3.69,30.58,88.86,5.73
2021-04-12,Chennai,38.1,16.44,24.88,10.49,3.3,2.32,4.26,31.24,68.07,8.1
2021-04-13,Chennai,10.0,0.0,8.8,1.95,1.05,0.0,5.35,36.22,73.68,14.21
2021-04-14,Chennai,43.0,16.15,15.13,4.17,0.42,3.51,9.48,36.98,82.28,11.75
2021-04-15,Chennai,37.25,13.69,25.73,3.15,2.67,2.31,0.0,32.86,80.27,7.77
2021-04-16,Chennai,61.43,22.31,41.57,7.09,2.47,4.26,11.54,32.88,79.02,10.54
2021-04-17,Chennai,51.94,21.0,35.41,9.22,3.52,3.11,2.37,35.82,78.9,6.92
2021-04-18,Chennai,33.63,7.22,21.23,5.16,1.01,0.08,0.0,33.82,80.71,13.55
2021-04-19,Chennai,35.7,14.06,8.42,4.73,5.36,1.1,8.76,35.06,82.31,13.58
2021-04-20,Chennai,47.79,9.93,35.85,6.88,1.93,2.29,12.5,38.49,68.96,5.69
2021-04-21,Chennai,33.79,18.23,20.1,5.01,0.0,0.94,0.0,29.47,72.57,5.22
2021-04-22,Chennai,42.21,13.08,18.59,9.39,1.56,3.54,3.13,35.69,81.09,5.31
2021-04-23,Chennai,62.77,23.47,33.64,10.53,4.76,2.39,8.01,35.33,87.86,8.2
2021-04-24,Chennai,30.93,12.42,21.98,1.79,0.0,1.23,8.0,37.94,69.09,10.0
2021-04-25,Chennai,37.01,3.88,25.88,6.75,0.0,2.85,11.42,33.99,79.06,12.44
2021-04-26,Chennai,39.48,10.16,14.88,3.4,3.23,2.01,2.52,33.2,75.51,6.52
2021-04-27,Chennai,91.84,32.89,49.02,7.77,6.9,2.64,14.02,32.35,77.47,6.88
2021-04-28,Chennai,53.99,20.38,42.5,4.04,1.07,2.82,4.5,35.04,81.5,4.68
2021-04-29,Chennai,62.26,27.92,29.18,9.56,2.51,3.25,7.39,30.57,70.97,10.25
2021-04-30,Chennai,57.22,20.62,42.43,6.95,7.18,1.91,12.76,34.32,79.6,4.99
2021-05-01,Chennai,58.67,27.11,41.31,7.83,0.43,1.82,2.59,35.07,75.11,6.66
2021-05-02,Chennai,53.69,18.64,43.97,8.19,4.69,2.06,6.32,30.7,78.98,4.56
2021-05-03,Chennai,52.52,24.73,25.63,10.72,8.02,2.63,11.55,35.8,69.92,8.33
2021-05-04,Chennai,25.76,12.81,20.24,4.4,2.39,1.29,3.62,29.78,75.72,3.64
2021-05-05,Chennai,53.37,18.86,27.3,6.04,2.17,2.94,5.13,32.1,69.68,7.11
2021-05-06,Chennai,46.88,24.48,37.41,8.15,3.16,2.9,2.96,32.37,72.81,10.73
2021-05-07,Chennai,57.19,26.78,34.04,13.77,5.4,3.22,7.86,29.38,71.86,7.84
2021-05-08,Chennai,48.47,19.16,33.8,5.27,4.02,2.51,6.33,33.11,69.11,1.22
2021-05-09,Chennai,61.52,19.9,32.66,5.69,4.81,4.17,10.29,34.36,80.85,5.23
2021-05-10,Chennai,64.72,23.6,43.75,8.28,4.34,5.1,8.15,38.15,66.6,6.11
2021-05-11,Chennai,10.0,6.04,6.75,0.0,0.34,2.97,2.19,34.56,72.28,8.73
2021-05-12,Chennai,45.24,18.03,36.09,10.05,4.43,2.33,0.0,27.5,75.69,10.62
2021-05-13,Chennai,24.47,16.45,7.56,0.0,3.82,0.41,0.0,31.05,72.5,11.96
2021-05-14,Chennai,56.5,26.93,28.0,12.67,4.77,3.89,12.09,31.62,77.68,6.78
2021-05-15,Chennai,49.01,24.26,30.13,10.23,6.97,3.0,5.51,32.07,59.81,5.86
2021-05-16,Chennai,74.47,34.45,52.44,8.97,6.29,3.53,11.7,38.8,77.9,5.99
2021-05-17,Chennai,57.87,22.76,45.94,4.45,3.4,3.6,12.12,33.88,71.08,9.61
2021-05-18,Chennai,48.11,21.32,31.67,6.93,3.96,1.5,15.69,32.4,76.61,7.35
2021-05-19,Chennai,70.12,32.27,31.68,5.28,5.55,5.56,13.25,29.38,76.2,6.09
2021-05-20,Chennai,51.92,22.9,35.19,10.57,1.02,1.33,5.93,28.58,67.81,8.82
2021-05-21,Chennai,49.89,15.38,48.0,5.88,3.45,2.79,0.0,33.08,74.81,6.95
2021-05-22,Chennai,63.94,26.95,41.79,13.9,10.12,2.14,2.48,31.73,62.45,9.95
2021-05-23,Chennai,82.92,33.73,52.69,11.53,7.14,4.62,10.75,27.25,73.44,13.56
2021-05-24,Chennai,72.22,30.09,44.43,15.51,4.29,4.5,6.55,34.41,76.3,6.76
2021-05-25,Chennai,68.62,26.12,49.0,4.73,4.61,4.05,7.0,31.42,61.83,5.44
2021-05-26,Chennai,102.09,44.24,55.25,11.41,10.29,5.62,7.9,31.29,66.48,7.54
2021-05-27,Chennai,50.57,21.11,23.87,9.81,5.84,2.79,7.72,26.38,78.29,7.73
2021-05-28,Chennai,50.96,15.71,31.74,9.88,5.1,1.46,9.15,30.41,73.7,5.6
2021-05-29,Chennai,65.2,31.31,40.58,13.35,2.15,1.86,6.86,34.86,80.72,5.33
2021-05-30,Chennai,86.49,34.86,53.13,15.13,8.69,3.21,10.64,24.28,74.67,6.98
2021-05-31,Chennai,50.39,14.13,32.9,6.45,6.55,1.63,14.94,32.72,76.76,4.91
2021-06-01,Chennai,91.6,45.58,45.26,13.11,9.94,5.09,6.03,33.42,71.72,6.75
2021-06-02,Chennai,44.46,10.07,30.15,6.18,3.87,0.64,3.66,31.3,79.11,7.38
2021-06-03,Chennai,65.0,33.22,45.3,10.45,3.18,2.28,10.27,28.13,66.35,7.46
2021-06-04,Chennai,70.21,27.26,49.33,9.01,7.22,3.95,1.73,30.44,55.78,5.31
2021-06-05,Chennai,55.15,24.38,33.01,2.97,2.17,0.15,1.25,31.14,66.02,8.51
2021-06-06,Chennai,59.87,24.02,36.18,12.05,4.38,3.9,0.0,32.58,62.05,4.78
2021-06-07,Chennai,81.94,29.25,57.84,9.62,5.24,3.14,10.85,31.32,76.71,15.2
2021-06-08,Chennai,92.42,40.22,58.38,10.21,11.21,4.84,9.93,30.1,64.69,0.99
2021-06-09,Chennai,39.9,18.82,34.68,7.66,3.18,2.01,5.48,29.2,67.25,8.08
2021-06-10,Chennai,75.14,37.83,48.86,11.59,7.33,4.42,12.8,26.35,64.83,5.56
2021-06-11,Chennai,71.56,32.46,48.68,6.91,6.51,4.95,7.65,29.4,70.56,4.04
2021-06-12,Chennai,75.7,31.04,55.6,9.58,7.72,3.81,6.39,28.0,63.96,5.34
2021-06-13,Chennai,70.17,26.8,42.65,10.03,5.08,3.73,10.55,24.7,65.0,2.08
2021-06-14,Chennai,56.41,21.75,35.05,10.17,4.82,3.37,7.03,25.94,60.35,7.21
2021-06-15,Chennai,99.74,36.07,58.89,13.49,8.82,5.04,13.76,29.13,64.71,7.64
2021-06-16,Chennai,94.85,40.45,76.48,11.26,7.67,3.55,11.3,25.61,64.67,8.47
2021-06-17,Chennai,76.75,28.25,31.78,15.79,7.82,3.71,5.63,27.73,66.75,10.31
2021-06-18,Chennai,71.84,33.05,51.51,5.55,5.14,4.59,4.93,30.96,73.66,11.57
2021-06-19,Chennai,70.88,31.66,38.95,11.48,2.98,2.76,5.66,27.32,62.31,8.78
2021-06-20,Chennai,42.1,21.23,19.58,6.76,2.54,2.3,7.8,29.73,67.28,9.24
2021-06-21,Chennai,87.06,27.72,43.59,10.59,7.68,3.06,11.8,27.59,53.92,4.74
2021-06-22,Chennai,94.32,42.95,62.17,11.6,5.48,2.27,17.2,26.75,72.67,7.42
2021-06-23,Chennai,85.56,35.64,58.47,17.75,7.85,4.28,10.38,23.32,61.01,8.15
2021-06-24,Chennai,83.07,40.14,46.4,15.65,6.48,5.4,12.67,28.12,67.47,10.5
2021-06-25,Chennai,87.24,40.21,69.4,17.94,7.91,3.92,11.93,20.34,66.38,4.82
2021-06-26,Chennai,73.31,34.94,59.83,6.64,5.76,2.6,1.88,25.63,65.07,10.26
2021-06-27,Chennai,79.5,32.57,34.38,12.29,3.37,2.55,5.55,28.92,64.27,8.97
2021-06-28,Chennai,85.37,29.84,48.12,8.7,9.56,6.47,12.47,27.8,60.41,3.14
2021-06-29,Chennai,99.2,35.46,55.8,13.72,6.71,5.01,8.5,31.93,54.03,10.66
2021-06-30,Chennai,110.31,42.82,69.89,18.07,9.14,4.38,11.91,25.77,61.05,4.93
2021-07-01,Chennai,87.07,41.29,32.29,12.31,5.12,4.54,14.52,20.87,71.94,8.61
2021-07-02,Chennai,75.72,32.2,33.91,11.22,8.0,4.0,9.65,24.76,52.94,3.85
2021-07-03,Chennai,92.81,42.97,62.74,17.01,5.78,4.48,16.06,21.06,65.13,6.24
2021-07-04,Chennai,123.32,45.05,73.74,15.15,6.07,6.24,16.94,28.22,62.17,13.9
2021-07-05,Chennai,79.66,38.67,53.7,13.36,8.83,1.77,7.64,18.82,62.11,5.77
2021-07-06,Chennai,108.2,58.38,60.77,16.55,7.85,4.92,8.0,20.39,47.55,9.64
2021-07-07,Chennai,115.83,44.21,84.96,13.64,12.22,7.36,19.01,24.76,56.42,11.83
2021-07-08,Chennai,91.26,32.55,56.92,13.56,5.52,4.84,13.92,21.09,60.07,1.31
2021-07-09,Chennai,87.03,29.56,48.56,14.13,8.7,4.43,12.71,23.23,59.45,9.06
2021-07-10,Chennai,107.03,40.27,61.38,17.86,12.19,6.56,8.33,20.17,54.41,8.3
2021-07-11,Chennai,104.58,42.07,72.67,19.57,8.38,5.0,14.62,26.56,59.51,6.71
2021-07-12,Chennai,110.57,41.17,57.46,17.17,10.09,6.26,17.88,27.64,49.53,9.21
2021-07-13,Chennai,132.12,55.04,78.68,17.33,13.46,6.02,7.08,23.09,54.88,13.57
2021-07-14,Chennai,104.38,44.2,60.19,15.07,7.93,7.44,15.23,18.64,54.51,7.93
2021-07-15,Chennai,84.85,28.4,36.65,14.51,5.18,5.49,10.22,21.27,43.31,11.67
2021-07-16,Chennai,104.59,43.3,59.17,13.02,11.57,4.17,11.08,24.24,62.31,7.35
2021-07-17,Chennai,108.07,39.55,63.99,18.92,10.9,4.03,13.43,18.06,59.15,9.27
2021-07-18,Chennai,124.3,45.11,86.85,19.65,10.39,6.04,14.88,21.05,50.69,11.69
2021-07-19,Chennai,103.18,38.81,57.7,15.09,11.1,6.29,10.8,25.71,54.61,5.47
2021-07-20,Chennai,100.84,37.96,71.49,21.37,8.71,4.48,11.6,19.58,50.65,5.85
2021-07-21,Chennai,87.24,34.5,53.31,12.64,6.54,5.12,9.55,21.21,52.53,12.63
2021-07-22,Chennai,116.85,44.28,74.88,15.28,10.05,6.39,18.36,20.39,47.52,5.65
2021-07-23,Chennai,159.69,68.7,112.47,26.46,10.25,8.79,15.39,20.34,53.7,9.07
2021-07-24,Chennai,106.95,43.11,59.36,19.22,7.5,6.6,7.4,21.87,46.32,5.5
2021-07-25,Chennai,117.88,44.59,82.89,21.61,11.18,5.93,14.9,24.86,55.63,8.05
2021-07-26,Chennai,103.69,48.91,68.73,16.28,7.38,4.64,11.1,22.28,55.99,3.67
2021-07-27,Chennai,93.49,27.66,48.48,12.8,9.87,4.39,12.24,22.0,46.38,12.38
2021-07-28,Chennai,120.02,44.68,84.49,17.62,8.93,4.89,15.19,27.36,53.26,8.81
2021-07-29,Chennai,114.72,42.55,73.57,17.68,9.05,6.23,6.5,20.14,44.9,8.09
2021-07-30,Chennai,79.29,28.1,42.33,7.89,8.57,3.29,7.02,24.88,53.42,1.9
2021-07-31,Chennai,140.0,62.93,97.19,25.66,12.54,5.9,16.6,15.79,45.94,4.67
2021-08-01,Chennai,122.86,46.01,75.03,17.09,8.85,5.85,20.74,26.48,47.72,9.01
2021-08-02,Chennai,118.49,43.19,77.24,16.34,8.06,7.93,8.79,12.48,53.35,6.9
2021-08-03,Chennai,111.81,41.49,88.94,18.96,8.83,4.88,15.2,14.49,46.8,7.89
2021-08-04,Chennai,124.96,51.05,73.84,16.66,11.84,4.6,13.88,17.99,54.15,6.62
2021-08-05,Chennai,126.39,52.74,78.5,13.45,9.98,4.58,16.57,17.21,54.74,7.46
2021-08-06,Chennai,126.37,46.7,85.42,16.34,11.9,6.79,13.7,15.25,54.73,9.5
2021-08-07,Chennai,137.09,50.98,84.21,23.58,11.19,7.09,20.58,23.73,47.65,3.99
2021-08-08,Chennai,141.21,49.97,79.2,18.38,7.93,8.91,19.06,17.41,47.8,2.64
2021-08-09,Chennai,152.57,66.81,75.94,24.42,8.53,7.21,23.28,13.95,46.95,9.88
2021-08-10,Chennai,110.63,46.57,66.94,18.08,7.63,7.46,6.83,22.2,48.37,9.85
2021-08-11,Chennai,115.26,50.08,73.6,14.86,8.65,4.31,12.64,19.55,50.19,9.17
2021-08-12,Chennai,129.96,43.21,73.48,17.51,7.78,5.66,15.6,22.69,42.13,4.61
2021-08-13,Chennai,113.52,42.41,70.81,20.7,8.91,4.23,8.69,18.88,51.61,13.45
2021-08-14,Chennai,116.59,40.72,71.07,14.4,7.53,4.85,12.65,15.55,58.78,6.62
2021-08-15,Chennai,133.63,58.39,74.9,26.74,11.37,7.52,13.67,21.0,47.81,6.86
2021-08-16,Chennai,140.65,50.86,82.49,20.13,12.99,6.8,9.19,19.88,52.35,3.0
2021-08-17,Chennai,146.9,67.78,99.31,20.14,9.52,8.4,12.15,15.82,39.07,8.02
2021-08-18,Chennai,125.49,57.52,78.29,21.88,9.34,6.37,10.15,17.41,41.68,7.52
2021-08-19,Chennai,135.93,53.23,79.04,26.71,14.41,8.21,23.49,21.85,45.06,7.63
2021-08-20,Chennai,133.21,54.46,78.24,16.86,11.25,5.09,16.54,14.49,44.54,8.57
2021-08-21,Chennai,130.42,50.4,65.13,16.0,11.35,5.96,17.89,17.39,43.73,9.04
2021-08-22,Chennai,118.48,44.02,74.29,16.51,14.55,4.79,12.79,16.3,37.74,10.18
2021-08-23,Chennai,117.13,44.71,51.24,19.66,8.1,5.75,16.76,16.05,42.42,15.39
2021-08-24,Chennai,141.83,45.96,74.81,18.0,14.92,6.45,17.98,15.62,47.09,7.96
2021-08-25,Chennai,119.87,49.21,82.22,19.3,8.12,6.31,24.06,18.63,44.63,3.89
2021-08-26,Chennai,106.23,46.12,70.72,16.87,8.73,8.14,16.17,20.55,44.0,7.61
2021-08-27,Chennai,132.92,56.33,78.69,19.79,11.56,6.13,16.83,16.98,48.31,6.17
2021-08-28,Chennai,155.72,52.29,90.95,24.55,14.39,7.09,20.86,20.05,47.04,5.63
2021-08-29,Chennai,92.46,33.57,58.96,18.74,7.43,4.46,5.62,15.45,39.52,8.08
2021-08-30,Chennai,130.53,44.65,75.69,16.55,12.32,5.67,13.37,17.3,40.64,15.08
2021-08-31,Chennai,145.45,62.83,87.4,22.92,6.92,8.5,19.5,16.15,45.57,10.06
2021-09-01,Chennai,108.41,41.28,68.09,19.41,9.58,5.17,14.2,20.43,46.49,4.51
2021-09-02,Chennai,133.0,56.13,83.43,23.44,10.71,6.28,10.49,14.12,48.44,8.59
2021-09-03,Chennai,119.53,47.31,82.08,21.2,8.09,7.18,7.71,17.5,43.95,11.45
2021-09-04,Chennai,121.92,50.67,71.2,17.79,15.14,6.18,17.02,9.98,37.95,9.56
2021-09-05,Chennai,131.39,44.48,83.23,17.53,8.44,5.84,21.88,16.97,37.38,10.33
2021-09-06,Chennai,120.96,52.53,69.53,21.02,11.69,6.9,11.82,12.36,33.32,6.03
2021-09-07,Chennai,120.08,46.19,69.76,17.87,13.07,5.66,14.22,10.37,52.79,4.05
2021-09-08,Chennai,137.65,51.52,88.15,21.39,14.3,7.6,16.19,18.89,47.32,6.02
2021-09-09,Chennai,172.28,73.73,101.59,25.53,14.07,8.23,18.94,18.65,33.74,4.82
2021-09-10,Chennai,150.57,63.6,89.76,25.56,12.76,6.19,18.32,17.23,42.43,6.6
2021-09-11,Chennai,154.68,60.5,88.32,19.23,9.45,8.12,15.08,17.3,38.17,4.06
2021-09-12,Chennai,151.78,58.67,107.82,22.48,13.43,7.76,12.59,19.86,39.79,4.07
2021-09-13,Chennai,129.64,49.3,76.13,21.69,9.01,9.1,11.81,17.3,31.06,7.63
2021-09-14,Chennai,145.04,59.85,78.07,26.25,12.47,6.93,19.1,13.63,47.08,11.05
2021-09-15,Chennai,157.1,64.71,99.15,19.13,15.5,7.76,22.95,17.61,45.78,4.86
2021-09-16,Chennai,153.3,56.72,109.97,18.44,10.07,7.71,18.58,13.7,43.72,10.71
2021-09-17,Chennai,144.02,57.52,84.27,21.54,10.53,5.5,18.49,17.58,39.79,1.2
2021-09-18,Chennai,149.12,56.79,96.72,18.05,13.32,7.01,17.82,13.18,34.8,12.3
2021-09-19,Chennai,178.46,75.46,112.24,29.5,15.28,9.87,18.76,19.34,46.85,9.14
2021-09-20,Chennai,154.3,60.28,82.79,23.83,15.71,6.55,22.59,13.76,38.41,4.47
2021-09-21,Chennai,137.15,51.1,87.46,22.89,11.44,6.36,12.04,15.33,38.46,8.63
2021-09-22,Chennai,140.92,54.76,82.19,21.62,11.98,8.27,15.56,16.75,49.24,9.72
2021-09-23,Chennai,126.36,56.37,70.85,16.79,9.79,6.27,19.45,12.9,39.73,11.22
2021-09-24,Chennai,177.51,72.08,106.42,27.34,11.95,7.73,14.95,15.69,44.73,10.3
2021-09-25,Chennai,166.47,72.31,111.52,25.4,13.19,9.8,17.17,11.51,38.4,6.63
2021-09-26,Chennai,143.76,57.75,79.46,22.67,10.36,8.42,12.47,14.61,38.39,8.69
2021-09-27,Chennai,175.31,74.76,107.31,25.91,15.41,9.61,22.11,16.18,43.27,3.07
2021-09-28,Chennai,152.15,59.11,94.3,21.95,11.6,7.98,19.85,16.41,36.06,3.75
2021-09-29,Chennai,136.25,58.52,75.81,18.0,9.1,7.96,17.2,16.03,43.46,7.87
2021-09-30,Chennai,156.35,67.6,84.24,20.2,10.23,8.24,20.79,13.58,38.84,11.8
2021-10-01,Chennai,148.76,56.03,91.62,20.26,14.09,8.07,12.26,14.22,29.61,10.7
2021-10-02,Chennai,155.36,72.38,75.77,19.02,12.76,7.75,17.0,9.79,41.62,10.66
2021-10-03,Chennai,122.25,63.13,83.81,14.44,9.76,6.7,11.92,17.35,43.53,11.71
2021-10-04,Chennai,130.61,56.25,80.65,17.68,7.86,6.75,14.06,14.09,45.64,12.11
2021-10-05,Chennai,165.05,59.84,97.35,23.46,13.83,5.99,13.96,14.67,43.98,8.23
2021-10-06,Chennai,168.07,70.59,102.42,29.04,16.42,7.64,23.7,16.57,52.6,5.61
2021-10-07,Chennai,163.84,64.95,90.04,21.66,13.88,8.4,21.83,16.62,38.94,7.27
2021-10-08,Chennai,175.81,65.47,99.88,26.2,14.46,9.5,23.53,19.75,35.29,7.3
2021-10-09,Chennai,151.1,56.01,100.88,21.16,14.4,9.01,19.79,15.98,40.39,7.05
2021-10-10,Chennai,149.93,57.79,88.78,27.96,9.91,7.7,20.84,14.27,42.33,3.49
2021-10-11,Chennai,128.51,58.03,86.15,18.98,8.52,7.22,10.83,12.14,40.04,12.55
2021-10-12,Chennai,133.36,56.55,74.84,14.96,10.75,6.92,15.71,20.61,39.71,1.15
2021-10-13,Chennai,112.09,42.8,70.89,17.97,8.61,5.26,5.45,15.48,38.75,8.75
2021-10-14,Chennai,136.92,57.23,92.08,17.67,8.37,6.27,13.49,12.78,47.74,8.45
2021-10-15,Chennai,110.69,54.14,66.39,13.09,7.24,6.56,8.75,16.97,38.81,5.21
2021-10-16,Chennai,157.58,69.97,89.84,21.15,12.45,7.37,27.77,18.52,37.73,6.57
2021-10-17,Chennai,146.98,48.7,89.29,19.81,11.93,5.38,17.53,20.48,41.05,5.68
2021-10-18,Chennai,110.54,44.11,65.81,23.16,8.18,4.32,13.35,16.02,43.69,10.27
2021-10-19,Chennai,137.84,64.92,77.94,18.62,7.32,7.55,12.99,18.16,38.52,13.18
2021-10-20,Chennai,169.95,60.81,110.16,28.2,14.65,7.38,22.52,15.92,31.94,12.67
2021-10-21,Chennai,138.29,53.59,94.82,20.54,13.03,6.05,17.45,16.03,39.58,5.39
2021-10-22,Chennai,124.92,34.63,68.18,20.84,7.2,5.06,9.25,16.29,36.86,11.66
2021-10-23,Chennai,112.81,48.8,69.29,17.83,7.5,4.88,16.38,18.46,44.96,6.59
2021-10-24,Chennai,112.95,43.22,60.32,19.25,5.11,3.44,5.54,9.36,48.37,10.36
2021-10-25,Chennai,147.0,52.81,87.35,26.45,12.76,9.46,17.18,13.89,36.31,8.07
2021-10-26,Chennai,132.12,57.53,80.07,18.74,13.08,7.14,15.4,13.63,40.59,9.42
2021-10-27,Chennai,133.02,49.3,69.94,18.51,10.54,8.01,11.32,16.68,40.62,7.32
2021-10-28,Chennai,131.47,60.29,79.53,16.98,12.3,7.39,11.77,12.5,44.21,7.9
2021-10-29,Chennai,135.44,51.82,89.71,18.54,11.68,7.95,14.9,10.67,40.3,8.57
2021-10-30,Chennai,118.75,52.51,67.08,22.98,6.9,6.1,13.29,20.28,35.11,9.28
2021-10-31,Chennai,141.49,55.38,97.13,18.74,12.15,6.24,17.73,15.22,40.72,2.04
2021-11-01,Chennai,115.0,48.07,60.34,13.9,6.09,4.69,15.8,17.77,46.14,4.92
2021-11-02,Chennai,124.57,50.9,69.82,21.55,10.82,5.57,19.11,18.02,36.07,2.99
2021-11-03,Chennai,150.63,53.51,103.57,19.55,15.8,6.46,13.38,19.23,47.82,9.67
2021-11-04,Chennai,140.66,59.65,77.98,23.6,11.73,6.67,17.26,19.87,45.34,1.53
2021-11-05,Chennai,144.84,62.39,93.42,20.59,11.82,7.35,9.46,15.58,41.76,7.52
2021-11-06,Chennai,166.33,63.9,105.1,22.52,15.13,8.93,25.4,22.09,52.47,4.44
2021-11-07,Chennai,132.69,54.8,73.87,29.74,11.84,8.05,17.66,9.08,40.05,5.94
2021-11-08,Chennai,133.41,51.41,82.92,21.52,5.42,6.43,14.07,21.23,47.14,7.45
2021-11-09,Chennai,128.61,52.56,63.67,21.28,9.5,5.62,20.69,18.02,41.07,6.19
2021-11-10,Chennai,125.4,51.99,77.55,18.9,7.63,5.21,12.05,16.72,44.41,7.52
2021-11-11,Chennai,116.36,45.97,84.86,20.0,11.68,6.28,14.25,18.65,45.96,10.42
2021-11-12,Chennai,132.23,48.02,85.14,20.34,6.96,6.7,10.64,15.93,44.26,3.48
2021-11-13,Chennai,135.74,54.03,81.99,22.63,9.95,7.06,15.91,16.39,36.94,7.67
2021-11-14,Chennai,136.0,58.12,74.13,19.75,10.74,7.9,16.44,18.63,45.48,6.52
2021-11-15,Chennai,130.23,46.42,75.86,20.71,10.66,7.99,19.41,21.61,35.61,12.74
2021-11-16,Chennai,142.57,58.36,88.81,24.07,11.45,6.06,22.9,15.7,41.08,7.3
2021-11-17,Chennai,128.51,49.48,77.14,18.98,12.98,6.89,11.99,15.97,44.32,6.85
2021-11-18,Chennai,121.32,45.96,63.98,19.07,8.79,5.11,16.5,20.8,45.28,13.34
2021-11-19,Chennai,112.94,56.25,71.74,15.53,9.57,4.42,10.06,13.34,43.62,4.3
2021-11-20,Chennai,102.98,44.31,55.79,16.28,9.73,6.32,10.94,19.45,48.74,11.82
2021-11-21,Chennai,147.48,62.91,98.91,17.13,10.47,8.41,20.02,18.27,44.92,10.37
2021-11-22,Chennai,114.44,35.88,75.0,17.44,8.18,6.22,12.19,18.87,47.33,10.23
2021-11-23,Chennai,110.38,44.95,50.95,12.38,6.66,5.98,15.47,23.93,42.76,11.93
2021-11-24,Chennai,117.33,37.24,70.54,18.34,9.87,5.56,14.55,15.35,52.43,8.75
2021-11-25,Chennai,118.74,49.31,69.01,16.83,10.55,7.53,8.67,14.86,49.72,7.0
2021-11-26,Chennai,146.81,59.35,87.9,23.89,11.17,6.13,14.46,18.85,42.39,7.89
2021-11-27,Chennai,116.62,46.95,67.11,18.12,6.1,4.88,9.42,22.12,60.48,5.36
2021-11-28,Chennai,160.34,62.96,90.66,24.71,11.61,8.3,21.9,15.95,50.6,2.62
2021-11-29,Chennai,121.09,47.15,70.06,17.48,9.06,5.56,13.47,20.48,50.86,8.35
2021-11-30,Chennai,150.27,57.24,98.8,27.12,9.44,7.68,16.16,22.69,49.76,8.16
2021-12-01,Chennai,132.1,55.31,76.88,24.85,11.59,7.54,14.97,19.69,54.18,10.13
2021-12-02,Chennai,123.37,43.11,75.04,19.93,9.61,6.55,14.45,13.47,43.87,10.92
2021-12-03,Chennai,140.89,55.13,86.05,21.12,9.62,6.58,18.22,21.66,61.67,6.57
2021-12-04,Chennai,133.3,61.68,73.1,21.46,11.02,6.54,15.97,18.65,55.55,5.47
2021-12-05,Chennai,125.24,51.68,81.19,22.94,11.96,6.83,12.48,18.31,45.65,4.3
2021-12-06,Chennai,149.72,59.88,84.01,26.06,10.82,7.58,16.91,16.62,57.1,10.09
2021-12-07,Chennai,106.72,46.74,68.79,13.73,7.06,5.79,18.98,22.14,56.86,6.42
2021-12-08,Chennai,98.5,44.89,55.74,15.5,7.15,5.81,15.43,16.71,58.91,15.13
2021-12-09,Chennai,102.5,39.22,60.49,19.09,8.33,5.12,19.89,17.24,48.66,9.25
2021-12-10,Chennai,138.15,47.16,79.9,19.58,12.98,7.6,9.84,19.38,49.48,7.35
2021-12-11,Chennai,132.84,47.65,83.32,17.84,11.8,6.64,12.05,25.79,60.34,8.87
2021-12-12,Chennai,102.4,39.77,52.99,18.57,9.84,4.31,9.54,23.16,47.7,6.12
2021-12-13,Chennai,74.17,24.46,36.43,8.96,7.75,1.95,10.63,22.72,58.74,8.77
2021-12-14,Chennai,105.6,40.34,56.84,18.81,9.44,4.79,16.31,20.78,54.23,6.19
2021-12-15,Chennai,92.68,39.74,47.65,13.01,6.11,4.9,12.68,18.97,56.59,3.57
2021-12-16,Chennai,99.66,50.82,55.7,18.1,8.38,5.22,7.29,24.98,55.14,9.41
2021-12-17,Chennai,90.44,35.72,55.3,10.9,6.93,4.1,8.03,23.02,57.04,8.75
2021-12-18,Chennai,81.29,32.01,52.06,12.92,6.7,4.23,14.49,19.17,53.97,9.01
2021-12-19,Chennai,132.86,45.23,90.78,20.69,12.54,7.76,17.59,16.25,56.64,8.64
2021-12-20,Chennai,93.54,31.98,41.8,15.42,4.98,6.74,12.28,27.17,56.39,10.25
2021-12-21,Chennai,124.15,49.93,82.54,12.51,11.71,6.88,14.28,22.06,55.08,8.85
2021-12-22,Chennai,98.81,45.6,55.02,9.72,12.87,5.61,10.29,27.02,61.58,9.48
2021-12-23,Chennai,84.34,31.35,55.94,15.92,3.31,4.44,11.31,24.43,57.49,11.56
2021-12-24,Chennai,108.11,42.19,64.84,17.16,8.29,4.02,13.83,24.47,55.77,7.6
2021-12-25,Chennai,93.77,21.61,65.93,16.77,4.83,4.01,17.05,20.5,60.33,6.52
2021-12-26,Chennai,95.69,40.33,57.82,13.5,8.43,4.29,4.35,21.36,53.04,3.19
2021-12-27,Chennai,100.13,41.9,58.7,16.08,9.05,5.76,13.64,21.37,61.52,8.67
2021-12-28,Chennai,84.94,44.93,51.03,13.89,6.61,4.3,10.12,23.18,59.85,9.87
2021-12-29,Chennai,71.96,26.69,49.86,12.94,4.0,2.63,10.43,22.89,54.08,13.15
2021-12-30,Chennai,94.67,33.04,44.61,11.85,8.04,4.81,18.91,22.52,60.84,11.39
2021-12-31,Chennai,109.06,40.33,71.07,10.86,12.24,6.45,10.36,27.49,66.57,4.13
2022-01-01,Chennai,80.24,29.09,58.91,12.24,7.29,4.08,13.19,26.71,60.88,1.69
2022-01-02,Chennai,95.23,41.29,62.97,10.57,5.28,5.28,12.2,19.42,56.58,8.94
2022-01-03,Chennai,114.66,49.25,64.12,16.76,7.41,7.06,14.46,23.51,55.25,4.2
2022-01-04,Chennai,89.89,45.02,52.55,12.29,6.76,3.86,10.36,25.79,61.45,4.21
2022-01-05,Chennai,91.69,41.14,50.59,11.78,5.93,3.53,12.07,28.54,58.1,2.47
2022-01-06,Chennai,90.39,31.02,50.65,9.86,6.03,3.97,10.79,21.67,64.96,12.98
2022-01-07,Chennai,78.49,38.54,42.42,13.78,7.38,3.88,10.13,28.25,66.82,5.56
2022-01-08,Chennai,73.0,32.94,57.13,13.6,8.91,1.07,11.14,27.17,67.88,4.62
2022-01-09,Chennai,72.23,26.36,50.54,7.65,6.26,3.59,7.88,28.26,57.51,5.66
2022-01-10,Chennai,91.76,36.01,45.45,17.46,5.74,5.37,7.51,28.83,55.38,12.23
2022-01-11,Chennai,96.78,44.39,53.65,12.04,8.66,3.31,11.75,24.46,62.49,6.07
2022-01-12,Chennai,96.66,34.67,71.63,16.84,4.77,3.96,15.03,29.96,57.18,10.1
2022-01-13,Chennai,78.09,32.56,31.32,10.5,5.97,3.95,4.09,24.93,61.32,6.39
2022-01-14,Chennai,99.35,37.14,58.55,15.83,11.5,5.84,17.19,25.94,59.75,10.4
2022-01-15,Chennai,86.74,34.62,57.89,10.36,8.24,4.16,8.57,26.45,67.56,10.32
2022-01-16,Chennai,82.38,31.12,52.18,13.38,8.07,5.11,17.13,26.32,72.74,8.35
2022-01-17,Chennai,30.43,6.7,13.05,5.96,3.88,0.51,0.6,26.29,61.45,2.36
2022-01-18,Chennai,67.45,15.88,37.42,10.87,6.71,2.01,2.71,26.47,66.12,11.03
2022-01-19,Chennai,56.1,26.03,30.72,9.5,2.8,2.88,6.48,32.43,68.89,5.69
2022-01-20,Chennai,87.53,31.21,49.85,8.44,6.54,4.23,12.37,30.21,67.25,3.11
2022-01-21,Chennai,78.76,25.4,42.42,13.77,7.54,3.69,18.89,33.22,73.27,10.1
2022-01-22,Chennai,60.47,26.48,39.37,3.66,2.74,2.8,7.77,28.32,68.76,1.69
2022-01-23,Chennai,80.34,34.67,48.7,11.49,8.28,2.97,8.69,29.71,63.45,1.99
2022-01-24,Chennai,53.65,15.7,31.67,7.3,4.26,2.02,1.19,29.43,67.2,9.91
2022-01-25,Chennai,58.58,19.7,18.98,0.97,3.88,3.06,6.1,27.48,60.39,2.33
2022-01-26,Chennai,62.83,26.97,35.88,8.33,1.94,2.18,7.72,30.18,67.83,12.14
2022-01-27,Chennai,80.83,29.45,58.79,12.78,6.68,4.97,7.2,28.49,62.85,10.81
2022-01-28,Chennai,92.97,38.87,64.57,14.56,9.64,3.9,15.11,28.44,69.28,10.19
2022-01-29,Chennai,62.45,36.62,44.03,12.11,3.91,3.28,7.11,34.01,68.85,11.99
2022-01-30,Chennai,90.35,29.63,65.4,10.97,8.94,3.65,13.32,27.05,75.06,10.54
2022-01-31,Chennai,70.5,25.2,46.92,13.42,3.79,2.49,4.17,26.45,64.79,10.77
2022-02-01,Chennai,72.61,31.83,30.0,9.36,3.49,4.49,6.91,25.6,71.32,9.82
2022-02-02,Chennai,67.4,22.19,38.32,7.4,7.88,2.94,5.2,30.23,69.72,10.07
2022-02-03,Chennai,64.7,31.96,48.61,8.56,5.79,4.72,13.87,27.9,74.01,9.27
2022-02-04,Chennai,73.55,34.05,54.08,7.91,4.5,4.59,9.42,23.99,63.0,9.99
2022-02-05,Chennai,77.38,35.15,35.63,14.91,5.8,2.85,7.04,27.14,68.54,2.39
2022-02-06,Chennai,52.33,20.56,36.1,3.81,4.22,1.81,8.96,24.0,75.45,2.55
2022-02-07,Chennai,62.1,23.79,31.59,8.23,1.91,4.76,2.31,27.46,81.14,8.97
2022-02-08,Chennai,89.32,29.46,52.56,12.69,3.77,3.71,10.61,35.02,71.5,7.66
2022-02-09,Chennai,66.29,22.44,48.54,12.65,6.88,3.43,1.56,34.61,73.0,7.07
2022-02-10,Chennai,67.29,29.16,42.17,6.89,4.74,1.46,8.42,35.48,63.99,8.39
2022-02-11,Chennai,79.87,35.29,54.45,9.74,4.18,3.41,14.35,26.49,67.15,6.62
2022-02-12,Chennai,54.22,16.81,32.2,12.38,1.93,2.56,6.47,30.74,65.6,6.09
2022-02-13,Chennai,60.62,21.07,41.44,10.35,1.75,2.64,5.27,37.73,75.2,4.77
2022-02-14,Chennai,72.78,25.23,40.64,12.0,6.79,3.84,7.89,31.59,73.34,2.65
2022-02-15,Chennai,78.52,31.1,42.49,6.82,11.12,4.24,9.47,31.0,77.88,4.51
2022-02-16,Chennai,23.88,7.99,6.71,5.75,0.26,2.3,2.47,34.56,76.47,11.18
2022-02-17,Chennai,47.74,14.42,35.89,1.57,3.91,1.84,0.11,29.67,71.51,7.41
2022-02-18,Chennai,43.26,14.68,26.59,4.0,2.51,1.87,5.92,35.02,79.21,8.71
2022-02-19,Chennai,55.83,24.48,35.99,7.43,6.27,1.88,0.0,29.46,82.18,7.11
2022-02-20,Chennai,43.31,18.69,23.79,8.18,3.61,2.1,7.65,31.3,77.25,7.48
2022-02-21,Chennai,66.59,26.1,33.4,9.34,4.24,4.46,1.25,35.47,66.88,9.61
2022-02-22,Chennai,58.7,19.29,39.75,8.44,1.83,4.29,10.15,34.42,72.62,10.43
2022-02-23,Chennai,68.95,21.16,23.55,5.66,3.67,2.69,6.53,31.84,72.78,1.65
2022-02-24,Chennai,69.42,28.73,39.53,8.32,8.35,3.23,8.56,35.5,68.78,7.93
2022-02-25,Chennai,64.83,29.9,38.17,5.81,4.22,3.43,0.0,29.16,86.3,9.45
2022-02-26,Chennai,49.14,27.08,36.42,8.55,3.31,2.84,11.7,35.79,77.46,7.48
2022-02-27,Chennai,55.29,24.61,28.92,9.79,3.03,2.41,2.52,32.09,73.39,13.08
2022-02-28,Chennai,46.38,14.08,30.9,4.12,3.8,2.61,0.0,29.31,72.22,4.09
2022-03-01,Chennai,32.39,13.38,21.38,1.67,2.84,1.2,3.49,31.7,79.61,12.9
2022-03-02,Chennai,66.75,30.57,51.2,5.8,3.99,3.9,14.04,35.63,72.22,6.7
2022-03-03,Chennai,50.78,21.98,29.15,5.22,3.48,2.52,1.75,36.71,75.32,7.78
2022-03-04,Chennai,29.12,16.82,16.47,7.31,0.27,1.89,6.85,31.35,76.79,7.53
2022-03-05,Chennai,59.34,24.78,39.4,6.17,4.63,4.56,11.34,36.3,76.88,14.39
2022-03-06,Chennai,47.56,24.17,28.83,7.8,2.89,2.77,8.08,36.1,77.09,3.58
2022-03-07,Chennai,19.67,9.08,17.46,0.02,1.39,2.33,0.0,33.22,85.58,8.47
2022-03-08,Chennai,29.63,9.22,17.72,6.92,1.96,2.08,4.5,35.09,81.59,7.12
2022-03-09,Chennai,39.4,11.04,27.44,5.51,2.26,2.5,9.84,33.75,78.46,4.45
2022-03-10,Chennai,52.76,19.99,33.43,7.85,3.5,3.36,6.56,42.04,79.59,0.24
2022-03-11,Chennai,61.13,18.89,40.93,7.24,3.73,1.82,5.43,34.92,80.61,4.94
2022-03-12,Chennai,60.33,28.16,26.67,10.36,5.5,2.08,3.03,35.55,76.0,7.43
2022-03-13,Chennai,57.8,26.56,38.51,5.92,4.52,1.96,10.42,39.07,74.69,7.91
2022-03-14,Chennai,47.99,23.78,28.99,8.88,3.94,1.34,6.23,37.89,80.59,12.87
2022-03-15,Chennai,74.1,20.78,47.49,9.17,4.18,5.04,7.87,33.51,80.84,1.54
2022-03-16,Chennai,58.54,30.19,50.36,11.53,5.51,2.71,2.72,38.19,83.8,9.35
2022-03-17,Chennai,51.16,22.13,33.1,6.1,9.1,2.27,4.43,38.02,79.17,7.94
2022-03-18,Chennai,56.14,29.53,39.11,10.61,1.66,3.21,2.71,33.34,80.28,7.89
2022-03-19,Chennai,41.47,19.86,31.05,8.76,0.63,4.44,4.88,38.38,66.91,7.2
2022-03-20,Chennai,46.43,11.27,20.97,7.12,3.04,3.64,12.65,31.88,77.12,4.91
2022-03-21,Chennai,15.91,12.14,10.82,2.48,1.9,0.48,0.0,34.97,78.29,9.04
2022-03-22,Chennai,41.2,8.32,26.21,4.11,3.6,2.96,2.72,38.43,70.99,12.63
2022-03-23,Chennai,73.27,35.5,36.87,8.36,2.87,4.58,7.47,33.66,74.13,13.44
2022-03-24,Chennai,48.99,14.73,29.59,8.0,3.12,1.85,4.4,36.6,78.06,12.88
2022-03-25,Chennai,48.27,15.42,34.99,1.97,2.31,1.6,1.38,35.77,79.29,1.16
2022-03-26,Chennai,61.57,34.6,38.35,9.24,7.55,4.07,6.2,29.08,82.71,5.11
2022-03-27,Chennai,51.89,26.95,24.93,6.43,1.46,1.33,5.79,34.35,77.54,14.16
2022-03-28,Chennai,34.68,16.89,20.89,0.0,4.43,4.73,3.41,32.54,80.76,3.71
2022-03-29,Chennai,46.79,21.03,40.08,5.01,2.47,2.26,3.61,30.45,78.04,6.24
2022-03-30,Chennai,29.39,18.59,26.88,8.6,3.95,1.68,0.03,38.97,81.72,4.26
2022-03-31,Chennai,49.17,15.1,19.39,1.22,4.71,1.22,2.88,35.11,79.06,5.86
2022-04-01,Chennai,33.85,21.14,8.1,0.63,3.62,1.07,1.4,31.76,81.69,8.68
2022-04-02,Chennai,60.37,24.74,31.56,6.8,4.5,3.98,13.52,38.33,82.53,10.95
2022-04-03,Chennai,38.83,9.62,17.59,7.4,2.87,2.28,8.58,37.47,74.54,8.04
2022-04-04,Chennai,34.17,9.06,14.28,0.0,3.0,0.0,5.68,39.06,82.63,8.16
2022-04-05,Chennai,44.91,25.64,29.57,4.15,3.84,4.21,1.02,30.84,83.03,7.33
2022-04-06,Chennai,52.17,18.21,21.23,1.97,1.26,4.22,6.22,29.08,85.85,11.7
2022-04-07,Chennai,28.67,17.62,13.82,3.49,2.57,2.83,1.22,32.69,83.38,11.63
2022-04-08,Chennai,39.08,15.37,28.81,6.2,2.62,1.12,0.07,33.09,74.98,8.85
2022-04-09,Chennai,48.6,25.53,30.79,4.53,5.6,2.73,7.81,33.35,85.49,11.38
2022-04-10,Chennai,67.24,25.98,46.09,13.39,4.45,3.28,8.39,31.59,81.98,11.07
2022-04-11,Chennai,10.0,3.28,8.72,5.7,0.0,0.86,0.0,33.07,81.43,8.72
2022-04-12,Chennai,56.72,25.46,34.64,9.9,7.87,3.9,8.16,36.34,78.16,7.52
2022-04-13,Chennai,41.93,19.23,25.86,8.67,5.89,1.99,0.0,40.9,76.33,8.59
2022-04-14,Chennai,40.46,19.82,35.55,11.49,2.51,3.21,5.65,42.99,85.02,7.47
2022-04-15,Chennai,37.88,11.19,1.71,7.71,5.05,2.64,0.0,30.95,81.85,13.36
2022-04-16,Chennai,42.86,16.87,34.45,3.33,3.84,1.87,9.89,33.06,87.74,7.08
2022-04-17,Chennai,57.88,17.8,26.44,6.81,5.37,2.28,3.66,37.3,63.21,6.71
2022-04-18,Chennai,40.77,9.64,17.51,6.85,2.85,1.74,9.65,34.55,88.2,10.14
2022-04-19,Chennai,73.97,24.76,59.86,11.93,9.66,3.43,9.97,35.83,78.23,11.82
2022-04-20,Chennai,58.74,33.16,16.9,11.26,2.91,0.34,9.12,36.04,82.37,9.11
2022-04-21,Chennai,52.65,25.44,26.77,8.69,5.61,3.99,6.49,33.79,78.58,4.42
2022-04-22,Chennai,47.51,22.85,16.84,8.3,3.97,0.82,0.0,31.81,77.02,12.44
2022-04-23,Chennai,68.17,26.71,45.27,14.03,7.6,3.4,5.36,35.8,75.19,13.44
2022-04-24,Chennai,70.71,32.62,44.09,12.14,6.01,3.17,10.48,33.51,88.17,5.92
2022-04-25,Chennai,33.6,15.98,13.9,2.66,0.0,2.09,1.9,37.43,80.42,8.44
2022-04-26,Chennai,40.86,9.29,29.2,4.14,0.4,2.47,0.0,27.83,84.7,6.32
2022-04-27,Chennai,61.29,15.79,29.07,7.03,7.19,1.4,2.0,36.97,75.82,8.68
2022-04-28,Chennai,66.22,24.03,55.9,6.06,5.86,4.81,6.45,31.7,81.75,11.01
2022-04-29,Chennai,48.07,15.23,40.54,7.36,4.86,3.89,8.84,33.88,74.4,16.13
2022-04-30,Chennai,41.86,12.8,27.66,7.81,4.46,4.22,5.21,33.51,85.36,7.59
2022-05-01,Chennai,54.61,26.23,34.32,10.96,5.82,2.33,0.0,28.7,68.23,7.73
2022-05-02,Chennai,76.03,18.65,44.34,11.81,7.8,4.31,12.73,34.87,75.65,7.68
2022-05-03,Chennai,54.96,17.73,34.8,3.49,6.53,1.79,7.21,34.51,82.9,2.96
2022-05-04,Chennai,35.86,12.72,25.91,10.63,2.79,1.2,12.41,35.86,83.77,4.37
2022-05-05,Chennai,56.95,25.38,25.5,4.63,5.72,3.5,4.91,37.66,74.87,7.19
2022-05-06,Chennai,67.54,26.84,38.58,13.96,3.32,2.62,3.34,38.91,74.9,5.69
2022-05-07,Chennai,54.79,20.48,39.67,10.21,3.23,2.34,0.75,33.58,82.74,6.25
2022-05-08,Chennai,75.71,33.46,40.77,8.07,7.42,6.13,11.26,31.82,74.38,13.73
2022-05-09,Chennai,70.36,29.68,36.09,10.37,6.06,3.99,14.49,36.79,76.91,7.88
2022-05-10,Chennai,56.99,24.78,29.33,11.49,4.15,3.34,13.69,34.51,76.87,6.45
2022-05-11,Chennai,59.12,23.26,26.39,10.47,0.46,3.92,10.02,33.04,72.83,7.95
2022-05-12,Chennai,31.42,3.7,25.44,4.22,5.54,1.96,4.7,33.84,70.4,6.65
2022-05-13,Chennai,77.78,31.78,44.25,9.94,5.66,3.93,18.61,31.55,71.67,7.54
2022-05-14,Chennai,55.28,29.62,45.75,14.14,4.54,3.41,2.43,31.35,69.25,9.42
2022-05-15,Chennai,54.82,22.12,34.7,5.68,6.09,0.33,5.57,31.98,64.48,9.15
2022-05-16,Chennai,53.19,20.41,36.4,13.98,4.9,3.63,11.91,33.65,70.02,3.08
2022-05-17,Chennai,68.91,29.44,38.14,14.19,4.56,3.43,3.63,31.02,69.4,5.45
2022-05-18,Chennai,45.77,18.04,22.6,14.75,5.33,3.37,5.05,32.25,71.72,15.87
2022-05-19,Chennai,48.58,18.89,24.32,5.02,4.56,3.85,10.18,29.54,69.71,11.74
2022-05-20,Chennai,63.21,35.79,36.77,13.1,2.12,2.32,3.55,32.92,72.47,8.71
2022-05-21,Chennai,55.26,28.2,27.93,8.57,1.75,3.93,11.02,32.64,73.7,6.47
2022-05-22,Chennai,70.37,21.17,44.66,12.82,9.67,3.12,9.52,34.76,78.56,6.13
2022-05-23,Chennai,57.17,21.47,30.1,5.87,7.52,2.92,6.56,32.03,72.84,7.34
2022-05-24,Chennai,90.64,32.45,66.91,11.89,5.39,4.45,19.51,28.69,75.85,7.26
2022-05-25,Chennai,77.82,32.35,54.07,6.51,4.43,4.8,9.73,31.65,75.59,5.33
2022-05-26,Chennai,78.34,36.61,53.56,12.47,7.2,5.08,7.03,32.86,80.48,9.92
2022-05-27,Chennai,59.78,22.8,54.41,9.66,7.58,2.57,11.44,29.1,73.09,6.18
2022-05-28,Chennai,105.67,51.77,61.63,12.53,8.64,5.82,12.57,28.16,76.38,11.78
2022-05-29,Chennai,63.73,17.25,31.22,9.08,4.04,3.71,15.01,29.31,78.79,3.6
2022-05-30,Chennai,60.36,26.42,31.46,10.49,1.31,1.73,9.14,28.42,69.0,13.51
2022-05-31,Chennai,82.42,33.66,56.66,10.08,3.91,4.04,3.93,28.06,71.51,7.67
2022-06-01,Chennai,75.51,31.88,50.11,7.74,4.16,1.6,7.58,32.22,77.48,8.57
2022-06-02,Chennai,61.07,31.29,39.71,9.48,3.66,0.67,12.22,29.7,76.67,5.15
2022-06-03,Chennai,107.06,54.97,62.25,13.98,8.14,5.52,12.57,28.17,60.41,5.59
2022-06-04,Chennai,89.54,41.19,46.69,8.28,5.05,4.39,7.71,28.72,65.13,11.03
2022-06-05,Chennai,75.75,32.76,63.2,10.22,5.49,4.97,10.65,26.58,71.59,9.19
2022-06-06,Chennai,112.51,36.03,62.29,17.45,11.89,6.32,11.24,27.13,72.49,0.72
2022-06-07,Chennai,89.45,31.74,64.95,14.31,5.64,3.27,14.09,29.33,67.09,9.12
2022-06-08,Chennai,77.92,31.99,47.46,7.72,4.18,4.64,11.59,30.08,64.94,10.3
2022-06-09,Chennai,113.14,43.4,78.29,14.73,8.0,5.51,16.97,28.67,67.74,6.83
2022-06-10,Chennai,89.62,37.19,53.21,11.09,7.42,4.63,20.15,26.78,63.04,8.84
2022-06-11,Chennai,89.79,30.95,45.29,9.16,5.63,3.74,5.64,27.71,55.08,9.48
2022-06-12,Chennai,75.59,27.45,42.08,13.1,6.79,3.15,10.88,32.94,61.53,10.26
2022-06-13,Chennai,82.97,27.62,59.18,10.31,5.14,5.3,12.84,26.09,66.9,5.87
2022-06-14,Chennai,76.9,22.8,47.66,10.47,4.26,5.15,5.58,28.4,71.33,7.23
2022-06-15,Chennai,105.5,38.53,65.68,17.19,10.19,7.15,10.83,28.39,59.26,10.0
2022-06-16,Chennai,60.62,25.16,34.94,7.24,4.15,3.27,3.41,26.72,65.36,3.38
2022-06-17,Chennai,106.1,37.18,58.38,20.62,6.83,5.25,8.57,25.14,57.74,10.01
2022-06-18,Chennai,73.3,22.69,51.24,12.4,5.71,4.61,21.21,28.74,59.01,12.47
2022-06-19,Chennai,86.46,35.51,68.76,11.45,9.48,4.32,21.0,26.29,79.28,9.32
2022-06-20,Chennai,83.76,37.74,63.86,10.2,8.64,3.9,10.66,27.22,66.8,9.59
2022-06-21,Chennai,81.25,29.62,49.75,5.18,8.48,5.76,10.51,21.98,67.31,5.71
2022-06-22,Chennai,100.27,41.02,65.64,16.68,10.18,5.16,12.73,28.84,62.9,5.94
2022-06-23,Chennai,90.71,38.54,45.4,13.36,4.5,3.98,8.83,23.51,68.42,11.05
2022-06-24,Chennai,81.65,39.23,47.49,10.95,8.14,4.21,10.29,18.66,66.36,9.87
2022-06-25,Chennai,94.85,37.91,63.43,16.03,6.19,4.52,7.35,30.5,67.12,5.56
2022-06-26,Chennai,82.97,36.28,52.01,10.39,6.89,5.01,13.72,32.94,62.36,7.29
2022-06-27,Chennai,86.22,37.3,50.27,11.18,5.05,0.88,13.29,20.86,57.15,8.88
2022-06-28,Chennai,72.71,27.48,60.82,6.38,10.29,5.02,12.36,29.92,63.23,2.89
2022-06-29,Chennai,89.29,38.29,41.73,11.81,6.99,3.55,14.5,24.79,62.91,7.97
2022-06-30,Chennai,104.34,42.37,55.51,12.13,8.04,4.25,18.1,21.13,72.2,8.91
2022-07-01,Chennai,98.37,39.69,54.7,16.73,7.46,5.22,15.17,27.09,66.37,9.61
2022-07-02,Chennai,125.92,45.61,58.91,19.52,10.52,8.22,14.65,26.04,63.71,9.54
2022-07-03,Chennai,138.76,59.72,76.71,17.89,10.54,4.76,16.49,22.76,61.09,7.2
2022-07-04,Chennai,93.49,32.32,66.58,14.27,9.2,4.86,13.07,20.49,65.53,10.64
2022-07-05,Chennai,88.83,35.44,55.6,16.33,6.36,2.86,9.25,24.86,58.63,11.95
2022-07-06,Chennai,119.16,42.86,64.83,14.7,10.39,4.43,17.27,21.43,54.59,13.31
2022-07-07,Chennai,108.11,49.41,65.82,12.28,12.68,5.21,13.96,26.79,48.29,6.08
2022-07-08,Chennai,121.0,48.06,73.65,14.24,10.33,6.08,21.19,26.88,56.42,7.41
2022-07-09,Chennai,110.82,49.4,68.76,12.51,13.05,4.55,23.21,25.0,54.25,0.9
2022-07-10,Chennai,102.79,45.0,49.27,16.49,12.09,4.0,15.29,21.11,62.75,8.2
2022-07-11,Chennai,103.75,41.4,71.91,17.44,6.69,6.97,6.31,24.2,52.63,3.54
2022-07-12,Chennai,113.94,39.91,67.97,18.14,11.23,7.17,14.78,21.87,61.6,6.16
2022-07-13,Chennai,105.15,34.08,70.6,19.74,6.77,7.22,14.95,24.34,53.48,11.05
2022-07-14,Chennai,127.47,43.37,73.76,16.92,7.58,7.24,16.66,25.28,54.34,10.96
2022-07-15,Chennai,90.5,36.59,50.52,11.66,3.27,5.69,15.06,31.48,53.72,6.0
2022-07-16,Chennai,129.1,43.13,85.14,21.55,13.43,5.54,18.36,20.96,61.78,9.61
2022-07-17,Chennai,83.64,25.68,49.14,6.7,4.36,3.08,7.47,21.58,55.55,8.34
2022-07-18,Chennai,114.77,45.79,71.52,13.47,9.33,7.17,13.11,23.68,56.4,10.59
2022-07-19,Chennai,108.47,44.82,71.84,17.79,9.99,5.87,8.99,18.52,52.3,12.65
2022-07-20,Chennai,91.53,35.75,57.39,7.83,7.71,4.66,0.29,22.74,45.48,5.82
2022-07-21,Chennai,84.21,38.66,51.79,11.29,5.67,3.79,10.75,18.1,59.03,4.56
2022-07-22,Chennai,99.48,31.16,67.62,13.61,8.1,5.63,9.06,21.96,56.33,12.93
2022-07-23,Chennai,117.45,44.43,66.77,19.31,9.81,5.74,20.46,16.34,45.66,2.99
2022-07-24,Chennai,108.55,49.43,69.25,12.17,8.44,5.4,4.19,21.79,46.56,10.12
2022-07-25,Chennai,102.79,35.38,63.42,19.3,10.17,5.65,12.01,16.56,49.93,7.32
2022-07-26,Chennai,139.49,54.31,71.43,22.23,8.8,8.52,17.33,23.84,56.61,14.23
2022-07-27,Chennai,101.53,41.52,57.8,14.12,11.11,3.76,8.67,21.46,50.74,10.9
2022-07-28,Chennai,130.99,45.7,78.06,19.09,8.33,7.43,15.35,20.19,47.07,6.89
2022-07-29,Chennai,108.26,38.2,71.87,19.34,12.02,5.85,11.63,19.03,53.34,8.6
2022-07-30,Chennai,105.54,41.34,61.22,19.34,7.58,6.62,13.39,19.18,46.65,7.54
2022-07-31,Chennai,114.1,48.16,65.44,19.67,8.27,5.58,8.54,21.82,48.94,12.74
2022-08-01,Chennai,133.22,56.81,80.61,23.66,11.47,7.67,12.54,21.37,52.49,3.37
2022-08-02,Chennai,104.11,49.18,53.18,11.72,2.63,5.68,5.92,18.29,53.87,8.58
2022-08-03,Chennai,129.75,48.78,65.12,19.14,12.09,7.19,22.72,17.73,42.8,8.93
2022-08-04,Chennai,111.77,45.77,67.02,14.53,3.63,4.58,15.64,20.4,53.92,9.04
2022-08-05,Chennai,115.21,49.76,75.24,17.34,9.27,2.85,11.2,17.56,48.26,5.21
2022-08-06,Chennai,133.66,58.15,73.14,23.36,8.77,6.08,13.32,17.77,54.42,7.02
2022-08-07,Chennai,160.97,62.88,90.65,23.37,13.31,7.83,18.72,22.17,49.61,4.55
2022-08-08,Chennai,115.42,45.74,64.94,18.88,9.44,6.9,10.89,18.41,42.65,7.87
2022-08-09,Chennai,140.58,48.55,86.92,20.92,11.56,7.82,17.77,15.02,44.91,7.76
2022-08-10,Chennai,125.79,48.67,73.82,23.73,10.26,6.67,7.06,20.95,61.68,12.04
2022-08-11,Chennai,124.04,47.42,92.67,18.69,10.54,5.93,13.71,11.84,51.1,7.11
2022-08-12,Chennai,147.91,58.22,90.93,20.94,12.36,8.6,19.37,17.99,46.28,8.6
2022-08-13,Chennai,119.85,43.78,73.57,20.03,9.76,5.57,13.23,20.28,41.14,5.55
2022-08-14,Chennai,115.85,38.3,69.78,19.96,11.93,7.34,11.14,18.94,44.37,12.94
2022-08-15,Chennai,140.71,62.8,85.77,19.25,4.36,5.6,9.48,13.73,55.53,4.11
2022-08-16,Chennai,158.36,58.04,87.65,31.55,12.54,8.91,19.7,11.99,53.55,9.2
2022-08-17,Chennai,146.31,57.92,101.87,20.91,11.42,6.97,21.86,20.26,47.04,4.84
2022-08-18,Chennai,114.57,43.98,60.33,20.67,6.02,7.32,18.9,14.95,43.33,5.86
2022-08-19,Chennai,127.05,52.97,87.53,22.61,9.3,7.61,19.93,17.02,45.13,12.63
2022-08-20,Chennai,151.57,65.92,100.74,30.49,13.22,7.9,23.62,23.44,41.89,7.39
2022-08-21,Chennai,161.17,59.38,99.44,26.84,11.0,9.19,17.53,15.76,50.37,6.12
2022-08-22,Chennai,141.45,49.56,90.82,20.82,13.71,7.91,9.98,21.2,54.0,11.1
2022-08-23,Chennai,129.89,57.33,75.96,18.05,10.82,7.41,19.17,15.83,41.59,3.53
2022-08-24,Chennai,163.82,68.76,95.17,23.67,16.56,8.79,20.95,19.53,51.18,3.15
2022-08-25,Chennai,138.55,52.59,81.27,17.85,10.55,5.38,20.31,15.38,44.88,8.15
2022-08-26,Chennai,131.1,55.23,58.97,21.02,9.94,6.96,11.01,18.08,50.16,8.57
2022-08-27,Chennai,129.07,48.04,72.06,21.09,11.47,6.81,15.34,17.35,43.15,6.86
2022-08-28,Chennai,123.27,53.1,76.44,22.36,12.1,6.44,17.17,13.77,42.89,9.03
2022-08-29,Chennai,184.19,65.76,113.95,24.75,13.04,8.68,21.98,12.56,47.38,8.53
2022-08-30,Chennai,163.47,75.01,100.48,26.23,11.37,6.99,22.09,13.18,46.12,13.12
2022-08-31,Chennai,132.77,57.84,84.23,20.72,9.85,6.52,13.67,12.42,42.91,11.32
2022-09-01,Chennai,169.04,61.17,112.61,29.01,14.32,8.86,19.54,16.41,40.25,8.09
2022-09-02,Chennai,151.5,61.3,105.95,24.42,11.7,7.48,15.33,14.55,46.95,6.52
2022-09-03,Chennai,151.03,57.33,85.88,20.47,14.34,7.69,16.99,16.21,43.33,5.76
2022-09-04,Chennai,133.56,46.48,90.85,23.0,11.44,7.6,23.69,14.44,36.48,9.98
2022-09-05,Chennai,137.02,47.47,82.51,19.66,12.31,6.37,21.24,13.73,45.46,6.0
2022-09-06,Chennai,144.47,60.53,78.57,21.6,14.2,7.34,22.07,15.82,39.26,8.52
2022-09-07,Chennai,116.0,49.49,54.35,18.97,7.4,4.61,16.07,19.84,42.73,3.93
2022-09-08,Chennai,138.53,52.06,79.77,21.37,10.94,7.42,20.62,16.79,46.0,7.19
2022-09-09,Chennai,146.24,74.98,92.17,23.99,15.21,7.4,14.97,19.61,48.21,8.46
2022-09-10,Chennai,166.15,75.26,99.02,27.72,16.32,8.41,21.76,18.71,39.43,5.56
2022-09-11,Chennai,137.57,61.69,85.0,19.12,11.19,7.39,10.23,17.72,43.19,12.97
2022-09-12,Chennai,159.3,62.63,106.6,23.76,13.02,8.25,27.49,11.8,43.51,8.13
2022-09-13,Chennai,116.5,46.46,74.56,20.79,10.38,7.06,12.98,15.32,35.92,13.95
2022-09-14,Chennai,165.18,65.14,96.73,26.6,15.43,7.57,24.57,14.5,47.98,6.38
2022-09-15,Chennai,134.43,57.45,81.0,16.79,7.92,5.98,20.1,9.54,42.4,8.74
2022-09-16,Chennai,150.13,51.64,83.7,20.12,12.12,8.97,22.32,14.24,36.49,3.32
2022-09-17,Chennai,154.5,59.91,85.51,23.07,12.36,7.25,16.72,13.2,38.0,12.31
2022-09-18,Chennai,151.77,63.3,95.31,25.8,13.99,9.01,20.57,15.86,37.53,5.53
2022-09-19,Chennai,147.22,63.3,87.44,18.0,7.59,9.51,13.72,13.15,46.55,4.37
2022-09-20,Chennai,130.38,54.81,92.81,25.9,9.54,6.51,14.06,15.12,46.83,3.8
2022-09-21,Chennai,135.83,57.57,79.94,24.48,13.5,6.38,15.86,17.82,45.2,0.58
2022-09-22,Chennai,164.28,70.16,111.74,25.41,15.04,9.49,20.6,17.56,40.29,7.84
2022-09-23,Chennai,140.52,52.9,85.69,26.74,9.44,7.64,18.15,19.51,48.49,5.23
2022-09-24,Chennai,148.05,56.35,84.68,20.76,11.05,7.75,14.36,12.94,36.18,9.48
2022-09-25,Chennai,127.33,50.61,74.47,16.57,6.98,8.0,14.13,23.18,43.96,13.49
2022-09-26,Chennai,162.69,70.04,98.88,22.61,11.06,9.25,20.58,16.88,44.14,9.07
2020-01-01,Bangalore,82.92,30.31,51.9,11.43,7.36,4.69,6.9,24.45,59.23,10.87
2020-01-02,Bangalore,104.35,39.41,58.54,12.59,6.53,3.87,9.71,29.95,63.8,11.83
2020-01-03,Bangalore,85.35,29.39,35.63,13.75,10.53,3.78,10.65,20.64,60.83,7.63
2020-01-04,Bangalore,88.84,25.07,45.0,9.98,3.95,3.72,12.7,23.62,66.77,6.91
2020-01-05,Bangalore,97.4,40.59,62.42,19.21,6.36,5.31,7.9,30.85,56.18,9.15
2020-01-06,Bangalore,84.92,41.76,41.38,14.52,4.81,6.57,2.62,21.31,56.11,4.73
2020-01-07,Bangalore,57.7,25.68,49.02,12.12,5.08,2.89,4.5,27.2,61.02,8.57
2020-01-08,Bangalore,99.74,36.19,50.23,15.04,7.99,4.39,8.9,27.88,64.68,13.63
2020-01-09,Bangalore,102.12,47.75,51.72,14.75,5.44,3.27,21.04,30.81,59.6,11.73
2020-01-10,Bangalore,55.0,28.96,17.63,10.8,3.42,3.13,18.64,31.3,62.45,12.27
2020-01-11,Bangalore,65.99,16.78,43.62,11.48,6.69,2.79,9.45,29.28,51.81,7.05
2020-01-12,Bangalore,111.17,39.95,72.0,20.81,7.67,4.47,13.81,23.42,62.63,7.0
2020-01-13,Bangalore,83.47,36.29,52.6,13.0,9.95,4.44,8.34,26.17,60.28,4.94
2020-01-14,Bangalore,79.22,24.74,56.6,9.73,6.97,3.66,9.39,30.68,65.32,5.23
2020-01-15,Bangalore,71.95,25.96,50.05,12.24,7.6,3.36,3.05,28.91,66.04,8.84
2020-01-16,Bangalore,62.07,17.92,32.12,6.5,5.76,3.54,7.27,30.46,72.56,9.06
2020-01-17,Bangalore,73.81,32.88,39.95,8.89,7.92,2.82,11.64,32.88,68.71,7.76
2020-01-18,Bangalore,90.53,29.51,55.63,16.61,6.88,5.55,12.32,28.76,64.19,3.63
2020-01-19,Bangalore,74.88,27.83,41.46,12.96,5.96,4.83,10.11,26.54,62.02,6.19
2020-01-20,Bangalore,83.47,34.19,47.1,9.29,8.69,4.33,11.12,25.74,61.22,7.51
2020-01-21,Bangalore,100.01,29.86,66.24,12.89,7.47,5.43,11.1,24.87,74.28,3.4
2020-01-22,Bangalore,64.03,14.43,45.41,5.23,7.63,3.58,8.82,26.83,62.95,6.87
2020-01-23,Bangalore,76.5,26.21,55.56,9.25,7.13,4.83,5.65,29.83,62.93,7.48
2020-01-24,Bangalore,86.24,32.2,46.18,13.41,4.47,5.24,6.02,25.06,66.45,6.88
2020-01-25,Bangalore,56.41,24.34,34.53,3.58,6.49,2.54,7.74,35.62,74.46,8.63
2020-01-26,Bangalore,72.31,22.06,32.54,14.33,4.98,3.45,4.1,30.51,74.05,12.57
2020-01-27,Bangalore,96.97,36.55,63.34,14.26,9.52,4.84,8.34,33.29,69.15,6.95
2020-01-28,Bangalore,63.02,26.1,31.92,10.7,4.65,2.36,17.07,26.46,70.73,8.17
2020-01-29,Bangalore,83.41,28.24,47.35,8.48,10.81,3.9,9.28,35.47,65.15,11.88
2020-01-30,Bangalore,64.53,28.77,22.88,8.57,6.04,3.26,7.9,27.97,66.01,7.07
2020-01-31,Bangalore,92.91,46.97,48.48,12.49,7.49,3.18,12.88,26.07,64.44,4.59
2020-02-01,Bangalore,40.5,8.0,34.45,7.64,5.09,2.86,4.19,30.0,75.24,12.92
2020-02-02,Bangalore,65.44,19.89,59.43,5.87,4.31,3.35,8.52,36.13,75.53,9.24
2020-02-03,Bangalore,41.58,21.81,27.71,4.21,4.3,2.15,1.62,34.17,70.49,4.64
2020-02-04,Bangalore,52.55,16.2,35.81,11.03,5.17,3.11,3.06,30.8,69.4,7.42
2020-02-05,Bangalore,51.76,20.15,25.78,10.02,2.12,1.29,3.07,33.32,73.03,2.65
2020-02-06,Bangalore,57.68,26.06,34.22,7.4,4.13,1.55,7.61,27.01,69.87,6.95
2020-02-07,Bangalore,43.18,21.12,26.23,8.59,1.06,2.05,7.3,34.67,66.2,5.48
2020-02-08,Bangalore,59.26,26.23,48.45,9.75,2.52,1.87,7.65,32.16,71.06,4.76
2020-02-09,Bangalore,66.58,32.14,37.16,11.57,1.78,4.53,5.25,35.25,75.5,3.71
2020-02-10,Bangalore,36.05,15.65,34.88,3.61,6.2,2.19,9.69,31.83,72.09,13.51
2020-02-11,Bangalore,48.86,23.15,27.44,8.6,2.78,2.55,10.65,31.0,68.6,5.1
2020-02-12,Bangalore,95.87,38.72,51.06,10.08,5.27,5.97,10.94,31.79,68.4,6.26
2020-02-13,Bangalore,62.08,21.76,35.03,4.34,7.15,3.09,8.26,34.49,77.68,6.27
2020-02-14,Bangalore,29.26,14.73,22.31,5.34,4.46,2.26,6.42,35.97,73.88,8.17
2020-02-15,Bangalore,34.92,18.06,19.52,6.68,1.67,0.0,6.58,27.35,70.49,10.46
2020-02-16,Bangalore,58.73,27.65,44.64,2.75,5.29,2.68,11.0,36.55,67.69,8.05
2020-02-17,Bangalore,56.27,26.67,31.06,13.68,3.7,2.51,2.46,32.7,59.38,7.26
2020-02-18,Bangalore,45.38,24.5,16.05,1.95,5.86,3.52,0.02,37.55,76.87,11.15
2020-02-19,Bangalore,86.53,30.65,63.83,12.18,6.3,4.81,8.82,27.91,75.6,7.05
2020-02-20,Bangalore,92.37,33.11,65.34,21.03,5.55,4.82,9.49,39.45,77.62,10.78
2020-02-21,Bangalore,48.58,25.34,30.19,6.73,6.92,3.21,2.45,30.52,73.44,11.48
2020-02-22,Bangalore,65.12,33.42,56.29,7.64,5.49,2.86,7.08,35.59,75.38,11.95
2020-02-23,Bangalore,65.36,23.56,45.15,8.48,1.55,2.25,8.34,38.67,73.52,7.49
2020-02-24,Bangalore,66.85,29.19,35.31,8.58,5.49,2.91,0.89,31.06,79.1,9.94
2020-02-25,Bangalore,40.92,23.05,34.6,3.44,1.78,1.34,4.3,31.25,75.36,5.38
2020-02-26,Bangalore,79.14,35.58,39.9,8.88,7.37,4.68,8.6,35.82,80.41,13.7
2020-02-27,Bangalore,48.55,23.09,42.79,7.47,6.68,3.85,5.26,31.25,74.06,9.25
2020-02-28,Bangalore,55.46,16.44,29.65,11.91,5.77,0.42,1.32,39.88,82.71,6.25
2020-02-29,Bangalore,48.72,12.05,19.24,8.84,7.85,4.35,0.0,32.61,72.71,8.41
2020-03-01,Bangalore,46.17,11.81,23.33,4.32,4.74,1.79,4.06,35.12,85.39,14.35
2020-03-02,Bangalore,52.02,23.09,30.51,11.75,6.5,3.48,0.0,37.3,79.14,5.32
2020-03-03,Bangalore,29.66,8.5,22.45,0.0,2.12,0.83,0.53,32.39,70.12,11.16
2020-03-04,Bangalore,17.49,0.0,11.85,0.08,5.37,0.9,0.0,35.48,72.22,10.95
2020-03-05,Bangalore,43.48,20.48,37.87,7.08,5.12,2.22,2.86,37.12,71.69,7.89
2020-03-06,Bangalore,33.11,10.4,26.6,2.13,1.83,1.7,9.92,32.4,75.99,3.96
2020-03-07,Bangalore,54.18,16.76,35.81,8.22,4.43,4.45,0.0,41.02,84.03,7.02
2020-03-08,Bangalore,52.14,22.81,25.82,8.78,8.47,1.96,5.33,31.87,75.3,6.79
2020-03-09,Bangalore,45.51,12.73,25.2,6.99,2.83,0.0,4.84,34.07,87.91,8.08
2020-03-10,Bangalore,67.23,31.57,36.93,13.98,3.49,3.87,11.43,36.36,89.37,6.25
2020-03-11,Bangalore,44.61,24.91,36.01,6.84,7.25,2.08,5.44,34.32,72.31,10.28
2020-03-12,Bangalore,22.55,12.05,12.7,8.67,0.93,0.0,10.32,37.43,81.93,6.98
2020-03-13,Bangalore,40.81,18.03,14.4,5.45,1.46,2.3,8.59,31.31,82.54,8.6
2020-03-14,Bangalore,61.47,28.01,34.95,11.33,3.53,1.39,1.56,33.0,70.96,12.65
2020-03-15,Bangalore,15.4,5.75,16.6,4.67,1.25,4.31,13.56,38.74,74.6,12.3
2020-03-16,Bangalore,42.03,8.07,36.39,0.0,2.72,3.31,6.58,30.18,80.07,9.16
2020-03-17,Bangalore,51.86,21.77,27.86,10.34,6.44,2.44,12.3,34.19,76.87,12.07
2020-03-18,Bangalore,82.82,39.73,44.73,10.13,10.15,4.04,9.95,33.94,86.01,14.43
2020-03-19,Bangalore,60.98,24.74,55.93,7.48,4.31,3.72,4.05,36.72,76.89,3.37
2020-03-20,Bangalore,44.68,9.16,24.22,7.95,0.85,2.41,6.09,34.28,74.93,8.72
2020-03-21,Bangalore,50.35,19.43,38.06,3.67,4.26,1.25,5.09,31.53,75.04,7.99
2020-03-22,Bangalore,13.93,2.74,20.09,5.63,2.72,1.48,2.19,38.76,78.22,14.36
2020-03-23,Bangalore,26.53,5.9,6.89,0.0,0.0,0.0,4.04,37.43,79.92,3.84
2020-03-24,Bangalore,51.93,18.42,37.89,6.76,2.56,1.08,4.54,32.79,79.37,9.43
2020-03-25,Bangalore,44.49,16.38,28.17,8.09,1.1,4.11,2.37,36.47,74.16,8.33
2020-03-26,Bangalore,46.32,19.26,41.06,6.25,6.3,2.61,12.97,29.6,82.3,0.02
2020-03-27,Bangalore,42.44,16.68,33.63,10.7,4.87,1.83,7.27,42.51,80.3,10.88
2020-03-28,Bangalore,41.8,14.57,33.64,8.99,2.12,2.87,8.31,37.19,79.74,11.69
2020-03-29,Bangalore,43.38,12.68,26.11,6.84,5.81,1.2,6.17,33.51,80.52,9.18
2020-03-30,Bangalore,25.98,4.0,25.7,5.18,0.36,0.96,9.09,36.24,75.16,5.65
2020-03-31,Bangalore,38.38,18.48,28.98,6.85,2.49,2.73,3.36,32.43,87.93,9.47
2020-04-01,Bangalore,23.16,5.34,14.97,3.56,1.15,1.39,0.0,37.62,79.97,3.17
2020-04-02,Bangalore,32.55,11.88,14.6,0.0,2.29,2.66,3.47,37.12,80.04,6.63
2020-04-03,Bangalore,59.82,20.27,25.63,11.75,6.25,2.71,0.0,36.41,75.47,8.43
2020-04-04,Bangalore,39.22,7.98,24.27,5.49,0.0,3.58,3.4,34.21,82.65,7.85
2020-04-05,Bangalore,50.94,22.2,21.41,7.21,0.26,2.31,11.89,30.46,78.2,1.63
2020-04-06,Bangalore,43.82,17.57,30.02,7.72,2.3,0.05,0.29,38.74,84.33,7.73
2020-04-07,Bangalore,36.41,15.38,13.63,9.33,1.47,2.26,0.0,34.42,86.14,5.16
2020-04-08,Bangalore,27.17,14.61,7.66,1.37,2.16,2.33,2.07,36.79,85.59,5.69
2020-04-09,Bangalore,36.42,6.94,19.01,9.28,1.29,2.84,3.32,40.18,91.05,11.09
2020-04-10,Bangalore,45.31,9.89,7.96,6.98,5.44,2.77,2.54,30.43,84.42,13.58
2020-04-11,Bangalore,51.42,17.22,37.46,15.52,3.73,2.4,8.41,34.01,86.42,6.79
2020-04-12,Bangalore,44.73,17.74,15.3,6.0,1.56,2.58,0.0,37.77,75.3,13.35
2020-04-13,Bangalore,52.82,27.98,35.98,3.31,2.97,1.74,3.25,39.53,78.83,6.03
2020-04-14,Bangalore,20.48,4.45,8.03,4.67,0.0,1.12,4.15,29.55,72.43,7.86
2020-04-15,Bangalore,56.49,29.8,43.52,6.65,7.34,2.51,5.47,35.0,83.64,6.17
2020-04-16,Bangalore,26.8,8.73,6.09,5.07,4.01,2.33,0.0,33.53,85.59,8.7
2020-04-17,Bangalore,58.72,23.66,35.32,10.43,5.27,2.36,10.57,31.03,85.88,5.31
2020-04-18,Bangalore,51.76,23.44,29.74,6.33,6.86,3.33,5.98,39.82,84.07,5.58
2020-04-19,Bangalore,16.44,0.0,10.72,6.62,2.54,2.4,0.0,34.19,78.61,8.72
2020-04-20,Bangalore,55.84,26.17,46.56,13.9,7.8,3.46,5.33,35.16,82.24,8.41
2020-04-21,Bangalore,60.01,19.43,32.31,11.61,4.31,3.02,6.89,31.75,78.0,6.63
2020-04-22,Bangalore,64.26,22.25,30.09,9.34,6.38,4.33,2.14,39.19,80.2,4.62
2020-04-23,Bangalore,34.19,11.66,5.5,0.26,6.18,1.01,6.25,33.97,78.7,9.1
2020-04-24,Bangalore,48.76,9.08,39.8,7.02,2.89,2.91,2.97,34.87,77.66,10.13
2020-04-25,Bangalore,56.84,21.67,25.86,9.61,4.01,1.02,7.61,32.56,80.08,5.43
2020-04-26,Bangalore,57.83,17.1,44.14,11.2,4.61,3.33,10.18,34.08,72.17,8.9
2020-04-27,Bangalore,53.32,26.34,36.73,8.18,5.4,2.44,10.57,38.08,71.59,11.35
2020-04-28,Bangalore,41.17,27.65,28.91,9.13,2.0,1.55,4.1,32.75,71.36,7.48
2020-04-29,Bangalore,62.8,29.3,27.29,9.96,5.32,2.84,9.52,35.09,75.9,11.18
2020-04-30,Bangalore,63.31,28.13,50.57,9.3,4.42,2.96,12.31,33.35,77.16,13.88
2020-05-01,Bangalore,46.52,11.89,30.77,6.79,3.22,1.37,2.93,32.49,79.91,10.56
2020-05-02,Bangalore,37.53,6.12,12.91,7.27,4.27,0.41,8.0,33.59,81.0,5.44
2020-05-03,Bangalore,38.83,8.58,20.83,5.03,2.47,1.55,11.43,28.44,72.86,6.74
2020-05-04,Bangalore,70.69,28.4,48.1,13.2,7.81,4.02,1.56,28.46,82.64,11.25
2020-05-05,Bangalore,64.96,29.17,32.42,8.78,4.4,2.22,8.83,39.83,74.24,11.89
2020-05-06,Bangalore,50.9,15.93,18.25,10.6,3.63,3.82,11.99,32.43,83.24,5.37
2020-05-07,Bangalore,48.73,15.03,37.81,2.67,3.89,3.69,11.11,31.87,81.38,4.63
2020-05-08,Bangalore,25.71,6.95,17.27,4.99,0.0,3.15,0.0,33.23,77.11,2.76
2020-05-09,Bangalore,51.5,27.22,24.98,8.02,4.78,1.12,1.89,37.65,75.59,0.09
2020-05-10,Bangalore,35.45,12.67,21.01,5.98,0.0,1.74,0.92,33.52,78.24,9.2
2020-05-11,Bangalore,56.26,29.52,51.28,5.04,3.74,3.56,6.24,24.58,74.53,11.7
2020-05-12,Bangalore,72.22,21.92,45.1,5.11,7.52,3.85,6.39,31.39,67.78,11.02
2020-05-13,Bangalore,40.32,12.13,28.19,3.16,7.62,3.58,13.13,39.1,71.88,5.35
2020-05-14,Bangalore,59.2,33.81,34.39,11.38,3.49,2.36,10.42,26.5,78.74,9.57
2020-05-15,Bangalore,71.19,25.82,42.91,11.22,6.17,4.25,5.28,40.39,73.56,7.61
2020-05-16,Bangalore,60.14,33.78,21.45,14.82,5.0,2.48,2.74,28.37,72.64,8.83
2020-05-17,Bangalore,49.6,22.95,31.89,5.91,6.65,5.15,11.93,30.98,76.62,9.7
2020-05-18,Bangalore,58.25,31.32,32.25,5.84,6.93,3.32,2.56,34.05,83.06,5.92
2020-05-19,Bangalore,73.1,24.79,44.1,13.01,5.7,4.79,9.81,34.84,70.01,4.32
2020-05-20,Bangalore,63.34,23.63,27.23,10.73,1.03,2.71,6.46,28.54,71.83,8.01
2020-05-21,Bangalore,60.01,30.35,27.68,10.07,5.91,2.98,5.21,28.13,82.6,8.22
2020-05-22,Bangalore,78.08,29.65,63.82,12.38,11.33,2.49,8.42,27.31,72.23,7.62
2020-05-23,Bangalore,69.15,25.37,41.92,9.14,5.31,2.7,14.07,27.96,73.64,4.42
2020-05-24,Bangalore,44.07,13.45,20.62,6.22,3.88,1.1,3.63,28.18,67.13,11.4
2020-05-25,Bangalore,72.29,21.96,43.97,15.94,8.2,4.04,8.61,33.23,73.88,12.27
2020-05-26,Bangalore,77.77,30.44,54.67,10.69,10.01,3.73,2.86,31.11,75.58,12.89
2020-05-27,Bangalore,45.69,13.3,13.46,8.34,4.59,0.87,4.16,29.88,75.59,6.76
2020-05-28,Bangalore,30.95,10.2,19.49,0.51,6.28,2.48,0.91,27.24,65.99,9.76
2020-05-29,Bangalore,50.09,14.98,28.06,2.44,5.09,3.08,5.27,31.03,74.88,8.5
2020-05-30,Bangalore,64.93,29.87,29.61,10.87,5.58,4.45,7.91,30.02,67.83,12.47
2020-05-31,Bangalore,82.36,21.16,53.51,12.29,6.22,3.79,9.66,31.6,66.35,8.41
2020-06-01,Bangalore,54.61,23.6,25.14,9.7,5.09,1.93,1.8,27.58,70.7,7.77
2020-06-02,Bangalore,77.07,37.8,43.31,8.89,7.48,2.87,6.09,27.53,54.74,9.7
2020-06-03,Bangalore,26.14,15.15,23.02,9.58,5.1,0.97,7.57,29.42,67.29,5.73
2020-06-04,Bangalore,73.01,27.87,46.44,15.69,7.3,2.88,4.58,31.26,73.63,11.68
2020-06-05,Bangalore,64.99,24.65,42.75,12.32,2.5,3.53,11.42,30.94,68.41,15.83
2020-06-06,Bangalore,103.37,51.0,62.1,14.94,9.67,5.11,17.49,25.45,67.3,10.06
2020-06-07,Bangalore,44.31,22.74,14.74,3.78,0.19,1.34,0.21,30.71,69.33,7.54
2020-06-08,Bangalore,73.28,29.44,53.52,7.87,2.0,4.37,7.23,25.88,70.64,2.1
2020-06-09,Bangalore,45.84,14.05,8.4,7.65,6.81,1.72,2.33,34.13,70.69,15.14
2020-06-10,Bangalore,66.89,27.56,41.95,14.37,5.05,3.59,0.0,33.83,69.19,7.68
2020-06-11,Bangalore,50.44,24.71,20.81,5.91,5.14,2.57,7.84,29.2,70.06,4.04
2020-06-12,Bangalore,111.3,50.91,62.91,16.87,7.7,5.28,14.27,30.5,71.09,9.3
2020-06-13,Bangalore,72.29,25.94,46.33,11.56,5.9,4.15,3.57,22.05,72.21,7.61
2020-06-14,Bangalore,75.3,32.2,38.24,15.08,6.72,3.59,10.18,22.74,67.8,12.46
2020-06-15,Bangalore,78.67,33.04,48.69,10.85,8.46,5.16,7.71,28.88,66.77,9.21
2020-06-16,Bangalore,63.17,21.41,47.05,11.17,7.46,2.04,3.35,33.81,71.01,5.55
2020-06-17,Bangalore,96.84,43.08,54.38,9.43,3.55,4.82,17.86,32.03,71.24,10.49
2020-06-18,Bangalore,91.47,38.17,64.1,7.69,9.3,3.45,7.33,29.39,69.25,6.17
2020-06-19,Bangalore,96.49,41.83,62.4,13.54,8.03,6.91,10.45,26.39,65.02,7.45
2020-06-20,Bangalore,65.32,30.08,50.94,9.06,3.51,5.24,8.32,21.85,73.24,11.38
2020-06-21,Bangalore,101.48,48.6,72.36,23.16,6.04,4.28,10.21,25.24,64.21,6.53
2020-06-22,Bangalore,100.62,34.3,53.37,14.21,10.34,4.46,15.31,22.66,47.26,7.6
2020-06-23,Bangalore,82.7,30.03,42.57,9.41,5.2,3.15,6.34,22.38,52.27,1.37
2020-06-24,Bangalore,100.49,52.5,59.79,19.65,7.68,4.88,13.29,28.21,56.34,6.86
2020-06-25,Bangalore,92.03,38.33,39.75,17.7,9.49,2.5,7.53,26.43,66.44,12.58
2020-06-26,Bangalore,64.9,22.77,57.65,9.59,4.74,3.81,9.03,26.71,71.87,8.74
2020-06-27,Bangalore,86.95,29.86,45.45,17.46,8.32,2.79,4.01,25.85,64.63,5.97
2020-06-28,Bangalore,83.35,24.94,41.01,17.44,7.66,5.17,14.66,23.72,59.34,7.5
2020-06-29,Bangalore,92.73,39.18,64.35,19.52,9.05,5.46,18.83,24.82,66.81,9.73
2020-06-30,Bangalore,107.65,46.13,62.87,11.96,9.3,5.73,10.62,24.97,56.11,5.38
2020-07-01,Bangalore,68.59,25.03,30.53,8.54,6.91,4.89,16.53,23.89,66.17,9.01
2020-07-02,Bangalore,87.44,33.79,55.68,16.42,6.0,3.85,8.85,23.03,65.82,5.71
2020-07-03,Bangalore,82.64,30.12,52.08,13.09,5.79,5.82,7.39,24.23,49.85,7.09
2020-07-04,Bangalore,84.17,27.05,43.17,6.76,4.95,4.13,9.12,23.33,57.52,6.49
2020-07-05,Bangalore,84.38,33.58,49.75,13.48,6.35,3.79,13.24,26.21,58.63,11.59
2020-07-06,Bangalore,98.63,39.87,57.89,14.59,8.22,4.01,4.34,25.07,62.62,5.0
2020-07-07,Bangalore,106.33,47.9,50.63,14.27,11.92,5.67,11.55,24.81,64.09,3.66
2020-07-08,Bangalore,104.59,48.42,58.83,17.81,7.14,6.91,12.43,19.9,60.12,11.9
2020-07-09,Bangalore,103.02,47.15,62.56,17.89,7.4,5.74,13.81,15.03,52.42,8.62
2020-07-10,Bangalore,110.44,45.0,66.03,16.83,11.25,5.88,3.92,29.39,47.55,10.87
2020-07-11,Bangalore,137.69,47.25,94.0,19.82,11.78,4.9,19.44,24.62,59.83,10.85
2020-07-12,Bangalore,104.89,42.85,61.25,13.3,7.5,6.45,9.24,17.67,51.47,9.82
2020-07-13,Bangalore,119.03,46.1,76.25,11.85,3.56,6.22,18.3,17.9,58.7,11.57
2020-07-14,Bangalore,119.04,47.59,78.63,18.43,9.0,6.77,21.94,21.19,55.29,5.03
2020-07-15,Bangalore,132.1,53.62,78.01,23.29,13.41,7.39,20.04,20.58,50.62,9.31
2020-07-16,Bangalore,114.7,45.98,84.81,11.44,10.42,6.34,10.72,19.63,53.36,3.08
2020-07-17,Bangalore,94.48,45.08,78.29,13.15,6.28,3.41,6.95,20.6,60.77,17.58
2020-07-18,Bangalore,112.56,41.41,60.32,13.38,9.91,5.97,13.91,20.86,61.19,10.29
2020-07-19,Bangalore,112.6,48.65,70.52,16.32,7.58,6.15,15.2,23.73,46.24,9.02
2020-07-20,Bangalore,121.9,47.22,66.11,20.47,10.11,8.45,16.57,20.98,53.2,4.48
2020-07-21,Bangalore,97.41,45.12,60.97,15.61,5.66,5.65,7.95,20.04,54.04,6.26
2020-07-22,Bangalore,130.34,48.17,77.8,22.58,12.22,7.22,17.59,20.12,58.69,2.79
2020-07-23,Bangalore,112.24,47.07,74.08,16.57,7.53,5.58,10.44,22.93,57.49,9.34
2020-07-24,Bangalore,125.58,52.17,81.43,21.46,8.49,4.74,16.18,24.0,44.54,8.21
2020-07-25,Bangalore,118.44,53.02,70.14,22.33,12.14,5.74,12.74,20.02,52.8,4.48
2020-07-26,Bangalore,116.45,39.79,51.7,17.4,13.39,3.83,13.24,20.26,51.05,11.77
2020-07-27,Bangalore,118.92,43.13,55.78,16.23,8.18,3.71,15.25,17.19,51.08,6.91
2020-07-28,Bangalore,126.29,45.14,82.9,18.1,10.21,6.9,16.31,21.03,47.07,4.66
2020-07-29,Bangalore,146.38,59.34,80.13,24.34,11.45,7.97,13.62,17.02,59.28,7.55
2020-07-30,Bangalore,87.52,39.57,41.22,12.28,9.61,2.81,19.6,20.9,46.48,9.06
2020-07-31,Bangalore,126.65,56.21,69.39,16.95,10.63,6.8,14.4,21.34,54.54,8.52
2020-08-01,Bangalore,119.98,44.54,71.82,23.27,10.26,7.24,12.34,20.78,53.95,12.49
2020-08-02,Bangalore,117.43,53.11,61.5,21.07,12.77,5.3,10.51,19.77,50.58,6.95
2020-08-03,Bangalore,85.39,28.22,63.01,10.23,5.82,4.38,4.36,15.05,47.23,10.48
2020-08-04,Bangalore,130.29,53.05,61.7,23.71,12.02,6.71,16.29,21.57,60.73,10.64
2020-08-05,Bangalore,120.44,49.66,62.45,18.56,11.18,5.91,12.36,21.07,43.87,10.6
2020-08-06,Bangalore,110.53,42.04,49.34,15.22,8.73,6.08,15.01,15.39,49.14,6.4
2020-08-07,Bangalore,124.41,47.96,66.66,18.51,16.22,8.08,10.93,19.32,46.67,8.43
2020-08-08,Bangalore,120.09,52.62,71.02,15.88,11.92,4.77,15.17,14.53,42.84,10.23
2020-08-09,Bangalore,99.05,36.22,44.42,12.69,6.26,3.69,14.09,14.21,44.75,8.4
2020-08-10,Bangalore,127.2,49.17,73.09,16.91,7.74,5.72,17.89,17.41,48.26,11.35
2020-08-11,Bangalore,135.26,57.1,70.95,21.63,12.92,6.18,9.89,17.26,48.1,9.78
2020-08-12,Bangalore,119.0,45.0,55.12,14.02,10.24,7.94,14.19,22.39,41.61,6.06
2020-08-13,Bangalore,131.83,41.03,82.05,17.09,11.74,6.09,23.91,23.7,35.12,9.77
2020-08-14,Bangalore,130.18,48.36,83.28,15.5,13.3,7.54,9.97,17.65,47.2,10.16
2020-08-15,Bangalore,144.89,57.89,93.22,21.52,12.81,5.88,17.28,21.52,53.19,8.52
2020-08-16,Bangalore,128.28,50.82,87.91,18.94,12.55,6.31,15.55,14.63,39.64,10.93
2020-08-17,Bangalore,142.48,65.61,86.33,20.87,13.44,7.46,7.5,20.8,38.96,7.96
2020-08-18,Bangalore,126.38,48.34,70.7,19.1,11.9,6.35,20.8,22.31,53.03,7.83
2020-08-19,Bangalore,161.19,62.09,96.44,27.55,15.03,5.46,20.57,10.48,45.08,6.41
2020-08-20,Bangalore,125.72,46.1,82.23,16.92,10.04,5.35,15.38,20.35,40.56,9.92
2020-08-21,Bangalore,122.58,49.31,73.93,17.34,11.35,6.8,14.18,17.97,48.44,9.62
2020-08-22,Bangalore,131.92,51.23,88.48,22.38,14.78,5.03,18.64,20.71,49.53,7.24
2020-08-23,Bangalore,123.06,42.41,86.15,17.01,9.25,8.22,9.68,19.6,40.52,5.67
2020-08-24,Bangalore,115.8,47.16,74.89,20.22,11.43,5.08,9.32,16.01,45.81,7.38
2020-08-25,Bangalore,145.98,40.23,72.97,21.18,13.39,6.39,20.45,12.45,45.15,8.79
2020-08-26,Bangalore,89.65,38.2,45.72,8.8,8.62,2.96,7.67,21.01,44.52,9.11
2020-08-27,Bangalore,125.33,53.26,79.91,18.74,8.22,8.95,13.87,17.73,45.67,6.4
2020-08-28,Bangalore,116.47,44.46,81.79,15.25,10.14,6.72,13.12,16.36,48.07,7.59
2020-08-29,Bangalore,139.21,45.3,95.56,17.96,11.57,5.64,14.66,15.24,43.97,5.37
2020-08-30,Bangalore,104.72,51.8,63.03,18.35,8.36,6.23,4.16,14.34,40.3,6.41
2020-08-31,Bangalore,146.23,61.09,92.44,21.71,11.6,9.75,18.85,9.69,46.59,9.68
2020-09-01,Bangalore,148.31,65.12,93.77,19.53,13.64,7.51,21.98,20.93,41.96,10.63
2020-09-02,Bangalore,114.41,50.93,69.92,23.04,11.24,5.14,14.77,18.78,52.0,9.86
2020-09-03,Bangalore,142.18,58.32,95.42,20.67,9.39,7.81,15.55,24.27,43.5,10.13
2020-09-04,Bangalore,147.47,55.85,98.6,22.04,11.55,7.27,12.53,15.29,44.81,3.36
2020-09-05,Bangalore,154.23,66.8,90.39,23.87,7.87,7.94,14.34,14.91,34.1,5.35
2020-09-06,Bangalore,118.48,46.57,68.91,20.43,5.74,5.87,13.82,14.52,37.22,11.31
2020-09-07,Bangalore,116.74,56.93,56.33,14.74,7.33,5.56,19.03,17.41,40.88,8.05
2020-09-08,Bangalore,163.77,63.91,104.17,27.15,14.28,5.99,19.71,15.2,46.47,8.72
2020-09-09,Bangalore,129.25,54.48,73.59,22.21,12.81,4.84,10.32,17.98,40.52,11.09
2020-09-10,Bangalore,133.99,54.81,85.94,17.86,11.4,7.04,13.32,18.64,31.79,8.62
2020-09-11,Bangalore,151.71,54.22,82.85,25.72,9.94,6.44,20.53,12.24,46.24,9.93
2020-09-12,Bangalore,124.98,46.1,82.83,12.93,10.94,5.0,12.9,14.14,47.44,6.5
2020-09-13,Bangalore,138.82,55.13,79.78,17.87,9.04,7.25,16.55,17.75,39.72,7.37
2020-09-14,Bangalore,156.45,66.41,90.89,19.15,14.21,7.15,19.04,13.53,35.96,2.3
2020-09-15,Bangalore,122.02,50.5,46.06,22.2,11.83,5.19,21.0,21.55,39.36,9.23
2020-09-16,Bangalore,136.08,55.11,93.76,16.23,10.43,7.72,19.58,15.19,47.6,8.7
2020-09-17,Bangalore,126.91,51.33,81.72,18.85,10.25,5.56,26.96,13.86,44.2,13.73
2020-09-18,Bangalore,132.41,46.25,84.34,19.93,14.18,5.71,12.88,15.09,38.01,6.62
2020-09-19,Bangalore,162.01,74.94,98.22,21.95,12.18,8.51,20.79,13.47,32.27,7.85
2020-09-20,Bangalore,165.48,65.8,94.12,28.66,14.39,8.41,18.42,20.37,34.57,6.51
2020-09-21,Bangalore,148.44,57.12,91.46,24.25,9.2,6.74,19.6,13.15,38.27,8.52
2020-09-22,Bangalore,152.72,56.19,93.85,24.75,12.29,9.06,21.23,14.99,38.62,13.26
2020-09-23,Bangalore,152.45,57.67,89.29,21.64,12.99,9.88,19.28,14.12,41.12,4.06
2020-09-24,Bangalore,134.92,53.03,94.58,22.22,13.26,7.76,13.35,20.8,31.25,9.0
2020-09-25,Bangalore,148.69,49.18,75.51,25.11,10.51,8.68,9.15,14.78,34.02,7.01
2020-09-26,Bangalore,125.78,58.06,89.8,20.41,6.87,5.08,15.73,12.62,43.36,13.03
2020-09-27,Bangalore,130.92,47.45,71.39,16.1,9.96,6.6,15.8,17.71,42.01,7.82
2020-09-28,Bangalore,144.06,57.83,87.12,21.44,10.17,6.0,17.86,13.51,42.65,8.22
2020-09-29,Bangalore,129.5,51.88,85.58,15.21,13.9,4.29,21.34,15.61,37.39,3.59
2020-09-30,Bangalore,126.36,47.55,74.51,19.54,13.0,6.39,16.44,16.05,38.36,7.42
2020-10-01,Bangalore,134.8,53.39,85.89,17.48,9.77,7.1,11.87,15.34,37.27,9.52
2020-10-02,Bangalore,162.68,71.94,93.25,26.68,13.42,7.75,19.55,18.9,39.15,11.93
2020-10-03,Bangalore,168.84,66.94,90.0,24.89,10.53,8.12,18.84,20.46,48.06,8.26
2020-10-04,Bangalore,144.97,64.05,83.8,17.46,12.65,7.61,13.65,12.34,44.73,2.95
2020-10-05,Bangalore,154.16,64.45,89.98,24.8,14.31,6.83,13.94,19.43,39.77,8.98
2020-10-06,Bangalore,136.92,59.32,74.46,23.24,12.23,8.32,22.24,15.23,43.85,8.13
2020-10-07,Bangalore,114.33,46.46,59.56,16.48,5.56,5.58,19.0,17.39,40.68,7.39
2020-10-08,Bangalore,131.83,50.03,71.75,22.23,7.48,5.03,19.44,15.7,40.38,8.62
2020-10-09,Bangalore,140.51,66.26,84.76,21.96,15.36,6.96,23.77,8.78,34.39,6.0
2020-10-10,Bangalore,147.14,61.78,102.48,20.3,13.73,9.59,23.92,13.91,44.6,9.02
2020-10-11,Bangalore,143.39,54.06,89.45,20.09,11.72,5.79,10.15,14.3,41.9,4.62
2020-10-12,Bangalore,140.54,58.85,84.67,23.03,13.13,8.37,19.28,14.3,41.32,14.99
2020-10-13,Bangalore,135.99,59.32,82.17,19.95,9.68,5.61,23.15,16.66,34.1,7.62
2020-10-14,Bangalore,149.6,66.19,86.19,20.0,12.68,8.14,16.17,13.46,42.82,4.63
2020-10-15,Bangalore,123.8,46.83,73.32,20.79,9.05,6.75,19.52,13.78,56.71,12.26
2020-10-16,Bangalore,156.1,63.8,92.2,21.75,15.81,8.02,12.98,10.21,41.25,8.4
2020-10-17,Bangalore,135.06,49.44,68.92,14.37,9.29,6.39,18.97,15.0,46.1,9.82
2020-10-18,Bangalore,174.64,72.42,112.62,22.04,12.9,11.13,13.33,14.54,43.26,2.37
2020-10-19,Bangalore,138.66,51.7,99.17,21.31,9.94,7.14,14.33,20.63,36.02,6.43
2020-10-20,Bangalore,135.94,46.91,79.2,19.87,13.27,5.78,18.25,15.8,31.63,5.82
2020-10-21,Bangalore,134.43,49.95,94.12,21.8,11.04,2.43,8.5,17.78,45.11,5.77
2020-10-22,Bangalore,135.54,54.35,80.98,20.84,10.1,7.59,20.69,12.78,35.35,5.61
2020-10-23,Bangalore,151.41,60.81,93.69,25.08,14.06,7.93,19.09,20.67,41.47,9.77
2020-10-24,Bangalore,141.35,58.14,83.43,20.7,13.95,6.98,15.55,13.58,43.69,6.46
2020-10-25,Bangalore,156.47,64.25,95.31,22.19,9.73,6.79,15.29,12.85,43.99,14.39
2020-10-26,Bangalore,148.3,56.76,85.9,20.49,13.58,7.84,17.73,12.29,37.02,8.53
2020-10-27,Bangalore,141.45,57.7,84.74,23.21,8.87,7.38,17.97,13.13,38.98,10.08
2020-10-28,Bangalore,146.21,52.79,107.44,23.6,11.58,7.06,20.7,14.85,40.31,12.36
2020-10-29,Bangalore,158.19,60.92,96.0,21.45,13.17,8.49,25.71,13.35,35.08,7.2
2020-10-30,Bangalore,149.71,56.8,89.7,24.02,16.51,7.03,9.12,15.53,44.23,5.09
2020-10-31,Bangalore,143.66,58.63,87.3,22.33,13.08,7.1,19.43,10.93,37.84,6.98
2020-11-01,Bangalore,145.38,53.13,87.28,20.78,10.72,8.15,17.78,13.16,39.81,10.26
2020-11-02,Bangalore,121.32,49.53,82.36,20.74,8.93,7.5,20.63,11.15,43.16,6.35
2020-11-03,Bangalore,176.75,69.4,99.52,23.69,15.94,7.67,21.58,12.55,49.53,8.09
2020-11-04,Bangalore,145.64,61.98,88.95,21.09,11.79,8.79,13.89,9.04,39.44,4.37
2020-11-05,Bangalore,146.67,63.51,86.6,24.48,11.8,7.34,18.26,21.23,44.5,11.33
2020-11-06,Bangalore,136.35,59.76,80.5,20.23,10.15,8.1,12.6,14.72,42.39,4.56
2020-11-07,Bangalore,101.82,37.77,70.18,17.23,7.3,5.89,20.55,17.93,51.07,10.55
2020-11-08,Bangalore,131.81,51.25,80.66,21.35,9.05,3.98,12.48,10.62,40.42,2.88
2020-11-09,Bangalore,136.41,58.97,72.39,22.09,12.45,7.52,8.9,20.56,46.5,10.41
2020-11-10,Bangalore,122.41,58.11,79.8,14.81,11.1,4.62,14.44,15.8,44.66,3.47
2020-11-11,Bangalore,121.74,41.72,69.45,17.59,8.89,7.54,16.3,18.61,42.92,3.82
2020-11-12,Bangalore,128.58,51.41,91.61,19.96,12.51,7.67,17.67,18.19,40.12,7.37
2020-11-13,Bangalore,144.68,56.07,89.45,17.46,10.5,7.64,14.55,14.9,41.33,7.18
2020-11-14,Bangalore,151.38,48.65,84.86,25.57,12.76,7.99,10.85,16.52,44.95,9.39
2020-11-15,Bangalore,134.53,59.37,88.35,18.42,9.64,8.14,14.7,14.64,44.73,12.05
2020-11-16,Bangalore,122.86,44.62,70.29,15.84,11.74,6.43,18.45,22.7,38.45,5.72
2020-11-17,Bangalore,125.34,47.97,75.75,20.32,9.04,5.57,18.87,19.77,47.84,1.56
2020-11-18,Bangalore,131.66,58.7,80.46,19.26,8.89,5.95,12.23,12.26,42.42,3.2
2020-11-19,Bangalore,132.81,52.82,70.48,22.11,7.3,7.84,19.28,15.18,46.3,5.44
2020-11-20,Bangalore,135.44,57.07,95.66,23.86,9.46,6.89,22.34,20.09,52.08,9.95
2020-11-21,Bangalore,121.68,49.05,72.45,14.62,8.2,5.18,13.2,18.94,46.75,8.65
2020-11-22,Bangalore,135.56,57.55,78.01,22.55,13.12,7.19,14.09,21.62,49.97,9.86
2020-11-23,Bangalore,133.72,61.16,85.91,24.78,10.4,6.25,20.64,15.96,57.27,11.91
2020-11-24,Bangalore,120.37,48.59,81.83,20.04,7.05,5.2,15.59,19.53,54.65,8.91
2020-11-25,Bangalore,99.83,33.59,55.53,17.2,4.34,3.58,10.49,21.97,47.3,9.38
2020-11-26,Bangalore,111.66,44.69,65.87,14.79,10.61,4.33,12.46,22.77,44.84,3.33
2020-11-27,Bangalore,147.76,48.52,93.98,24.36,11.13,6.12,17.15,23.01,42.6,11.17
2020-11-28,Bangalore,98.14,30.78,49.79,15.05,9.75,6.38,15.74,24.28,50.15,6.14
2020-11-29,Bangalore,142.59,62.96,96.46,24.18,12.63,8.52,18.48,19.7,53.16,9.43
2020-11-30,Bangalore,96.18,42.9,56.66,17.16,9.41,5.02,8.54,23.64,43.78,5.13
2020-12-01,Bangalore,109.79,44.76,45.81,21.1,8.81,7.03,20.39,19.6,56.87,4.82
2020-12-02,Bangalore,115.04,48.18,65.23,19.34,10.97,5.59,15.98,23.05,51.36,15.62
2020-12-03,Bangalore,146.65,57.98,101.24,25.43,8.01,8.83,21.89,20.71,52.57,9.48
2020-12-04,Bangalore,119.56,54.7,68.43,22.69,7.4,4.22,16.72,24.29,50.14,1.21
2020-12-05,Bangalore,115.21,38.63,72.62,17.25,11.79,5.83,10.86,21.6,56.42,12.05
2020-12-06,Bangalore,103.63,40.9,62.72,17.88,6.79,5.92,11.51,20.6,51.67,8.39
2020-12-07,Bangalore,124.72,59.46,71.08,17.46,12.87,6.68,18.04,17.89,53.2,10.43
2020-12-08,Bangalore,108.43,40.0,70.09,15.65,7.38,6.43,17.56,21.53,54.54,11.97
2020-12-09,Bangalore,111.91,42.79,69.94,15.63,6.92,5.2,8.93,22.58,48.74,3.81
2020-12-10,Bangalore,109.19,47.39,70.93,15.39,10.14,4.65,11.61,22.69,58.1,6.85
2020-12-11,Bangalore,124.57,46.85,82.6,20.52,10.26,7.41,22.74,22.72,50.3,9.49
2020-12-12,Bangalore,124.41,45.66,84.58,16.56,9.57,5.38,15.66,22.44,57.29,8.36
2020-12-13,Bangalore,98.83,39.76,54.71,13.97,5.12,6.34,11.48,26.87,53.3,2.29
2020-12-14,Bangalore,101.98,38.54,61.16,15.49,9.51,5.27,10.89,19.37,52.2,9.81
2020-12-15,Bangalore,99.69,44.17,54.42,17.97,9.11,4.1,12.95,23.39,49.24,3.92
2020-12-16,Bangalore,112.52,47.38,63.88,21.41,12.44,6.1,17.31,19.37,48.23,7.58
2020-12-17,Bangalore,122.55,42.59,75.99,16.03,10.19,5.95,17.26,23.59,53.21,3.89
2020-12-18,Bangalore,111.09,45.25,52.71,20.4,9.94,6.4,9.45,23.85,52.23,8.45
2020-12-19,Bangalore,74.46,24.79,44.01,7.03,5.64,2.08,15.92,23.43,55.93,10.03
2020-12-20,Bangalore,117.89,40.66,64.49,19.28,9.75,5.17,16.74,24.03,58.76,9.17
2020-12-21,Bangalore,85.43,30.76,50.65,7.24,5.81,4.03,12.76,24.82,52.81,5.68
2020-12-22,Bangalore,94.11,44.18,54.11,14.46,9.1,4.63,10.69,22.51,54.37,8.43
2020-12-23,Bangalore,106.98,33.68,61.3,17.67,9.41,6.76,16.19,24.85,57.4,6.63
2020-12-24,Bangalore,101.91,43.28,63.74,14.16,6.42,5.04,16.85,24.13,57.74,9.27
2020-12-25,Bangalore,115.43,48.58,71.25,17.19,8.22,6.78,12.14,28.69,58.71,8.16
2020-12-26,Bangalore,92.34,40.73,50.18,15.57,7.62,5.03,8.35,22.06,49.12,6.63
2020-12-27,Bangalore,86.16,31.92,46.36,12.58,7.02,4.81,12.6,26.26,62.09,8.83
2020-12-28,Bangalore,95.15,38.33,64.52,16.35,4.65,4.58,4.2,19.01,56.42,7.62
2020-12-29,Bangalore,113.64,43.33,53.97,19.37,7.68,6.17,10.92,23.16,61.48,6.95
2020-12-30,Bangalore,107.59,43.89,66.77,11.86,9.56,4.44,8.47,22.65,63.73,3.2
2020-12-31,Bangalore,98.61,42.7,61.88,15.01,8.38,4.64,14.56,23.72,51.88,7.77
2021-01-01,Bangalore,116.35,50.55,73.75,22.9,8.8,5.66,13.03,22.84,57.98,4.88
2021-01-02,Bangalore,112.79,33.65,63.03,16.99,10.28,5.06,11.28,28.44,54.03,7.51
2021-01-03,Bangalore,106.61,47.43,58.3,11.39,11.94,6.13,16.11,25.25,64.24,0.53
2021-01-04,Bangalore,76.27,28.32,53.34,7.25,5.43,4.13,6.02,25.71,63.3,8.91
2021-01-05,Bangalore,104.85,39.94,56.28,16.92,9.07,5.53,13.04,26.88,66.1,8.93
2021-01-06,Bangalore,89.23,36.18,49.32,17.54,4.89,4.26,8.67,20.55,63.83,7.39
2021-01-07,Bangalore,85.51,34.36,49.87,15.09,8.6,3.17,17.32,25.48,65.34,8.54
2021-01-08,Bangalore,80.36,32.67,52.67,16.01,7.98,3.77,9.31,24.68,66.32,9.77
2021-01-09,Bangalore,87.19,33.16,62.93,16.3,10.62,3.57,10.06,25.95,76.1,8.03
2021-01-10,Bangalore,79.55,38.15,56.01,11.68,6.47,4.5,14.58,26.2,60.88,10.8
2021-01-11,Bangalore,90.65,30.53,56.41,16.78,8.11,3.97,6.87,30.44,62.89,5.3
2021-01-12,Bangalore,84.69,39.57,57.22,9.55,11.8,3.69,13.3,33.01,68.54,8.78
2021-01-13,Bangalore,89.77,28.75,70.19,16.06,4.35,6.03,11.02,26.39,61.58,8.51
2021-01-14,Bangalore,93.95,41.62,52.41,14.47,14.28,5.17,15.14,24.51,57.99,12.39
2021-01-15,Bangalore,80.42,38.06,61.96,11.82,8.94,1.47,11.81,30.65,61.67,11.17
2021-01-16,Bangalore,72.96,28.29,43.14,10.17,9.0,3.19,6.45,25.15,63.6,8.59
2021-01-17,Bangalore,53.12,24.44,25.85,9.09,5.47,1.72,6.63,27.63,66.14,6.41
2021-01-18,Bangalore,93.97,36.91,56.63,19.69,7.61,6.04,16.93,24.09,64.64,12.25
2021-01-19,Bangalore,82.8,34.02,48.75,14.67,8.76,4.11,8.82,21.12,66.66,6.86
2021-01-20,Bangalore,78.18,26.24,45.27,10.47,6.59,3.63,11.17,28.9,73.12,6.4
2021-01-21,Bangalore,97.61,47.95,67.11,19.1,8.31,4.6,9.56,33.79,72.56,4.98
2021-01-22,Bangalore,59.93,28.86,29.35,9.96,6.45,4.45,8.14,28.3,67.62,11.2
2021-01-23,Bangalore,79.32,35.67,47.46,6.31,1.48,4.19,4.79,27.27,66.58,14.23
2021-01-24,Bangalore,63.24,25.91,43.71,11.0,0.22,2.76,2.71,34.2,58.93,6.74
2021-01-25,Bangalore,86.78,33.41,44.18,13.32,6.86,4.5,12.42,29.88,70.25,11.34
2021-01-26,Bangalore,42.79,8.87,31.27,3.28,2.14,2.26,6.78,30.91,63.93,12.89
2021-01-27,Bangalore,87.49,32.91,46.74,9.31,4.26,2.97,11.76,31.29,64.64,4.57
2021-01-28,Bangalore,86.12,33.39,52.45,13.71,4.96,4.14,16.6,26.05,69.13,9.5
2021-01-29,Bangalore,60.1,19.2,40.95,5.0,6.08,3.05,1.53,31.85,65.1,7.54
2021-01-30,Bangalore,74.21,32.83,36.81,9.55,8.19,1.64,14.58,25.54,66.38,8.85
2021-01-31,Bangalore,58.96,26.6,37.76,8.99,3.84,4.51,10.17,33.61,68.07,1.02
2021-02-01,Bangalore,78.18,36.37,49.76,12.28,5.12,3.56,6.99,30.37,64.79,10.29
2021-02-02,Bangalore,83.36,43.53,45.24,7.73,6.47,4.48,11.82,35.19,74.84,2.57
2021-02-03,Bangalore,55.28,15.93,36.42,6.93,7.45,1.83,10.48,28.58,72.36,5.52
2021-02-04,Bangalore,50.21,22.88,38.71,8.29,7.84,1.79,6.42,33.2,66.59,8.19
2021-02-05,Bangalore,85.43,37.49,58.69,16.24,5.1,4.56,4.99,28.63,70.75,11.43
2021-02-06,Bangalore,97.42,41.61,58.77,15.96,8.84,5.24,9.39,28.08,70.78,5.62
2021-02-07,Bangalore,75.05,33.13,57.26,12.95,2.38,3.12,9.08,26.78,72.33,9.41
2021-02-08,Bangalore,75.5,37.25,59.85,7.75,5.81,3.67,6.21,31.52,72.04,9.84
2021-02-09,Bangalore,61.35,31.32,37.87,7.73,2.86,5.11,10.99,32.55,71.88,12.84
2021-02-10,Bangalore,68.39,26.56,27.34,11.05,3.02,3.69,13.58,26.47,68.47,10.59
2021-02-11,Bangalore,70.32,25.63,45.51,11.8,7.4,2.87,0.0,32.81,65.39,10.81
2021-02-12,Bangalore,61.7,24.47,34.65,11.33,1.45,2.88,9.2,32.5,71.04,6.56
2021-02-13,Bangalore,84.08,41.35,57.75,10.62,9.42,4.96,12.04,33.45,68.01,12.52
2021-02-14,Bangalore,65.88,31.11,41.49,10.61,5.09,2.73,10.04,29.61,74.74,8.29
2021-02-15,Bangalore,67.22,28.81,47.86,11.29,6.76,1.42,9.91,32.34,76.09,6.41
2021-02-16,Bangalore,59.63,29.61,37.78,6.71,3.63,3.88,6.81,32.22,73.48,11.03
2021-02-17,Bangalore,60.58,26.65,26.85,6.16,4.86,2.39,0.0,30.12,73.32,6.8
2021-02-18,Bangalore,79.21,35.29,29.65,9.56,7.93,3.29,4.66,30.43,77.17,7.24
2021-02-19,Bangalore,62.57,21.4,41.4,10.51,2.48,3.22,2.31,36.09,81.32,7.14
2021-02-20,Bangalore,62.39,30.28,31.38,8.94,3.82,3.09,7.75,32.69,74.94,8.38
2021-02-21,Bangalore,62.06,31.1,21.15,15.07,4.26,3.03,12.76,34.62,78.28,11.74
2021-02-22,Bangalore,53.35,20.51,39.36,4.22,5.1,3.23,10.99,35.03,76.84,7.05
2021-02-23,Bangalore,37.19,13.23,19.75,1.69,6.46,2.86,5.48,35.46,79.79,5.02
2021-02-24,Bangalore,81.41,35.75,59.0,10.18,3.45,2.91,9.38,29.46,75.37,6.04
2021-02-25,Bangalore,73.37,29.34,39.95,10.9,7.07,2.71,9.93,30.66,76.4,7.75
2021-02-26,Bangalore,75.62,32.02,46.85,15.06,6.0,3.15,12.79,34.3,81.04,7.64
2021-02-27,Bangalore,40.34,9.59,42.16,4.24,0.91,2.73,1.06,32.23,77.44,7.57
2021-02-28,Bangalore,77.66,29.25,59.32,11.32,4.41,4.86,6.43,33.17,72.47,8.63
2021-03-01,Bangalore,85.06,34.22,50.81,13.21,8.44,4.96,6.05,31.56,81.8,5.65
2021-03-02,Bangalore,70.82,30.79,49.21,5.7,4.85,4.36,7.91,32.46,81.5,11.31
2021-03-03,Bangalore,79.46,28.39,61.81,6.57,3.34,3.52,8.2,32.89,74.85,5.82
2021-03-04,Bangalore,66.32,25.43,35.08,11.99,5.37,3.1,7.67,37.18,75.26,4.18
2021-03-05,Bangalore,41.28,11.63,22.9,7.64,5.06,3.71,7.91,31.27,76.82,1.51
2021-03-06,Bangalore,61.23,22.94,31.9,2.25,9.11,2.68,0.0,33.17,86.25,13.72
2021-03-07,Bangalore,37.96,15.48,23.55,9.37,2.74,2.36,7.91,30.84,85.82,5.36
2021-03-08,Bangalore,43.97,14.42,27.18,9.41,4.87,2.15,6.41,37.36,78.32,5.56
2021-03-09,Bangalore,57.36,19.93,41.69,6.17,1.45,2.56,6.58,36.79,71.13,9.04
2021-03-10,Bangalore,55.03,27.77,26.48,8.5,0.1,3.62,9.79,34.22,71.91,10.0
2021-03-11,Bangalore,58.95,22.36,13.13,11.18,7.04,4.29,1.97,28.59,76.62,9.55
2021-03-12,Bangalore,24.85,5.22,2.18,5.9,1.3,1.86,3.04,33.9,78.48,6.92
2021-03-13,Bangalore,49.15,17.37,20.68,8.82,6.43,1.96,13.36,35.59,80.2,9.97
2021-03-14,Bangalore,59.44,28.65,32.03,10.58,6.85,2.59,7.15,32.21,76.56,6.95
2021-03-15,Bangalore,62.19,20.36,36.81,10.32,5.83,2.3,5.04,37.12,76.08,10.47
2021-03-16,Bangalore,62.95,21.52,40.79,11.7,0.0,4.02,12.77,33.68,80.95,5.48
2021-03-17,Bangalore,54.3,23.54,52.27,1.56,3.34,3.51,11.56,30.51,76.12,6.26
2021-03-18,Bangalore,44.65,14.59,25.86,2.41,3.06,1.3,5.08,32.59,78.56,4.89
2021-03-19,Bangalore,57.68,27.83,32.0,8.69,4.32,2.89,6.93,37.16,78.05,5.84
2021-03-20,Bangalore,45.49,18.41,22.39,6.6,1.54,3.32,2.34,38.38,79.25,10.57
2021-03-21,Bangalore,63.35,21.5,22.28,4.56,10.07,2.57,11.99,30.92,80.52,9.05
2021-03-22,Bangalore,56.11,36.62,31.12,6.28,5.19,1.88,8.37,34.68,75.92,9.48
2021-03-23,Bangalore,48.65,20.0,35.27,12.25,2.89,2.02,0.46,36.44,76.52,9.04
2021-03-24,Bangalore,37.93,21.0,17.28,4.27,5.06,2.6,6.96,33.73,72.62,5.86
2021-03-25,Bangalore,66.16,21.42,44.35,10.78,4.1,2.88,9.84,33.96,76.94,13.94
2021-03-26,Bangalore,57.67,20.32,39.95,9.83,1.57,2.2,10.2,34.55,72.56,9.18
2021-03-27,Bangalore,80.77,29.4,51.95,20.18,7.23,4.65,8.68,31.6,85.04,6.18
2021-03-28,Bangalore,57.07,21.68,48.59,7.55,7.0,3.24,4.64,36.0,76.36,10.71
2021-03-29,Bangalore,58.29,29.55,35.36,12.77,4.98,3.83,18.8,42.41,79.06,8.88
2021-03-30,Bangalore,27.14,5.59,22.67,5.24,0.62,2.54,2.19,33.43,81.98,6.6
2021-03-31,Bangalore,53.77,21.35,46.23,6.22,5.65,2.1,2.56,34.75,93.42,10.34
2021-04-01,Bangalore,44.37,20.06,22.43,5.5,0.58,4.01,6.4,35.55,81.02,14.27
2021-04-02,Bangalore,61.54,26.11,35.38,14.63,4.66,1.39,1.28,34.42,81.46,10.47
2021-04-03,Bangalore,54.2,17.09,30.72,5.7,6.56,3.99,14.34,36.05,89.32,5.92
2021-04-04,Bangalore,64.02,26.69,29.92,11.32,5.69,0.75,12.12,37.55,77.2,8.84
2021-04-05,Bangalore,81.29,25.05,42.61,17.2,4.19,4.07,4.17,35.99,82.77,10.17
2021-04-06,Bangalore,37.41,17.3,33.86,3.95,0.88,1.28,0.0,35.2,79.24,9.43
2021-04-07,Bangalore,63.69,17.39,38.11,13.2,6.24,1.29,7.6,32.75,79.97,6.86
2021-04-08,Bangalore,59.85,32.64,36.6,9.93,4.7,3.47,6.31,37.25,77.91,12.13
2021-04-09,Bangalore,79.41,34.25,46.43,14.44,7.34,4.8,9.87,34.19,80.5,6.5
2021-04-10,Bangalore,60.45,29.08,48.02,10.8,7.67,4.15,6.18,37.39,73.36,8.56
2021-04-11,Bangalore,59.04,17.71,34.55,4.54,6.91,2.56,10.71,34.63,70.5,6.55
2021-04-12,Bangalore,62.97,22.53,37.66,13.97,8.38,2.92,2.51,32.6,82.06,7.68
2021-04-13,Bangalore,64.2,17.8,34.49,13.56,5.72,3.26,6.15,33.42,82.31,8.43
2021-04-14,Bangalore,72.4,32.81,47.81,10.92,6.56,3.03,8.49,38.78,79.57,7.35
2021-04-15,Bangalore,38.5,16.45,13.78,6.44,6.47,1.12,5.69,34.65,79.2,7.8
2021-04-16,Bangalore,45.14,21.63,18.3,8.84,3.75,0.49,6.94,35.02,75.0,8.48
2021-04-17,Bangalore,77.3,24.34,40.9,11.71,2.81,2.71,5.27,34.87,81.48,5.32
2021-04-18,Bangalore,22.14,4.11,14.39,3.65,0.37,2.94,3.39,34.08,77.24,11.03
2021-04-19,Bangalore,50.53,22.94,16.41,5.49,3.15,2.51,8.57,31.33,78.68,13.1
2021-04-20,Bangalore,54.33,21.88,27.04,4.15,3.37,1.64,4.94,36.11,79.15,6.56
2021-04-21,Bangalore,49.73,10.94,36.49,6.4,4.19,1.57,4.33,32.69,72.19,5.28
2021-04-22,Bangalore,76.41,30.49,48.23,9.41,3.71,3.46,12.29,31.55,78.8,6.02
2021-04-23,Bangalore,60.16,29.71,32.04,11.01,6.84,4.55,1.81,30.11,84.44,11.0
2021-04-24,Bangalore,47.56,15.94,2.64,7.38,0.77,1.55,6.43,35.19,86.39,6.88
2021-04-25,Bangalore,44.2,12.8,33.86,7.76,2.81,2.24,3.79,36.25,86.79,5.82
2021-04-26,Bangalore,58.32,25.43,22.75,5.53,5.79,2.85,2.56,34.13,82.61,3.66
2021-04-27,Bangalore,71.96,37.52,47.76,12.57,5.75,5.35,12.48,32.93,81.85,5.8
2021-04-28,Bangalore,56.94,21.38,45.9,9.7,5.88,4.02,9.03,31.52,86.22,9.55
2021-04-29,Bangalore,53.26,24.24,32.4,11.32,8.09,2.29,10.65,33.98,67.77,3.79
2021-04-30,Bangalore,45.27,20.23,35.24,8.62,5.16,4.85,7.55,33.01,76.97,12.91
2021-05-01,Bangalore,61.75,18.35,46.95,9.31,3.28,1.64,13.33,31.14,77.75,5.08
2021-05-02,Bangalore,61.36,34.37,37.6,5.17,4.05,4.46,3.46,32.55,83.2,9.03
2021-05-03,Bangalore,46.18,12.37,29.5,6.47,3.8,3.26,6.5,33.26,76.38,11.23
2021-05-04,Bangalore,72.91,25.56,26.41,10.26,6.59,3.23,6.65,32.36,76.78,4.11
2021-05-05,Bangalore,83.59,36.74,28.86,14.16,7.31,4.68,2.32,34.24,74.01,12.81
2021-05-06,Bangalore,59.24,25.5,26.13,3.81,3.51,3.77,11.72,33.81,76.93,7.0
2021-05-07,Bangalore,63.55,25.31,47.85,8.49,6.4,2.65,11.68,34.9,81.19,13.65
2021-05-08,Bangalore,42.96,4.27,31.81,7.85,4.33,2.39,6.11,34.07,80.66,10.48
2021-05-09,Bangalore,71.13,28.33,41.18,10.73,4.86,5.34,3.45,35.21,79.64,6.41
2021-05-10,Bangalore,67.58,28.51,50.65,9.15,8.03,4.5,5.27,29.53,76.54,4.28
2021-05-11,Bangalore,56.28,7.99,29.86,14.97,3.61,3.19,9.55,32.63,73.83,11.69
2021-05-12,Bangalore,50.59,20.44,29.62,9.98,1.99,1.27,0.0,34.34,74.46,10.48
2021-05-13,Bangalore,90.04,36.27,43.06,12.44,9.0,4.24,15.55,31.17,78.65,2.65
2021-05-14,Bangalore,68.66,26.33,38.1,6.11,7.72,2.79,5.27,36.32,75.63,10.34
2021-05-15,Bangalore,49.76,11.39,23.47,13.72,5.69,1.41,6.87,29.31,81.56,1.19
2021-05-16,Bangalore,76.97,32.16,48.26,8.21,5.61,4.22,2.12,28.34,73.58,5.5
2021-05-17,Bangalore,68.21,24.97,40.76,7.5,5.4,3.71,11.3,28.32,70.97,9.77
2021-05-18,Bangalore,66.28,19.1,40.62,10.03,0.13,2.82,9.28,31.3,71.49,8.47
2021-05-19,Bangalore,80.72,37.23,52.73,9.84,3.54,4.56,4.98,30.22,74.62,11.44
2021-05-20,Bangalore,27.51,17.43,16.99,2.6,0.0,3.33,2.14,33.71,74.35,6.51
2021-05-21,Bangalore,40.26,13.41,13.09,9.41,2.98,3.44,3.04,30.66,67.44,7.07
2021-05-22,Bangalore,88.73,29.29,56.46,13.63,10.05,2.98,15.51,28.49,74.56,4.56
2021-05-23,Bangalore,66.79,27.73,19.99,8.01,5.56,5.09,0.0,31.28,69.98,2.25
2021-05-24,Bangalore,63.01,19.58,34.04,10.85,5.22,1.84,0.23,32.41,71.33,12.83
2021-05-25,Bangalore,50.05,18.26,39.18,9.14,5.65,2.94,7.82,24.14,70.85,6.01
2021-05-26,Bangalore,73.74,35.85,36.23,10.22,7.5,3.99,9.52,34.21,73.06,6.37
2021-05-27,Bangalore,76.31,24.04,49.68,9.14,5.62,4.89,8.27,29.41,70.08,7.24
2021-05-28,Bangalore,93.89,32.6,69.75,12.44,9.08,3.68,13.47,31.1,71.32,8.52
2021-05-29,Bangalore,78.6,33.52,45.35,11.26,7.44,2.79,4.25,30.99,60.86,2.95
2021-05-30,Bangalore,69.22,36.71,53.93,8.67,7.54,4.49,10.19,30.07,73.75,10.39
2021-05-31,Bangalore,80.6,35.45,35.97,18.19,11.25,2.12,11.72,36.3,75.33,11.04
2021-06-01,Bangalore,91.92,29.58,61.48,14.51,8.91,3.56,6.74,29.58,68.13,7.53
2021-06-02,Bangalore,89.41,33.37,52.04,11.41,7.06,3.05,12.79,30.64,63.42,11.98
2021-06-03,Bangalore,86.14,30.32,61.2,13.91,8.89,4.48,12.6,32.68,78.96,11.22
2021-06-04,Bangalore,81.72,34.93,38.25,5.01,6.28,3.37,7.1,29.31,72.43,6.14
2021-06-05,Bangalore,69.67,32.35,42.07,10.56,9.32,3.66,8.14,30.98,77.8,7.86
2021-06-06,Bangalore,63.7,27.68,37.35,9.25,4.12,2.62,14.43,27.59,60.8,8.38
2021-06-07,Bangalore,62.13,29.94,47.22,5.74,7.2,5.17,4.72,28.57,62.03,13.56
2021-06-08,Bangalore,86.71,27.22,48.83,15.36,5.57,3.35,10.2,36.11,66.59,7.38
2021-06-09,Bangalore,89.09,30.06,56.53,16.01,5.91,4.99,8.3,23.1,69.84,14.22
2021-06-10,Bangalore,98.85,33.56,60.74,18.76,7.7,3.52,12.04,33.09,64.7,8.7
2021-06-11,Bangalore,91.69,31.41,54.22,14.91,7.59,4.15,12.77,30.46,70.59,7.12
2021-06-12,Bangalore,99.85,36.84,75.62,15.39,7.47,3.52,8.25,26.37,68.79,6.93
2021-06-13,Bangalore,82.97,33.26,38.31,16.66,5.16,4.38,7.83,27.18,62.29,8.89
2021-06-14,Bangalore,97.33,34.03,60.91,14.24,9.05,5.6,10.41,29.07,63.69,11.95
2021-06-15,Bangalore,71.59,26.84,41.34,9.33,4.26,5.61,10.54,28.01,63.22,11.34
2021-06-16,Bangalore,86.55,31.89,52.9,19.59,5.01,4.87,11.54,29.22,63.85,6.22
2021-06-17,Bangalore,60.84,25.47,32.85,2.13,3.22,2.73,2.99,27.92,61.15,7.87
2021-06-18,Bangalore,89.64,46.69,63.6,15.22,10.79,4.41,10.51,24.14,71.0,13.87
2021-06-19,Bangalore,108.4,47.9,76.42,8.05,13.35,5.32,22.43,32.33,68.13,6.97
2021-06-20,Bangalore,91.94,37.57,39.88,16.58,2.25,4.3,17.21,29.13,56.28,3.98
2021-06-21,Bangalore,102.58,38.04,62.17,18.02,9.41,4.07,14.78,28.97,66.04,15.43
2021-06-22,Bangalore,96.72,42.32,65.77,20.14,9.44,4.28,16.58,25.42,58.34,5.31
2021-06-23,Bangalore,84.93,40.13,55.92,15.92,8.04,4.44,11.46,28.23,59.9,4.13
2021-06-24,Bangalore,91.56,34.2,59.29,11.79,11.58,5.02,11.47,24.47,67.15,4.36
2021-06-25,Bangalore,112.93,46.75,64.28,17.3,10.01,4.5,6.87,23.32,66.63,9.12
2021-06-26,Bangalore,106.86,40.73,79.86,19.88,10.64,4.62,16.95,26.97,58.28,7.69
2021-06-27,Bangalore,87.73,29.9,46.93,9.73,8.93,4.32,6.76,27.33,61.56,11.15
2021-06-28,Bangalore,77.06,31.49,34.74,10.07,3.85,4.42,13.58,20.97,60.58,11.46
2021-06-29,Bangalore,101.85,32.95,57.63,15.28,10.28,5.64,15.22,27.24,58.99,12.93
2021-06-30,Bangalore,90.9,33.01,32.31,8.23,7.04,4.21,8.76,25.71,66.52,9.36
2021-07-01,Bangalore,97.85,42.38,50.07,13.12,9.23,5.0,13.65,26.93,61.0,12.75
2021-07-02,Bangalore,79.57,29.17,41.19,6.64,7.86,3.41,14.61,25.66,58.13,4.84
2021-07-03,Bangalore,117.88,51.39,70.3,18.49,10.64,6.16,10.75,26.31,63.58,9.08
2021-07-04,Bangalore,101.7,43.84,66.82,14.07,7.27,7.31,17.51,24.43,62.55,5.19
2021-07-05,Bangalore,104.85,38.95,52.94,16.58,8.98,6.33,11.73,27.6,62.06,15.38
2021-07-06,Bangalore,92.42,45.3,67.39,16.37,5.6,4.91,20.08,25.75,54.34,9.01
2021-07-07,Bangalore,101.63,35.7,54.13,16.48,9.61,4.28,9.96,19.78,57.46,2.16
2021-07-08,Bangalore,108.5,41.9,65.74,11.01,6.67,5.36,12.23,23.43,59.21,2.98
2021-07-09,Bangalore,98.34,42.88,56.45,12.96,4.14,4.65,13.85,24.14,58.28,6.98
2021-07-10,Bangalore,105.17,41.77,54.24,15.76,7.43,4.13,15.64,18.82,59.71,9.76
2021-07-11,Bangalore,130.07,49.39,86.29,17.87,9.18,5.3,15.58,20.5,52.79,7.8
2021-07-12,Bangalore,83.9,33.44,60.39,15.38,7.81,4.05,8.45,23.12,53.62,5.9
2021-07-13,Bangalore,113.78,45.12,61.24,14.62,11.01,4.31,9.49,26.85,54.11,12.13
2021-07-14,Bangalore,100.09,34.2,60.65,17.33,6.2,6.68,10.45,24.39,52.34,12.47
2021-07-15,Bangalore,132.78,54.63,96.45,23.45,12.3,5.68,16.27,21.75,55.53,8.44
2021-07-16,Bangalore,110.88,39.85,65.28,16.34,6.85,6.34,14.2,24.97,57.5,2.86
2021-07-17,Bangalore,98.74,35.33,72.47,17.17,4.66,5.41,8.52,16.07,63.01,8.23
2021-07-18,Bangalore,112.06,45.91,57.18,13.35,5.78,7.02,6.87,27.05,49.46,4.32
2021-07-19,Bangalore,121.38,48.28,67.35,18.5,7.96,5.76,11.53,24.62,56.63,8.74
2021-07-20,Bangalore,158.61,68.71,97.27,24.33,12.45,7.21,16.18,22.31,58.83,9.71
2021-07-21,Bangalore,86.16,37.29,42.85,14.49,6.09,4.48,12.55,18.24,54.2,8.71
2021-07-22,Bangalore,100.65,45.25,56.26,14.91,8.39,4.52,9.94,19.82,52.45,13.24
2021-07-23,Bangalore,139.04,55.16,87.33,20.95,10.51,6.93,19.76,21.22,51.96,7.3
2021-07-24,Bangalore,97.65,34.09,66.91,13.31,10.75,5.13,17.34,20.62,48.78,11.13
2021-07-25,Bangalore,121.24,45.69,83.03,19.92,12.63,5.09,18.38,18.84,40.15,10.69
2021-07-26,Bangalore,114.66,45.83,76.49,17.47,9.22,7.23,14.23,19.48,51.37,8.47
2021-07-27,Bangalore,113.1,31.02,71.79,21.04,8.95,5.23,15.12,25.98,53.85,8.64
2021-07-28,Bangalore,120.92,46.42,64.0,18.21,9.76,4.11,11.6,24.07,49.9,0.63
2021-07-29,Bangalore,119.31,55.73,64.45,16.48,11.67,5.22,6.44,21.09,54.87,6.59
2021-07-30,Bangalore,140.93,55.76,75.12,18.15,10.63,7.7,17.3,23.35,58.84,10.66
2021-07-31,Bangalore,145.78,50.36,85.2,24.5,11.42,5.67,15.29,13.32,48.89,5.95
2021-08-01,Bangalore,133.02,51.4,89.26,15.96,9.2,5.51,20.25,23.38,51.78,8.92
2021-08-02,Bangalore,123.84,43.54,75.9,15.21,9.99,5.85,12.48,19.92,53.07,13.33
2021-08-03,Bangalore,132.01,55.56,97.43,20.4,14.13,7.04,16.8,19.19,50.88,9.29
2021-08-04,Bangalore,140.96,49.3,90.17,16.69,12.68,7.65,22.6,16.96,44.16,11.32
2021-08-05,Bangalore,144.64,52.48,77.4,22.32,11.48,7.39,19.51,21.03,48.42,8.14
2021-08-06,Bangalore,135.9,54.02,81.82,16.22,12.38,7.84,18.86,20.94,43.57,3.75
2021-08-07,Bangalore,153.98,65.75,92.62,23.61,12.75,7.96,21.06,18.84,38.72,10.07
2021-08-08,Bangalore,122.53,51.9,63.16,14.88,11.57,7.25,4.05,20.31,46.86,8.22
2021-08-09,Bangalore,149.58,60.49,83.65,24.4,10.59,8.23,21.83,16.23,43.46,8.34
2021-08-10,Bangalore,143.74,65.02,81.5,20.35,12.14,7.84,19.36,18.81,45.9,9.0
2021-08-11,Bangalore,124.71,33.88,89.78,18.15,10.34,8.34,12.0,25.58,50.86,9.34
2021-08-12,Bangalore,138.03,58.43,76.08,15.76,8.68,7.99,12.82,13.49,46.5,9.72
2021-08-13,Bangalore,139.72,56.08,88.69,24.42,12.32,6.83,14.59,20.63,48.02,5.42
2021-08-14,Bangalore,133.73,60.0,82.33,22.02,9.91,7.82,9.71,23.22,36.69,3.87
2021-08-15,Bangalore,134.21,54.94,76.28,19.15,9.67,5.93,17.37,17.92,50.56,8.24
2021-08-16,Bangalore,114.27,43.62,74.76,11.64,3.98,4.13,12.34,19.12,32.53,7.97
2021-08-17,Bangalore,127.42,49.2,77.55,13.39,15.42,6.4,10.42,18.21,53.12,4.14
2021-08-18,Bangalore,134.8,46.45,79.94,20.12,12.2,8.22,19.3,13.54,40.05,5.61
2021-08-19,Bangalore,130.39,56.05,83.09,23.34,11.55,5.89,14.86,13.2,48.32,6.12
2021-08-20,Bangalore,126.74,56.82,80.85,24.82,10.98,6.74,14.48,16.32,43.65,11.0
2021-08-21,Bangalore,156.07,55.69,94.15,18.41,13.23,7.35,20.74,15.13,43.44,9.9
2021-08-22,Bangalore,139.17,56.3,95.84,19.43,10.0,8.2,15.23,16.01,46.42,7.51
2021-08-23,Bangalore,173.78,67.96,98.73,30.15,13.6,8.13,19.67,18.21,51.59,7.49
2021-08-24,Bangalore,145.17,53.75,102.45,22.18,11.4,7.33,12.44,16.9,47.87,11.66
2021-08-25,Bangalore,157.97,61.4,96.28,27.41,12.71,8.62,20.65,14.94,39.29,11.18
2021-08-26,Bangalore,139.77,42.53,78.51,16.78,13.3,8.35,13.87,25.13,50.56,8.59
2021-08-27,Bangalore,133.47,60.89,74.95,19.19,11.6,5.98,10.88,13.92,42.49,9.41
2021-08-28,Bangalore,147.84,57.45,75.58,23.59,14.37,6.73,24.39,19.25,38.01,6.06
2021-08-29,Bangalore,163.82,63.96,96.81,17.26,11.6,7.64,27.22,17.23,39.1,6.68
2021-08-30,Bangalore,143.52,59.53,83.09,19.77,10.38,7.66,11.7,13.2,38.28,4.69
2021-08-31,Bangalore,152.02,56.69,98.39,25.91,12.7,7.82,15.56,10.13,43.46,8.89
2021-09-01,Bangalore,149.63,56.48,81.17,18.62,12.31,7.56,22.73,13.87,41.13,8.05
2021-09-02,Bangalore,144.73,55.14,93.55,25.42,9.37,6.78,22.67,17.17,42.99,9.02
2021-09-03,Bangalore,145.92,61.65,90.67,22.53,11.69,8.64,16.45,16.12,50.0,8.98
2021-09-04,Bangalore,132.05,52.49,84.28,20.49,9.09,6.85,12.61,21.52,43.28,5.19
2021-09-05,Bangalore,147.26,56.94,94.43,18.82,17.22,5.91,21.37,14.51,37.89,9.61
2021-09-06,Bangalore,157.61,60.77,107.3,19.44,13.73,7.61,20.1,17.44,33.13,8.7
2021-09-07,Bangalore,152.61,66.49,95.3,21.79,9.38,8.14,25.82,17.81,47.44,10.8
2021-09-08,Bangalore,151.3,58.55,91.5,25.3,8.94,8.22,23.19,15.6,45.58,6.34
2021-09-09,Bangalore,159.75,64.09,93.67,25.34,12.57,6.31,16.3,21.52,44.22,1.71
2021-09-10,Bangalore,152.13,66.89,82.05,25.5,14.75,7.71,14.27,13.49,44.41,4.59
2021-09-11,Bangalore,149.73,56.98,93.94,20.51,14.82,6.45,4.81,13.24,42.7,10.59
2021-09-12,Bangalore,160.85,62.3,94.29,24.03,16.35,8.42,17.33,21.67,41.09,1.77
2021-09-13,Bangalore,152.15,53.93,95.76,17.49,13.17,6.83,22.97,15.97,32.74,10.74
2021-09-14,Bangalore,146.83,65.55,77.88,19.62,12.75,8.02,27.03,18.09,52.83,8.06
2021-09-15,Bangalore,157.66,64.98,90.05,22.08,12.91,7.3,8.66,13.36,46.11,8.22
2021-09-16,Bangalore,150.35,60.53,84.1,23.55,15.35,8.92,19.51,12.76,49.48,11.18
2021-09-17,Bangalore,146.88,51.35,74.08,17.76,10.76,8.25,21.14,16.3,39.86,15.11
2021-09-18,Bangalore,153.65,61.63,91.5,21.53,16.72,8.4,14.3,11.78,32.08,7.71
2021-09-19,Bangalore,154.03,54.12,83.08,26.31,14.1,9.19,12.6,12.2,37.26,12.92
2021-09-20,Bangalore,135.15,54.38,95.67,22.16,10.59,7.33,9.3,9.01,41.64,8.04
2021-09-21,Bangalore,156.88,72.42,83.09,24.65,13.94,8.19,23.22,13.24,44.44,9.68
2021-09-22,Bangalore,179.73,77.72,103.75,23.4,13.12,7.92,19.31,14.11,35.67,8.02
2021-09-23,Bangalore,137.48,49.1,81.9,19.14,10.76,7.27,14.82,12.75,36.91,11.07
2021-09-24,Bangalore,144.76,64.29,82.74,21.25,8.17,7.06,11.57,13.6,45.52,3.49
2021-09-25,Bangalore,194.12,73.14,109.29,24.11,17.25,9.98,30.53,12.06,31.24,10.82
2021-09-26,Bangalore,140.18,54.27,80.38,25.46,11.55,7.91,14.33,12.86,38.24,10.01
2021-09-27,Bangalore,171.89,69.01,106.88,17.97,9.99,6.44,19.11,10.83,48.49,7.94
2021-09-28,Bangalore,149.23,60.78,80.82,19.02,15.04,9.24,19.57,8.92,37.9,8.94
2021-09-29,Bangalore,153.62,60.31,75.21,28.59,10.62,6.34,18.31,18.56,42.57,4.05
2021-09-30,Bangalore,150.79,52.91,72.94,21.74,11.12,8.05,15.35,17.92,43.28,5.81
2021-10-01,Bangalore,159.17,65.62,106.13,20.99,12.31,7.73,17.67,17.41,44.41,9.22
2021-10-02,Bangalore,129.09,53.43,72.96,20.36,7.76,8.93,20.89,17.87,42.05,9.23
2021-10-03,Bangalore,155.58,53.78,83.28,19.93,12.56,7.5,21.91,12.11,45.15,5.54
2021-10-04,Bangalore,146.71,56.59,95.19,23.52,9.23,8.4,17.96,8.59,35.82,6.77
2021-10-05,Bangalore,124.78,44.07,85.61,17.59,10.9,6.45,17.8,20.05,43.43,13.23
2021-10-06,Bangalore,169.49,71.31,102.75,26.39,8.31,8.02,19.76,16.35,39.95,9.0
2021-10-07,Bangalore,121.0,41.78,59.95,14.6,12.82,4.78,11.37,15.37,32.16,5.38
2021-10-08,Bangalore,184.76,77.29,107.35,32.76,11.38,8.89,20.42,15.05,34.02,6.26
2021-10-09,Bangalore,161.69,68.62,94.86,21.04,17.1,8.13,21.86,17.39,39.85,5.63
2021-10-10,Bangalore,131.91,53.76,73.55,20.9,10.22,7.63,11.26,17.28,43.32,7.28
2021-10-11,Bangalore,172.28,72.56,106.72,27.84,14.99,8.66,18.29,13.33,39.24,10.53
2021-10-12,Bangalore,140.81,59.49,92.53,24.44,10.83,9.0,16.48,13.71,42.04,9.45
2021-10-13,Bangalore,141.34,52.83,83.53,19.86,11.59,7.86,15.9,16.94,33.5,10.67
2021-10-14,Bangalore,124.73,47.63,71.07,19.91,10.88,6.12,11.41,13.82,40.99,9.47
2021-10-15,Bangalore,138.6,51.33,78.04,21.58,10.92,7.08,6.17,14.41,44.87,6.15
2021-10-16,Bangalore,140.17,58.5,74.43,16.34,12.05,6.95,15.48,17.88,39.13,6.1
2021-10-17,Bangalore,163.43,61.67,90.44,25.91,12.45,9.31,7.8,18.16,42.58,7.73
2021-10-18,Bangalore,168.44,60.92,87.78,27.52,13.96,8.65,19.8,17.99,37.95,6.99
2021-10-19,Bangalore,132.08,51.95,77.54,23.82,8.06,4.65,10.03,17.54,40.47,3.2
2021-10-20,Bangalore,154.5,62.3,90.11,24.85,13.95,10.24,13.81,9.96,44.03,10.96
2021-10-21,Bangalore,122.57,42.65,63.34,19.42,13.23,5.25,15.06,9.9,40.21,7.66
2021-10-22,Bangalore,154.01,68.94,86.75,25.16,10.78,7.79,26.79,21.04,51.13,9.19
2021-10-23,Bangalore,182.03,71.76,111.5,28.7,15.34,8.39,18.84,13.94,46.8,11.54
2021-10-24,Bangalore,122.59,64.95,76.96,16.02,8.85,5.97,20.74,17.99,34.85,7.83
2021-10-25,Bangalore,133.75,46.14,84.99,17.94,9.48,4.81,19.08,19.48,38.25,7.51
2021-10-26,Bangalore,159.54,61.42,93.98,21.47,10.56,9.35,8.59,17.44,43.28,12.96
2021-10-27,Bangalore,160.96,63.2,93.61,21.72,13.59,7.34,14.8,13.79,37.27,4.98
2021-10-28,Bangalore,133.8,53.95,78.73,21.72,11.0,5.49,7.57,12.91,45.98,10.22
2021-10-29,Bangalore,169.65,72.78,108.49,28.71,14.38,10.29,21.53,22.16,39.19,6.04
2021-10-30,Bangalore,134.92,53.01,80.65,19.27,11.87,6.64,13.76,15.05,48.57,8.95
2021-10-31,Bangalore,171.85,60.36,115.2,27.08,15.03,9.52,24.55,13.57,37.3,15.19
2021-11-01,Bangalore,153.37,57.86,95.05,27.9,11.38,7.31,22.11,17.05,45.3,7.76
2021-11-02,Bangalore,164.98,63.36,96.32,28.33,12.61,8.68,15.92,22.62,44.6,9.02
2021-11-03,Bangalore,151.03,65.04,86.77,26.24,9.05,6.94,14.92,10.95,40.54,7.84
2021-11-04,Bangalore,154.87,56.5,83.05,23.35,12.23,7.48,13.52,15.5,40.05,8.26
2021-11-05,Bangalore,155.21,59.29,92.81,19.35,9.62,8.32,21.69,15.61,43.71,6.65
2021-11-06,Bangalore,161.25,69.99,95.12,22.69,14.83,7.29,19.98,13.74,47.09,10.45
2021-11-07,Bangalore,143.1,50.79,74.3,22.33,15.33,8.04,16.32,14.42,37.89,10.15
2021-11-08,Bangalore,129.59,56.45,72.7,18.7,10.46,8.29,15.81,14.15,38.4,5.27
2021-11-09,Bangalore,141.39,62.88,88.94,20.17,5.46,6.22,18.34,18.25,46.11,3.96
2021-11-10,Bangalore,132.04,53.7,71.42,19.81,9.03,7.67,17.19,16.88,51.51,6.88
2021-11-11,Bangalore,132.48,45.92,87.94,20.63,9.96,5.98,17.94,19.86,41.0,9.7
2021-11-12,Bangalore,165.79,67.57,92.84,24.88,12.17,9.53,17.3,22.06,45.72,2.76
2021-11-13,Bangalore,149.75,49.04,88.18,26.46,14.44,7.65,15.02,16.39,46.33,11.26
2021-11-14,Bangalore,148.49,62.24,96.84,24.21,13.76,5.16,14.25,14.45,39.53,8.02
2021-11-15,Bangalore,155.35,54.9,85.66,23.01,9.22,7.28,21.2,14.21,49.75,5.58
2021-11-16,Bangalore,147.94,60.53,79.91,23.55,11.23,7.86,15.57,19.67,50.25,8.36
2021-11-17,Bangalore,166.08,64.03,97.78,21.12,13.69,8.93,26.19,22.05,41.37,8.64
2021-11-18,Bangalore,106.04,41.75,73.37,13.78,10.24,4.32,12.3,15.6,36.69,5.29
2021-11-19,Bangalore,121.88,47.46,84.54,15.02,8.54,4.65,19.25,17.0,45.08,6.96
2021-11-20,Bangalore,125.7,40.53,63.69,16.0,11.29,3.79,17.25,19.54,37.95,7.05
2021-11-21,Bangalore,114.94,51.79,60.4,15.58,14.72,6.07,12.76,17.21,49.16,10.05
2021-11-22,Bangalore,136.62,43.87,64.1,17.5,10.62,6.91,9.58,18.17,47.2,5.45
2021-11-23,Bangalore,136.66,51.99,76.19,21.89,10.95,5.69,20.22,14.81,39.27,7.26
2021-11-24,Bangalore,163.23,64.04,98.52,20.94,14.84,9.88,19.5,20.0,37.53,6.7
2021-11-25,Bangalore,146.48,55.11,81.02,20.0,10.6,5.87,15.63,16.07,52.33,8.99
2021-11-26,Bangalore,124.62,51.51,82.59,16.21,10.51,7.3,11.37,13.25,45.21,10.87
2021-11-27,Bangalore,138.96,50.82,79.65,18.5,10.74,5.9,10.74,18.15,47.6,11.35
2021-11-28,Bangalore,103.44,41.71,52.69,13.32,9.7,4.75,8.04,19.87,45.29,9.43
2021-11-29,Bangalore,132.26,54.72,70.18,25.19,10.34,3.95,17.39,11.97,54.73,8.17
2021-11-30,Bangalore,130.75,51.57,77.77,21.12,9.33,6.44,15.82,11.02,52.37,10.03
2021-12-01,Bangalore,115.16,47.9,71.47,21.81,8.95,5.66,10.87,14.07,51.99,6.11
2021-12-02,Bangalore,124.94,39.93,73.68,18.18,9.36,6.3,8.41,22.93,52.17,11.47
2021-12-03,Bangalore,116.83,43.53,72.86,11.66,7.51,4.38,14.72,16.8,48.12,7.73
2021-12-04,Bangalore,112.48,42.53,56.28,21.56,9.06,7.19,9.03,19.14,51.05,12.34
2021-12-05,Bangalore,135.84,62.15,77.35,17.93,10.69,7.91,16.5,21.37,56.88,10.83
2021-12-06,Bangalore,140.47,61.1,89.26,25.13,8.81,9.27,21.1,20.35,57.2,6.96
2021-12-07,Bangalore,131.84,55.11,83.84,22.36,9.63,7.48,14.05,23.18,51.88,2.53
2021-12-08,Bangalore,116.85,43.06,76.9,16.62,11.78,4.63,16.81,21.0,51.05,4.47
2021-12-09,Bangalore,112.71,46.13,59.55,15.0,8.74,5.27,17.64,13.53,51.71,6.91
2021-12-10,Bangalore,115.76,46.26,65.1,20.44,8.75,5.92,17.46,21.62,46.58,6.72
2021-12-11,Bangalore,117.78,46.49,57.49,15.53,9.29,7.9,15.62,22.1,61.7,9.76
2021-12-12,Bangalore,107.2,46.53,61.07,12.28,9.1,7.18,18.92,23.76,50.14,3.35
2021-12-13,Bangalore,135.29,50.01,82.92,18.88,12.83,5.28,15.72,19.65,58.86,9.63
2021-12-14,Bangalore,115.65,42.1,76.22,12.48,5.68,4.9,5.95,21.78,53.83,6.78
2021-12-15,Bangalore,129.35,54.44,71.82,15.51,8.75,5.25,13.08,24.07,45.78,6.98
2021-12-16,Bangalore,96.07,43.22,66.21,12.36,12.11,3.75,10.61,18.94,57.06,16.4
2021-12-17,Bangalore,105.93,51.59,70.33,14.07,8.14,6.41,15.71,22.86,55.94,11.17
2021-12-18,Bangalore,128.33,57.85,64.99,19.93,11.42,5.88,20.52,21.92,62.1,6.89
2021-12-19,Bangalore,127.72,52.38,78.53,24.15,11.7,5.93,14.24,22.12,55.99,5.17
2021-12-20,Bangalore,95.75,37.89,68.4,18.33,4.53,3.06,9.12,17.78,49.92,9.05
2021-12-21,Bangalore,117.51,46.81,56.74,21.14,8.56,5.36,18.17,24.52,56.36,6.52
2021-12-22,Bangalore,117.08,49.68,66.78,16.88,7.01,7.0,20.26,24.09,54.48,10.81
2021-12-23,Bangalore,100.68,43.22,56.86,18.56,7.21,3.75,11.82,26.88,57.77,4.48
2021-12-24,Bangalore,115.83,44.31,79.07,18.2,9.23,5.66,18.22,26.84,50.59,10.82
2021-12-25,Bangalore,85.93,36.95,64.3,12.68,9.14,4.77,5.86,27.03,61.99,6.05
2021-12-26,Bangalore,94.89,39.41,73.8,12.79,9.04,3.65,9.11,26.57,59.56,7.4
2021-12-27,Bangalore,116.94,55.29,62.79,17.1,10.34,4.98,16.07,27.54,58.05,5.94
2021-12-28,Bangalore,107.56,41.46,43.11,19.15,9.13,5.2,6.24,27.81,56.78,9.7
2021-12-29,Bangalore,107.5,42.94,51.58,19.93,10.76,6.14,14.16,21.06,63.66,14.61
2021-12-30,Bangalore,102.81,41.71,62.77,12.12,4.08,4.78,18.26,28.86,59.33,9.29
2021-12-31,Bangalore,112.65,38.97,68.48,15.32,9.12,5.36,12.35,27.99,69.82,7.49
2022-01-01,Bangalore,112.54,52.11,57.59,16.6,6.41,5.31,16.37,28.53,56.45,9.37
2022-01-02,Bangalore,114.79,52.07,77.58,18.0,8.0,5.05,10.4,25.25,56.57,10.03
2022-01-03,Bangalore,103.96,42.73,63.84,10.07,8.37,4.74,21.14,21.68,60.01,9.15
2022-01-04,Bangalore,95.41,33.3,72.67,20.16,5.92,4.18,20.04,29.87,59.53,9.29
2022-01-05,Bangalore,92.05,29.88,72.8,14.03,8.53,3.67,6.5,27.21,71.3,6.38
2022-01-06,Bangalore,83.71,28.59,52.67,17.47,5.42,3.94,13.39,28.86,60.64,11.29
2022-01-07,Bangalore,92.69,39.72,55.74,16.61,8.94,3.59,17.06,27.24,69.28,8.16
2022-01-08,Bangalore,88.8,36.76,56.47,14.96,10.16,4.91,10.54,29.4,64.9,16.87
2022-01-09,Bangalore,121.09,49.89,82.55,20.81,5.59,5.32,12.77,22.04,61.11,3.89
2022-01-10,Bangalore,80.53,26.67,50.25,17.84,3.72,2.81,7.53,26.27,55.72,5.9
2022-01-11,Bangalore,110.97,40.43,69.13,17.92,8.57,5.17,10.48,27.04,58.88,12.64
2022-01-12,Bangalore,90.57,28.74,49.09,16.19,6.45,5.2,17.74,29.55,58.09,4.54
2022-01-13,Bangalore,90.67,35.33,57.94,17.22,5.68,4.05,9.88,26.41,71.92,7.69
2022-01-14,Bangalore,98.96,40.35,66.67,19.62,7.85,6.21,19.19,27.06,61.96,14.56
2022-01-15,Bangalore,70.85,33.95,42.61,12.58,3.58,4.65,1.3,30.77,61.5,3.04
2022-01-16,Bangalore,79.32,21.72,43.78,14.03,3.57,2.73,7.54,30.14,70.1,8.42
2022-01-17,Bangalore,71.9,33.68,48.64,9.53,7.57,2.31,10.57,24.39,66.48,11.66
2022-01-18,Bangalore,84.01,34.67,50.31,13.28,8.05,6.33,12.69,26.54,65.06,5.3
2022-01-19,Bangalore,75.28,23.92,25.71,9.91,3.21,3.86,7.0,24.96,55.91,6.95
2022-01-20,Bangalore,107.88,34.39,70.38,16.95,8.18,6.84,12.99,29.53,70.19,6.45
2022-01-21,Bangalore,78.59,28.88,47.48,7.75,9.86,4.09,8.63,34.79,61.57,12.61
2022-01-22,Bangalore,50.88,24.42,39.46,7.1,4.18,2.2,10.09,29.87,64.6,6.46
2022-01-23,Bangalore,80.76,32.23,45.8,16.44,8.08,4.84,10.63,26.38,71.19,1.71
2022-01-24,Bangalore,97.12,39.72,51.77,11.9,6.84,4.77,11.56,31.39,67.16,7.69
2022-01-25,Bangalore,108.69,36.5,55.09,17.17,9.96,5.17,16.78,24.95,70.34,5.44
2022-01-26,Bangalore,80.04,27.36,41.9,11.76,7.28,4.36,8.44,31.22,77.09,7.64
2022-01-27,Bangalore,74.98,30.46,40.09,10.07,8.49,5.01,8.19,30.95,73.57,6.66
2022-01-28,Bangalore,81.77,26.18,54.57,14.95,8.04,3.71,15.9,30.49,63.53,3.21
2022-01-29,Bangalore,87.47,33.5,54.28,12.26,10.98,4.78,6.6,22.98,70.75,10.97
2022-01-30,Bangalore,63.58,34.75,36.53,14.7,2.37,2.83,3.57,32.31,63.37,9.21
2022-01-31,Bangalore,76.12,24.24,59.73,10.3,6.85,2.02,3.16,27.77,74.43,9.98
2022-02-01,Bangalore,78.33,36.76,34.92,13.27,5.15,3.11,7.25,29.88,73.77,11.37
2022-02-02,Bangalore,79.05,34.22,52.49,17.33,7.72,3.74,11.81,35.5,66.41,6.71
2022-02-03,Bangalore,75.49,37.45,42.97,13.62,8.62,2.52,7.43,34.14,70.42,1.94
2022-02-04,Bangalore,62.93,22.62,44.11,13.27,5.14,3.63,6.08,33.38,78.46,10.3
2022-02-05,Bangalore,81.36,31.95,52.29,15.06,6.56,4.87,11.24,35.07,75.12,6.5
2022-02-06,Bangalore,74.94,37.0,48.64,10.82,3.29,3.98,16.33,22.76,58.45,10.3
2022-02-07,Bangalore,74.23,30.87,49.92,9.56,1.65,2.88,15.15,29.73,69.95,0.11
2022-02-08,Bangalore,58.04,14.19,43.71,7.93,6.63,2.15,1.09,30.44,69.58,5.5
2022-02-09,Bangalore,83.23,29.26,48.86,11.01,4.79,5.97,11.82,31.83,72.38,10.0
2022-02-10,Bangalore,58.77,26.17,26.99,4.22,0.15,4.73,5.27,33.26,73.98,10.74
2022-02-11,Bangalore,96.6,38.32,47.34,11.38,7.03,3.24,8.18,28.02,71.59,6.51
2022-02-12,Bangalore,54.05,22.22,39.27,7.38,1.32,0.65,7.14,29.75,72.7,8.99
2022-02-13,Bangalore,82.56,40.24,35.56,9.35,6.43,2.99,3.95,35.8,68.5,4.07
2022-02-14,Bangalore,41.9,11.02,33.83,4.2,0.58,1.26,4.84,34.67,78.03,5.67
2022-02-15,Bangalore,36.06,11.77,38.46,8.4,2.38,0.0,2.49,28.14,69.92,5.1
2022-02-16,Bangalore,61.04,23.26,37.18,6.96,2.33,2.87,5.33,26.54,77.51,5.81
2022-02-17,Bangalore,34.89,12.61,19.18,5.19,3.08,0.44,5.44,31.32,80.13,10.44
2022-02-18,Bangalore,79.18,38.28,40.0,15.74,6.52,4.65,12.2,33.85,69.5,10.87
2022-02-19,Bangalore,67.36,28.7,28.63,8.65,2.96,1.94,11.5,28.14,68.56,13.93
2022-02-20,Bangalore,88.16,33.03,58.16,16.6,8.6,4.56,10.43,34.31,74.26,10.08
2022-02-21,Bangalore,64.12,24.35,37.31,15.26,4.17,3.23,9.42,34.29,77.07,4.25
2022-02-22,Bangalore,69.76,28.71,43.8,13.88,7.06,4.69,4.36,29.92,77.46,11.4
2022-02-23,Bangalore,61.59,23.63,31.03,4.43,5.65,2.97,5.65,35.73,75.59,8.0
2022-02-24,Bangalore,52.01,25.31,48.73,6.47,2.41,1.61,8.15,29.84,74.36,7.14
2022-02-25,Bangalore,58.54,31.2,44.67,4.17,7.85,1.71,7.67,30.71,74.49,5.06
2022-02-26,Bangalore,46.12,26.83,26.55,7.6,1.55,0.89,3.76,34.88,76.02,10.92
2022-02-27,Bangalore,69.54,28.44,41.78,12.04,5.76,4.42,10.57,36.14,80.39,12.08
2022-02-28,Bangalore,58.67,27.61,49.18,7.18,6.36,1.55,10.83,33.67,81.68,13.04
2022-03-01,Bangalore,61.36,28.55,33.51,5.94,5.98,2.78,10.02,32.07,72.53,7.27
2022-03-02,Bangalore,104.8,44.43,63.86,13.28,11.99,5.1,3.53,36.47,77.29,7.49
2022-03-03,Bangalore,56.0,21.45,32.12,13.41,5.41,3.06,5.67,38.94,81.73,10.97
2022-03-04,Bangalore,66.36,27.94,47.82,11.13,4.57,3.69,16.35,34.45,84.03,11.57
2022-03-05,Bangalore,60.47,27.0,49.54,2.55,1.16,4.75,4.67,34.26,86.59,8.6
2022-03-06,Bangalore,78.28,39.76,43.86,13.59,6.38,5.4,8.35,31.1,75.65,6.73
2022-03-07,Bangalore,64.15,22.42,32.98,12.99,7.95,3.6,5.11,32.32,67.78,9.14
2022-03-08,Bangalore,56.16,19.05,45.47,4.29,3.31,2.71,8.6,39.55,71.43,7.09
2022-03-09,Bangalore,94.3,30.58,62.9,12.2,7.34,4.54,11.78,33.74,73.56,8.25
2022-03-10,Bangalore,46.71,14.71,34.54,7.18,1.66,4.74,12.24,41.61,76.84,5.49
2022-03-11,Bangalore,56.4,26.59,42.7,9.05,0.3,1.84,8.46,32.36,71.85,7.23
2022-03-12,Bangalore,72.77,12.88,38.84,9.64,6.44,4.19,10.24,37.09,77.96,3.63
2022-03-13,Bangalore,46.49,18.82,20.89,2.9,4.88,0.91,8.3,30.58,77.46,6.31
2022-03-14,Bangalore,69.99,33.68,46.75,8.03,5.28,4.83,14.37,30.4,85.6,11.72
2022-03-15,Bangalore,51.08,21.32,29.92,6.01,1.58,2.89,5.45,35.87,81.42,15.55
2022-03-16,Bangalore,73.09,35.22,48.23,4.55,6.63,5.24,7.06,41.18,81.94,8.88
2022-03-17,Bangalore,72.49,24.04,55.52,8.38,4.67,1.74,12.28,36.42,79.37,10.22
2022-03-18,Bangalore,56.29,25.74,30.85,6.09,1.07,2.64,1.52,35.19,78.6,6.79
2022-03-19,Bangalore,42.45,22.21,17.58,0.82,2.95,1.38,5.58,32.0,81.58,5.08
2022-03-20,Bangalore,51.42,15.65,35.78,7.57,1.74,1.62,4.68,31.35,78.12,7.24
2022-03-21,Bangalore,56.91,18.18,39.35,5.48,7.04,2.63,4.19,36.43,79.8,10.28
2022-03-22,Bangalore,70.32,18.12,46.33,8.99,5.7,3.43,13.82,29.26,87.76,10.12
2022-03-23,Bangalore,61.68,25.43,25.54,4.24,3.81,3.72,7.38,36.61,72.43,8.13
2022-03-24,Bangalore,64.83,31.41,50.51,5.96,4.48,2.9,5.27,37.62,94.16,4.66
2022-03-25,Bangalore,61.91,26.89,39.51,10.24,7.62,3.47,0.0,30.61,74.51,5.75
2022-03-26,Bangalore,69.28,27.02,39.85,4.92,2.33,1.35,2.1,37.92,78.53,5.14
2022-03-27,Bangalore,53.52,11.82,24.01,9.85,5.23,2.42,5.35,29.65,76.04,9.67
2022-03-28,Bangalore,58.95,20.2,48.36,12.46,3.81,2.68,15.97,37.51,80.3,8.56
2022-03-29,Bangalore,56.86,23.49,33.98,5.32,3.74,1.41,9.72,34.59,83.85,4.18
2022-03-30,Bangalore,49.85,27.05,40.29,2.75,2.98,2.1,0.23,34.21,82.78,6.59
2022-03-31,Bangalore,71.59,20.07,49.13,8.36,4.35,5.26,10.18,32.57,74.05,10.9
2022-04-01,Bangalore,71.28,33.0,38.71,6.91,6.47,4.16,7.06,31.69,80.12,9.39
2022-04-02,Bangalore,74.53,27.38,46.81,12.26,8.25,3.31,4.39,34.8,88.44,2.71
2022-04-03,Bangalore,45.03,6.45,26.15,5.62,3.19,2.01,9.43,34.87,84.09,0.57
2022-04-04,Bangalore,61.8,22.07,30.56,2.42,5.15,2.99,5.55,34.61,80.49,11.04
2022-04-05,Bangalore,72.99,32.41,46.42,17.87,4.42,2.29,13.46,40.58,76.78,12.13
2022-04-06,Bangalore,79.23,29.02,52.22,13.81,5.08,5.81,17.35,31.9,80.94,10.74
2022-04-07,Bangalore,34.16,4.25,20.7,0.16,4.07,1.79,2.6,30.25,76.91,9.56
2022-04-08,Bangalore,56.85,22.54,43.65,11.91,6.72,2.3,8.0,32.04,73.57,11.55
2022-04-09,Bangalore,54.19,15.74,22.16,8.44,3.79,2.53,15.72,31.93,82.3,8.26
2022-04-10,Bangalore,81.03,37.46,42.33,11.48,6.71,2.62,2.5,34.82,86.46,6.94
2022-04-11,Bangalore,24.18,8.6,23.72,3.18,3.49,3.88,0.59,34.33,81.7,12.47
2022-04-12,Bangalore,41.78,16.14,30.9,7.31,3.2,1.67,2.58,44.03,71.95,3.66
2022-04-13,Bangalore,79.17,32.89,49.13,13.16,4.58,2.93,8.36,37.52,74.5,8.45
2022-04-14,Bangalore,50.83,17.77,18.3,3.78,5.89,1.94,11.08,34.65,72.68,9.43
2022-04-15,Bangalore,38.57,11.42,20.13,9.18,0.51,1.48,0.29,31.15,77.08,5.43
2022-04-16,Bangalore,81.0,31.03,53.71,9.9,3.54,4.69,6.69,40.16,77.31,7.59
2022-04-17,Bangalore,37.09,3.32,12.96,0.0,3.56,1.77,6.97,37.06,84.08,7.32
2022-04-18,Bangalore,74.15,30.09,49.12,8.74,4.06,5.25,1.67,36.09,80.88,4.63
2022-04-19,Bangalore,35.69,10.94,18.56,6.0,3.56,1.75,5.04,36.52,82.14,12.6
2022-04-20,Bangalore,37.74,20.31,22.79,7.58,3.87,2.05,1.05,34.97,68.64,11.22
2022-04-21,Bangalore,62.68,26.83,36.34,8.14,6.32,4.97,9.02,40.13,82.78,5.58
2022-04-22,Bangalore,47.27,21.35,31.48,4.67,2.97,1.94,6.07,33.53,80.08,9.29
2022-04-23,Bangalore,64.41,32.1,43.04,7.56,9.37,2.52,6.18,36.1,93.09,9.2
2022-04-24,Bangalore,87.7,31.87,39.5,8.04,7.04,4.93,4.84,34.91,71.92,5.23
2022-04-25,Bangalore,58.7,26.64,29.24,12.73,3.53,4.04,16.1,31.94,90.68,8.04
2022-04-26,Bangalore,85.81,31.16,49.12,11.66,9.67,5.61,15.52,30.21,79.16,3.35
2022-04-27,Bangalore,66.64,31.71,36.11,11.5,4.33,1.58,11.54,36.92,78.76,1.67
2022-04-28,Bangalore,76.51,34.35,40.0,13.03,5.14,3.44,11.17,31.5,77.08,9.53
2022-04-29,Bangalore,27.28,21.74,15.77,6.61,0.0,3.06,0.04,33.48,80.32,5.66
2022-04-30,Bangalore,72.54,34.42,38.23,13.37,7.94,4.21,11.54,41.39,79.68,8.33
2022-05-01,Bangalore,70.68,29.95,52.58,17.59,5.32,2.62,13.13,29.63,78.72,8.91
2022-05-02,Bangalore,58.48,22.86,34.7,3.81,2.94,3.86,0.0,33.37,75.7,2.02
2022-05-03,Bangalore,92.78,45.57,47.42,15.56,6.48,3.79,10.19,32.47,76.15,5.64
2022-05-04,Bangalore,57.42,17.9,42.49,8.63,4.47,1.98,13.19,33.19,67.43,8.83
2022-05-05,Bangalore,41.17,12.65,31.99,9.29,5.14,1.6,4.49,34.11,81.18,4.89
2022-05-06,Bangalore,77.53,31.48,61.46,10.02,6.15,6.49,8.34,28.65,76.24,13.02
2022-05-07,Bangalore,44.96,23.27,19.14,7.99,3.24,3.06,2.93,34.65,85.88,0.16
2022-05-08,Bangalore,67.98,30.16,51.34,5.53,4.0,3.01,5.23,30.65,74.26,10.56
2022-05-09,Bangalore,87.47,42.43,62.9,16.1,10.66,6.4,11.16,37.25,78.04,7.35
2022-05-10,Bangalore,75.39,29.91,53.34,15.71,7.19,3.37,7.09,27.3,77.52,8.88
2022-05-11,Bangalore,64.76,20.68,42.64,11.08,2.21,2.92,13.41,30.85,75.59,8.48
2022-05-12,Bangalore,63.78,25.38,43.78,12.37,7.63,2.88,9.75,35.16,74.69,5.84
2022-05-13,Bangalore,88.61,36.16,48.32,11.18,7.53,4.24,11.33,27.87,74.18,1.22
2022-05-14,Bangalore,51.92,15.54,30.44,11.43,5.23,2.69,4.72,31.66,81.35,4.68
2022-05-15,Bangalore,82.45,29.35,58.0,11.34,10.47,4.81,14.51,27.42,79.89,5.45
2022-05-16,Bangalore,104.34,45.31,59.69,16.32,6.13,3.5,13.12,31.3,69.88,2.95
2022-05-17,Bangalore,80.21,18.71,52.32,11.27,5.21,4.22,13.68,32.86,71.9,14.4
2022-05-18,Bangalore,69.13,24.47,30.2,10.67,5.02,4.4,6.19,31.44,69.54,10.42
2022-05-19,Bangalore,70.94,29.09,40.36,10.19,5.63,2.11,13.16,35.12,73.82,7.8
2022-05-20,Bangalore,66.79,21.73,53.89,14.48,6.13,4.16,12.94,34.76,69.08,7.07
2022-05-21,Bangalore,64.9,28.3,40.56,11.99,6.48,3.49,0.0,35.07,77.3,14.21
2022-05-22,Bangalore,77.1,28.45,31.52,11.02,7.08,3.41,14.74,29.44,72.34,7.26
2022-05-23,Bangalore,86.21,48.36,44.48,14.68,4.49,4.65,6.53,34.59,77.12,8.81
2022-05-24,Bangalore,100.88,33.39,60.1,14.22,9.73,4.14,16.73,34.06,65.43,7.34
2022-05-25,Bangalore,48.07,18.97,36.89,5.15,4.26,3.5,6.77,25.44,69.56,10.71
2022-05-26,Bangalore,41.55,20.51,6.93,6.83,5.22,2.62,7.6,37.06,71.54,8.91
2022-05-27,Bangalore,103.3,36.62,56.9,14.5,9.96,4.42,17.33,27.46,74.67,9.66
2022-05-28,Bangalore,80.44,33.46,56.14,9.84,5.5,3.06,9.69,30.24,75.47,9.16
2022-05-29,Bangalore,81.96,36.23,47.6,13.51,10.18,2.75,2.48,32.36,66.66,3.85
2022-05-30,Bangalore,88.58,38.1,45.11,17.9,7.4,4.23,7.34,30.95,62.66,0.6
2022-05-31,Bangalore,79.01,23.83,56.51,9.08,3.45,3.86,18.38,33.44,66.32,5.54
2022-06-01,Bangalore,112.21,40.9,60.04,18.46,8.3,4.5,8.12,36.92,73.72,5.43
2022-06-02,Bangalore,90.72,42.35,45.22,13.2,6.76,4.72,7.12,30.25,60.98,6.87
2022-06-03,Bangalore,77.41,37.64,54.65,9.52,3.14,1.69,11.76,30.55,71.35,13.07
2022-06-04,Bangalore,79.53,32.58,49.54,7.74,9.61,3.81,6.28,30.18,79.12,14.41
2022-06-05,Bangalore,83.54,28.56,59.53,13.54,8.66,4.45,12.48,33.37,60.06,9.08
2022-06-06,Bangalore,74.83,24.09,41.19,11.23,3.97,3.16,3.38,27.47,71.06,10.6
2022-06-07,Bangalore,112.63,41.21,78.2,18.63,11.88,3.86,14.76,30.93,59.59,15.24
2022-06-08,Bangalore,89.96,32.8,58.33,16.27,7.4,5.88,18.78,25.61,68.45,10.75
2022-06-09,Bangalore,71.36,20.38,51.33,15.82,8.28,4.01,14.72,29.85,60.96,6.43
2022-06-10,Bangalore,95.81,37.05,56.98,14.09,6.99,5.01,17.51,29.26,70.38,1.42
2022-06-11,Bangalore,112.15,45.49,75.98,20.56,11.26,5.91,15.11,26.44,71.14,6.0
2022-06-12,Bangalore,107.3,46.33,64.71,16.14,10.59,5.93,14.01,26.8,74.6,9.0
2022-06-13,Bangalore,80.83,36.07,49.14,10.04,7.18,3.45,11.45,18.34,64.26,7.96
2022-06-14,Bangalore,76.43,25.8,48.77,10.2,6.1,3.27,13.06,29.61,67.42,8.19
2022-06-15,Bangalore,115.32,58.78,67.93,15.21,6.88,6.67,20.36,25.26,64.18,6.92
2022-06-16,Bangalore,70.39,27.54,28.09,12.98,8.01,1.62,15.48,32.49,49.92,1.48
2022-06-17,Bangalore,101.17,39.8,71.23,16.05,8.14,5.63,8.91,31.3,64.42,3.1
2022-06-18,Bangalore,87.94,31.2,55.71,12.32,6.25,4.6,11.99,23.61,70.72,7.61
2022-06-19,Bangalore,117.03,48.91,71.0,16.32,11.19,5.93,14.34,19.67,68.37,7.49
2022-06-20,Bangalore,82.37,36.72,62.58,14.82,6.7,3.83,19.99,28.42,64.98,7.45
2022-06-21,Bangalore,87.1,30.36,36.66,17.63,5.41,4.16,10.03,31.1,59.76,8.77
2022-06-22,Bangalore,109.18,46.23,54.43,11.94,7.3,5.7,13.57,26.27,66.52,5.43
2022-06-23,Bangalore,112.72,44.24,66.73,14.42,13.62,3.48,18.49,28.86,66.96,8.29
2022-06-24,Bangalore,122.06,55.49,69.65,19.49,9.91,5.87,15.13,23.44,59.25,12.74
2022-06-25,Bangalore,109.63,58.26,69.94,18.95,9.27,5.94,15.33,29.22,69.92,5.35
2022-06-26,Bangalore,108.66,57.6,66.3,16.71,7.87,5.02,15.5,27.86,64.72,6.64
2022-06-27,Bangalore,120.03,34.51,57.65,18.04,10.27,5.58,11.63,26.66,61.01,6.57
2022-06-28,Bangalore,84.61,25.77,44.01,15.49,4.84,4.89,15.7,23.23,58.98,10.96
2022-06-29,Bangalore,92.85,43.31,50.55,9.06,9.94,5.23,12.75,28.18,54.93,9.17
2022-06-30,Bangalore,87.63,33.62,57.4,15.54,8.96,4.98,11.52,26.11,62.35,6.13
2022-07-01,Bangalore,67.52,25.16,43.73,12.08,4.1,2.3,1.4,21.3,57.47,6.66
2022-07-02,Bangalore,121.32,47.11,63.15,12.76,9.96,6.19,17.04,27.36,61.79,8.34
2022-07-03,Bangalore,131.02,56.79,90.0,17.62,12.02,5.93,16.6,27.95,58.12,5.14
2022-07-04,Bangalore,118.79,45.22,63.65,14.6,11.92,6.47,11.38,21.62,54.56,5.84
2022-07-05,Bangalore,117.03,52.58,69.34,23.95,9.28,5.28,17.75,19.39,59.74,4.36
2022-07-06,Bangalore,113.48,34.48,67.15,19.53,9.51,5.77,3.22,23.76,57.73,9.86
2022-07-07,Bangalore,113.91,40.27,74.99,15.56,8.51,6.22,8.91,26.53,51.34,9.97
2022-07-08,Bangalore,139.39,54.58,82.4,11.71,9.97,6.76,22.92,23.78,54.5,10.5
2022-07-09,Bangalore,138.08,52.7,91.1,21.5,9.25,7.84,18.97,26.4,56.51,9.8
2022-07-10,Bangalore,106.93,52.38,65.53,14.84,11.64,6.01,11.03,28.75,51.07,9.59
2022-07-11,Bangalore,133.21,59.02,88.5,17.28,8.18,6.89,18.8,20.14,58.25,3.63
2022-07-12,Bangalore,135.89,59.66,76.96,19.89,12.6,7.57,18.2,26.29,58.45,12.34
2022-07-13,Bangalore,128.07,42.67,76.37,18.9,9.81,6.9,16.22,25.51,50.15,14.88
2022-07-14,Bangalore,124.99,48.04,77.29,18.13,10.16,5.71,15.82,24.61,43.72,7.01
2022-07-15,Bangalore,125.33,48.3,93.77,21.38,13.03,6.82,15.37,23.79,61.01,13.25
2022-07-16,Bangalore,98.66,40.97,54.21,17.57,6.19,5.32,14.56,22.21,50.54,6.64
2022-07-17,Bangalore,98.18,37.69,50.48,13.57,4.95,5.5,13.12,23.16,52.8,7.24
2022-07-18,Bangalore,134.34,49.59,84.65,16.08,10.91,6.08,23.15,23.78,54.39,4.68
2022-07-19,Bangalore,106.93,35.95,68.12,21.44,9.37,5.52,13.59,22.34,55.08,5.94
2022-07-20,Bangalore,103.44,36.51,62.94,20.0,9.83,3.94,11.39,24.06,61.32,13.37
2022-07-21,Bangalore,93.98,36.54,62.98,14.84,7.28,4.76,11.58,25.23,46.39,9.4
2022-07-22,Bangalore,118.81,55.22,82.74,19.53,7.99,6.72,19.56,20.0,54.88,7.38
2022-07-23,Bangalore,132.38,49.88,76.91,20.24,8.75,5.54,12.33,22.37,45.44,1.35
2022-07-24,Bangalore,134.41,60.63,72.54,19.58,12.6,5.28,10.37,19.33,57.25,7.94
2022-07-25,Bangalore,141.16,56.42,82.33,22.86,14.16,10.04,16.35,25.64,57.12,8.8
2022-07-26,Bangalore,123.34,38.28,70.98,17.49,10.58,5.97,12.55,27.0,58.35,1.93
2022-07-27,Bangalore,131.62,51.24,84.02,23.74,9.69,6.37,16.17,22.74,43.82,1.95
2022-07-28,Bangalore,143.49,63.67,78.18,27.89,9.75,6.99,18.69,14.2,65.51,6.82
2022-07-29,Bangalore,138.56,51.23,73.8,21.87,11.67,5.8,11.14,23.61,47.6,2.84
2022-07-30,Bangalore,123.6,48.7,70.95,24.39,8.84,5.87,15.71,18.58,52.78,4.95
2022-07-31,Bangalore,137.65,53.86,85.84,24.06,9.84,6.28,22.68,18.48,49.99,13.14
2022-08-01,Bangalore,104.16,42.0,60.51,15.1,6.85,5.66,8.8,22.32,50.05,8.71
2022-08-02,Bangalore,134.68,62.52,69.22,20.28,12.05,6.12,19.97,18.21,51.14,7.63
2022-08-03,Bangalore,126.16,51.27,76.29,18.83,9.15,5.64,16.4,19.85,45.92,9.03
2022-08-04,Bangalore,158.96,61.27,107.82,31.31,15.49,9.28,22.33,18.92,39.6,4.92
2022-08-05,Bangalore,122.26,45.52,83.02,19.11,8.46,4.27,23.94,21.0,53.35,6.39
2022-08-06,Bangalore,139.4,55.07,80.89,21.1,14.84,5.77,16.56,20.34,47.94,10.99
2022-08-07,Bangalore,131.94,44.1,94.23,15.68,8.29,6.15,13.24,20.4,49.79,8.34
2022-08-08,Bangalore,130.71,45.19,77.31,19.67,12.92,6.73,17.22,24.87,42.17,6.84
2022-08-09,Bangalore,145.44,52.5,100.12,26.84,14.69,7.82,18.98,17.47,51.54,4.16
2022-08-10,Bangalore,134.21,47.26,77.16,25.79,9.71,6.33,17.26,21.41,53.68,4.64
2022-08-11,Bangalore,168.94,67.09,103.16,26.32,15.25,9.27,20.38,22.04,52.0,10.67
2022-08-12,Bangalore,112.22,42.24,73.03,20.44,7.95,5.74,19.73,19.64,46.46,12.38
2022-08-13,Bangalore,151.97,58.44,77.61,20.46,14.43,8.12,18.51,21.5,47.47,7.33
2022-08-14,Bangalore,141.89,60.93,82.08,22.75,9.76,6.04,13.56,18.11,43.14,6.14
2022-08-15,Bangalore,143.05,56.45,85.25,16.8,6.4,7.55,17.72,13.96,48.32,9.3
2022-08-16,Bangalore,148.97,58.08,105.06,26.15,11.12,7.07,12.04,21.62,47.12,10.47
2022-08-17,Bangalore,160.03,53.34,102.24,22.48,13.97,8.52,19.12,15.73,47.64,5.49
2022-08-18,Bangalore,149.65,65.11,84.02,22.52,10.48,7.64,13.83,15.28,56.88,10.53
2022-08-19,Bangalore,161.3,66.37,100.89,25.11,12.73,8.82,16.05,22.37,45.78,10.41
2022-08-20,Bangalore,147.57,66.89,92.47,19.7,14.24,9.07,9.92,17.17,46.4,7.21
2022-08-21,Bangalore,131.94,46.55,72.1,14.24,12.47,7.97,21.27,17.27,46.08,11.21
2022-08-22,Bangalore,146.69,57.51,80.42,20.29,12.09,6.62,19.5,13.19,43.29,9.22
2022-08-23,Bangalore,165.88,67.01,93.64,27.09,13.8,6.2,21.73,15.88,41.66,5.51
2022-08-24,Bangalore,142.97,52.17,87.43,23.08,11.74,8.1,19.48,11.02,39.49,11.57
2022-08-25,Bangalore,133.42,47.02,58.17,25.51,11.27,5.99,12.62,18.82,46.26,8.98
2022-08-26,Bangalore,159.48,62.85,85.44,23.81,14.89,7.43,21.54,15.62,47.68,5.06
2022-08-27,Bangalore,155.75,62.37,97.1,21.34,13.18,7.76,18.51,14.7,48.46,5.16
2022-08-28,Bangalore,139.63,57.25,76.99,20.75,12.46,6.69,4.45,12.61,32.49,8.2
2022-08-29,Bangalore,148.19,59.25,86.11,20.35,12.3,5.96,21.61,16.77,38.37,6.74
2022-08-30,Bangalore,149.43,59.12,78.61,24.43,13.89,7.59,21.69,24.41,33.52,8.16
2022-08-31,Bangalore,152.71,54.37,104.11,23.65,10.82,7.38,23.67,17.73,45.63,12.46
2022-09-01,Bangalore,162.76,69.88,106.65,24.04,8.51,8.24,16.87,18.65,33.71,10.48
2022-09-02,Bangalore,147.42,59.91,91.28,23.97,11.74,7.04,22.23,17.98,45.84,7.75
2022-09-03,Bangalore,164.4,66.31,98.53,19.43,10.39,8.1,12.22,15.79,37.77,7.77
2022-09-04,Bangalore,146.33,59.38,72.93,22.92,10.81,4.99,15.72,17.18,40.05,6.6
2022-09-05,Bangalore,179.72,72.66,104.0,26.16,11.72,8.47,29.1,16.5,43.28,6.07
2022-09-06,Bangalore,180.43,70.2,106.43,29.69,16.83,8.57,21.56,15.19,45.6,9.41
2022-09-07,Bangalore,142.63,56.6,93.66,22.95,9.87,7.14,16.41,12.86,40.52,11.42
2022-09-08,Bangalore,137.45,60.46,89.78,22.96,11.41,6.27,18.75,10.82,38.15,11.31
2022-09-09,Bangalore,170.85,65.88,107.63,24.54,14.77,7.0,25.59,12.34,34.58,11.65
2022-09-10,Bangalore,160.37,64.13,93.77,28.76,14.29,7.57,18.71,18.85,36.44,12.33
2022-09-11,Bangalore,165.09,63.82,92.08,28.02,14.68,6.48,19.38,12.26,45.14,13.16
2022-09-12,Bangalore,147.3,61.61,82.3,24.76,11.68,7.29,15.73,15.83,40.68,0.79
2022-09-13,Bangalore,155.42,62.3,92.15,24.35,8.42,8.28,18.76,16.95,32.78,4.3
2022-09-14,Bangalore,152.5,51.63,92.67,21.84,11.91,6.23,13.46,7.92,34.1,6.05
2022-09-15,Bangalore,162.5,62.01,96.96,26.66,11.62,8.61,22.61,18.82,43.18,8.22
2022-09-16,Bangalore,139.49,50.4,85.87,19.79,13.91,7.07,16.1,19.57,38.23,7.99
2022-09-17,Bangalore,156.92,72.81,96.28,26.91,15.56,7.29,22.47,14.28,50.76,12.33
2022-09-18,Bangalore,139.78,59.63,92.23,18.88,14.62,6.08,18.4,13.1,44.78,13.24
2022-09-19,Bangalore,151.09,62.69,93.17,22.32,12.29,7.22,24.66,17.59,38.67,8.18
2022-09-20,Bangalore,157.55,77.6,96.7,27.99,11.45,8.35,16.41,13.56,44.31,5.31
2022-09-21,Bangalore,166.79,60.76,105.56,23.55,12.78,6.54,14.94,15.8,39.11,10.73
2022-09-22,Bangalore,168.19,62.78,99.58,25.37,13.05,9.01,15.84,16.65,45.92,5.53
2022-09-23,Bangalore,170.89,70.36,105.39,27.4,13.67,9.96,28.95,16.96,41.75,8.04
2022-09-24,Bangalore,137.36,48.38,71.0,17.14,11.52,6.68,22.59,7.55,40.34,9.3
2022-09-25,Bangalore,178.68,75.96,108.35,27.9,14.65,9.37,21.36,21.4,42.99,8.59
2022-09-26,Bangalore,150.14,56.37,87.35,27.05,7.04,7.56,17.92,16.53,41.39,12.55
